2026-04-22 14:48:40 | INFO | babydoc.app | Momify API starting up...
2026-04-22 14:48:40 | INFO | babydoc.app | Loaded 493 Q&A pairs from data\ALLQA_cleaned.json
2026-04-22 15:33:13 | INFO | babydoc.app | Momify API shutting down.
2026-04-22 15:33:29 | INFO | babydoc.app | Momify API starting up...
2026-04-22 15:33:29 | INFO | babydoc.app | Loaded 493 Q&A pairs from data\ALLQA_cleaned.json
2026-04-22 15:35:57 | INFO | babydoc.app | Momify API shutting down.
2026-04-22 15:35:58 | INFO | babydoc.app | Momify API starting up...
2026-04-22 15:35:58 | INFO | babydoc.app | Loaded 493 Q&A pairs from data\ALLQA_cleaned.json
2026-04-22 15:36:17 | INFO | babydoc.app | Momify API shutting down.
2026-04-22 15:59:29 | INFO | babydoc.app | Momify API starting up...
2026-04-22 15:59:29 | INFO | babydoc.app | Loaded 493 Q&A pairs from data\ALLQA_cleaned.json
2026-04-22 16:02:19 | INFO | babydoc.app | Momify API shutting down.
2026-04-22 16:02:25 | INFO | babydoc.app | Momify API starting up...
2026-04-22 16:02:25 | INFO | babydoc.app | Loaded 493 Q&A pairs from data\ALLQA_cleaned.json
2026-04-22 16:03:10 | INFO | babydoc.app | Momify API shutting down.
2026-04-22 16:03:13 | INFO | babydoc.app | Momify API starting up...
2026-04-22 16:03:13 | INFO | babydoc.app | Loaded 493 Q&A pairs from data\ALLQA_cleaned.json
2026-04-22 16:03:13 | INFO | babydoc.app | Momify API shutting down.
2026-04-22 16:03:14 | INFO | babydoc.app | Momify API starting up...
2026-04-22 16:03:14 | INFO | babydoc.app | Loaded 493 Q&A pairs from data\ALLQA_cleaned.json
2026-04-22 16:03:45 | INFO | babydoc.app | Momify API shutting down.
2026-04-22 16:03:46 | INFO | babydoc.app | Momify API starting up...
2026-04-22 16:03:46 | INFO | babydoc.app | Loaded 493 Q&A pairs from data\ALLQA_cleaned.json
2026-04-22 16:04:52 | INFO | babydoc.app | Incoming query: 'hi'
2026-04-22 16:04:52 | DEBUG | babydoc.app | Retrieval score: 0.111 | top results: 5
2026-04-22 16:04:52 | INFO | babydoc.app | Mode: weak | Score: 0.111
2026-04-22 16:04:53 | INFO | babydoc.app | Response time: 872ms
2026-04-22 16:05:10 | INFO | babydoc.app | Incoming query: 'my baby have fever since morning'
2026-04-22 16:05:10 | DEBUG | babydoc.app | Retrieval score: 0.200 | top results: 5
2026-04-22 16:05:10 | INFO | babydoc.app | Mode: data | Score: 0.200
2026-04-22 16:05:11 | INFO | babydoc.app | Response time: 620ms
2026-04-22 16:05:27 | INFO | babydoc.app | Incoming query: '4 months'
2026-04-22 16:05:27 | DEBUG | babydoc.app | Retrieval score: 0.125 | top results: 5
2026-04-22 16:05:27 | INFO | babydoc.app | Mode: weak | Score: 0.125
2026-04-22 16:05:28 | INFO | babydoc.app | Response time: 724ms
    2026-04-22 16:16:08 | INFO | babydoc.app | Incoming query: 'hi'
2026-04-22 16:16:08 | DEBUG | babydoc.app | Retrieval score: 0.111 | top results: 5
2026-04-22 16:16:08 | INFO | babydoc.app | Mode: weak | Score: 0.111
2026-04-22 16:16:09 | INFO | babydoc.app | Response time: 492ms
2026-04-22 16:16:23 | INFO | babydoc.app | Incoming query: 'suggest me a good diet for my 1 year old baby'
2026-04-22 16:16:23 | DEBUG | babydoc.app | Retrieval score: 0.250 | top results: 5
2026-04-22 16:16:23 | INFO | babydoc.app | Mode: data | Score: 0.250
2026-04-22 16:16:23 | INFO | babydoc.app | Response time: 667ms
2026-04-22 16:16:55 | INFO | babydoc.app | Incoming query: 'ye batao kya usey me chocolate khila sakta hoon?'
2026-04-22 16:16:55 | DEBUG | babydoc.app | Retrieval score: 0.182 | top results: 5
2026-04-22 16:16:55 | INFO | babydoc.app | Mode: data | Score: 0.182
2026-04-22 16:16:56 | INFO | babydoc.app | Response time: 721ms
2026-04-22 23:58:43 | INFO | babydoc.app | Incoming query: 'how long breast milk can be stored'
2026-04-22 23:58:43 | DEBUG | babydoc.app | Retrieval score: 0.500 | top results: 5
2026-04-22 23:58:43 | INFO | babydoc.app | Mode: data | Score: 0.500
2026-04-22 23:58:44 | INFO | babydoc.app | Response time: 612ms
2026-04-22 23:58:48 | INFO | babydoc.app | Incoming query: 'my milk supply is low how to increase'
2026-04-22 23:58:48 | DEBUG | babydoc.app | Retrieval score: 0.800 | top results: 5
2026-04-22 23:58:48 | INFO | babydoc.app | Mode: data | Score: 0.800
2026-04-22 23:58:48 | INFO | babydoc.app | Response time: 441ms
2026-04-22 23:58:51 | INFO | babydoc.app | Incoming query: 'my baby is not latching what can I do'
2026-04-22 23:58:51 | DEBUG | babydoc.app | Retrieval score: 0.353 | top results: 5
2026-04-22 23:58:51 | INFO | babydoc.app | Mode: data | Score: 0.353
2026-04-22 23:58:52 | INFO | babydoc.app | Response time: 839ms
2026-04-22 23:58:55 | INFO | babydoc.app | Incoming query: 'I have breastfeeding problem my nipples got cracked and it hurts'
2026-04-22 23:58:55 | DEBUG | babydoc.app | Retrieval score: 0.500 | top results: 5
2026-04-22 23:58:55 | INFO | babydoc.app | Mode: data | Score: 0.500
2026-04-22 23:58:56 | INFO | babydoc.app | Response time: 680ms
2026-04-22 23:58:59 | INFO | babydoc.app | Incoming query: 'how to clear blocked milk ducts'
2026-04-22 23:58:59 | DEBUG | babydoc.app | Retrieval score: 0.250 | top results: 5
2026-04-22 23:58:59 | INFO | babydoc.app | Mode: data | Score: 0.250
2026-04-22 23:58:59 | INFO | babydoc.app | Response time: 292ms
2026-04-22 23:59:02 | INFO | babydoc.app | Incoming query: 'baby has fever what to give'
2026-04-22 23:59:02 | DEBUG | babydoc.app | Retrieval score: 0.444 | top results: 5
2026-04-22 23:59:02 | INFO | babydoc.app | Mode: data | Score: 0.444
2026-04-22 23:59:03 | INFO | babydoc.app | Response time: 457ms
2026-04-22 23:59:06 | INFO | babydoc.app | Incoming query: 'my baby is constipated what to do'
2026-04-22 23:59:06 | DEBUG | babydoc.app | Retrieval score: 0.333 | top results: 5
2026-04-22 23:59:06 | INFO | babydoc.app | Mode: data | Score: 0.333
2026-04-22 23:59:06 | INFO | babydoc.app | Response time: 366ms
2026-04-22 23:59:10 | INFO | babydoc.app | Incoming query: 'my baby has loose motions what to do'
2026-04-22 23:59:10 | DEBUG | babydoc.app | Retrieval score: 0.250 | top results: 5
2026-04-22 23:59:10 | INFO | babydoc.app | Mode: data | Score: 0.250
2026-04-22 23:59:10 | INFO | babydoc.app | Response time: 593ms
2026-04-22 23:59:14 | INFO | babydoc.app | Incoming query: 'when can I start solids for my baby'
2026-04-22 23:59:14 | DEBUG | babydoc.app | Retrieval score: 0.308 | top results: 5
2026-04-22 23:59:14 | INFO | babydoc.app | Mode: data | Score: 0.308
2026-04-22 23:59:14 | INFO | babydoc.app | Response time: 441ms
2026-04-22 23:59:17 | INFO | babydoc.app | Incoming query: 'how many eggs should a breastfeeding mother eat'
2026-04-22 23:59:17 | DEBUG | babydoc.app | Retrieval score: 0.462 | top results: 5
2026-04-22 23:59:17 | INFO | babydoc.app | Mode: data | Score: 0.462
2026-04-22 23:59:18 | INFO | babydoc.app | Response time: 410ms
2026-04-22 23:59:21 | INFO | babydoc.app | Incoming query: 'diaper rash treatment'
2026-04-22 23:59:21 | DEBUG | babydoc.app | Retrieval score: 0.143 | top results: 5
2026-04-22 23:59:21 | INFO | babydoc.app | Mode: weak | Score: 0.143
2026-04-22 23:59:21 | INFO | babydoc.app | Response time: 428ms
2026-04-22 23:59:24 | INFO | babydoc.app | Incoming query: 'when does teething start in babies'
2026-04-22 23:59:24 | DEBUG | babydoc.app | Retrieval score: 0.200 | top results: 5
2026-04-22 23:59:24 | INFO | babydoc.app | Mode: data | Score: 0.200
2026-04-22 23:59:24 | INFO | babydoc.app | Response time: 408ms
2026-04-22 23:59:27 | INFO | babydoc.app | Incoming query: 'postpartum depression mein kya karna chahiye'
2026-04-22 23:59:27 | DEBUG | babydoc.app | Retrieval score: 0.111 | top results: 5
2026-04-22 23:59:27 | INFO | babydoc.app | Mode: weak | Score: 0.111
2026-04-22 23:59:28 | INFO | babydoc.app | Response time: 696ms
2026-04-22 23:59:31 | INFO | babydoc.app | Incoming query: 'baby bottle accept nahi kar raha kya karein'
2026-04-22 23:59:31 | DEBUG | babydoc.app | Retrieval score: 0.125 | top results: 5
2026-04-22 23:59:31 | INFO | babydoc.app | Mode: weak | Score: 0.125
2026-04-22 23:59:32 | INFO | babydoc.app | Response time: 1004ms
2026-04-22 23:59:36 | INFO | babydoc.app | Incoming query: 'when should I introduce cow milk'
2026-04-22 23:59:36 | DEBUG | babydoc.app | Retrieval score: 0.214 | top results: 5
2026-04-22 23:59:36 | INFO | babydoc.app | Mode: data | Score: 0.214
2026-04-22 23:59:36 | INFO | babydoc.app | Response time: 414ms
2026-04-22 23:59:39 | INFO | babydoc.app | Incoming query: 'what supplements should breastfeeding mother take after c section'
2026-04-22 23:59:39 | DEBUG | babydoc.app | Retrieval score: 0.250 | top results: 5
2026-04-22 23:59:39 | INFO | babydoc.app | Mode: data | Score: 0.250
2026-04-22 23:59:39 | INFO | babydoc.app | Response time: 314ms
2026-04-22 23:59:42 | INFO | babydoc.app | Incoming query: 'can I give dry fruits to 8 month old baby'
2026-04-22 23:59:42 | DEBUG | babydoc.app | Retrieval score: 0.429 | top results: 5
2026-04-22 23:59:43 | INFO | babydoc.app | Mode: data | Score: 0.429
2026-04-22 23:59:43 | INFO | babydoc.app | Response time: 395ms
2026-04-22 23:59:46 | INFO | babydoc.app | Incoming query: 'breastfeeding se weight loss hoti hai kya'
2026-04-22 23:59:46 | DEBUG | babydoc.app | Retrieval score: 0.167 | top results: 5
2026-04-22 23:59:46 | INFO | babydoc.app | Mode: data | Score: 0.167
2026-04-22 23:59:46 | INFO | babydoc.app | Response time: 508ms
2026-04-22 23:59:50 | INFO | babydoc.app | Incoming query: 'baby ki dry skin pe kya lagayein'
2026-04-22 23:59:50 | DEBUG | babydoc.app | Retrieval score: 0.188 | top results: 5
2026-04-22 23:59:50 | INFO | babydoc.app | Mode: data | Score: 0.188
2026-04-22 23:59:50 | INFO | babydoc.app | Response time: 429ms
2026-04-22 23:59:53 | INFO | babydoc.app | Incoming query: 'nasal congestion mein kya karein'
2026-04-22 23:59:53 | DEBUG | babydoc.app | Retrieval score: 0.125 | top results: 5
2026-04-22 23:59:53 | INFO | babydoc.app | Mode: weak | Score: 0.125
2026-04-22 23:59:54 | INFO | babydoc.app | Response time: 718ms
2026-04-22 23:59:57 | INFO | babydoc.app | Incoming query: 'kitne ghante tak doodh bahar rakh sakte hain'
2026-04-22 23:59:57 | DEBUG | babydoc.app | Retrieval score: 0.333 | top results: 5
2026-04-22 23:59:57 | INFO | babydoc.app | Mode: data | Score: 0.333
2026-04-22 23:59:57 | INFO | babydoc.app | Response time: 294ms
2026-04-23 00:00:00 | INFO | babydoc.app | Incoming query: 'breast mein doodh kam aa raha hai kaise badhayein'
2026-04-23 00:00:00 | DEBUG | babydoc.app | Retrieval score: 0.077 | top results: 5
2026-04-23 00:00:00 | INFO | babydoc.app | Mode: weak | Score: 0.077
2026-04-23 00:00:01 | INFO | babydoc.app | Response time: 692ms
2026-04-23 00:00:04 | INFO | babydoc.app | Incoming query: 'my newborn refuses to latch on breast'
2026-04-23 00:00:04 | DEBUG | babydoc.app | Retrieval score: 0.182 | top results: 5
2026-04-23 00:00:04 | INFO | babydoc.app | Mode: data | Score: 0.182
2026-04-23 00:00:05 | INFO | babydoc.app | Response time: 755ms
2026-04-23 00:00:08 | INFO | babydoc.app | Incoming query: 'nipple crack ho gaya doodh pilane mein takleef ho rahi hai'
2026-04-23 00:00:08 | DEBUG | babydoc.app | Retrieval score: 0.143 | top results: 5
2026-04-23 00:00:08 | INFO | babydoc.app | Mode: weak | Score: 0.143
2026-04-23 00:00:09 | INFO | babydoc.app | Response time: 718ms
2026-04-23 00:00:12 | INFO | babydoc.app | Incoming query: 'baby ka temperature high hai kya dena chahiye'
2026-04-23 00:00:12 | DEBUG | babydoc.app | Retrieval score: 0.182 | top results: 5
2026-04-23 00:00:12 | INFO | babydoc.app | Mode: data | Score: 0.182
2026-04-23 00:00:13 | INFO | babydoc.app | Response time: 457ms
2026-04-23 00:00:16 | INFO | babydoc.app | Incoming query: 'infant is not passing stool for 3 days'
2026-04-23 00:00:16 | DEBUG | babydoc.app | Retrieval score: 0.167 | top results: 5
2026-04-23 00:00:16 | INFO | babydoc.app | Mode: data | Score: 0.167
2026-04-23 00:00:16 | INFO | babydoc.app | Response time: 440ms
2026-04-23 00:00:19 | INFO | babydoc.app | Incoming query: 'chhote bachche ko solid food kab se shuru karein'
2026-04-23 00:00:19 | DEBUG | babydoc.app | Retrieval score: 0.176 | top results: 5
2026-04-23 00:00:19 | INFO | babydoc.app | Mode: data | Score: 0.176
2026-04-23 00:00:19 | INFO | babydoc.app | Response time: 322ms
2026-04-23 00:00:22 | INFO | babydoc.app | Incoming query: 'baby ke nappy area mein lali aa gayi hai'
2026-04-23 00:00:22 | DEBUG | babydoc.app | Retrieval score: 0.167 | top results: 5
2026-04-23 00:00:22 | INFO | babydoc.app | Mode: data | Score: 0.167
2026-04-23 00:00:23 | INFO | babydoc.app | Response time: 419ms
2026-04-23 00:00:26 | INFO | babydoc.app | Incoming query: 'my baby is teething and very irritable what helps'
2026-04-23 00:00:26 | DEBUG | babydoc.app | Retrieval score: 0.238 | top results: 5
2026-04-23 00:00:26 | INFO | babydoc.app | Mode: data | Score: 0.238
2026-04-23 00:00:27 | INFO | babydoc.app | Response time: 616ms
2026-04-23 00:00:30 | INFO | babydoc.app | Incoming query: 'mujhe depression ho raha hai delivery ke baad kya karoon'
2026-04-23 00:00:30 | DEBUG | babydoc.app | Retrieval score: 0.143 | top results: 5
2026-04-23 00:00:30 | INFO | babydoc.app | Mode: weak | Score: 0.143
2026-04-23 00:00:30 | INFO | babydoc.app | Response time: 731ms
2026-04-23 00:00:35 | INFO | babydoc.app | Incoming query: 'my baby has runny nose and sneezing a lot'
2026-04-23 00:00:35 | DEBUG | babydoc.app | Retrieval score: 0.300 | top results: 5
2026-04-23 00:00:35 | INFO | babydoc.app | Mode: data | Score: 0.300
2026-04-23 00:00:36 | INFO | babydoc.app | Response time: 641ms
2026-04-23 00:00:41 | INFO | babydoc.app | Incoming query: 'gaye ka doodh bachche ko kab se de sakte hain'
2026-04-23 00:00:41 | DEBUG | babydoc.app | Retrieval score: 0.188 | top results: 5
2026-04-23 00:00:41 | INFO | babydoc.app | Mode: data | Score: 0.188
2026-04-23 00:00:42 | INFO | babydoc.app | Response time: 527ms
2026-04-23 00:00:47 | INFO | babydoc.app | Incoming query: 'after cesarean what vitamins should I take while nursing'
2026-04-23 00:00:47 | DEBUG | babydoc.app | Retrieval score: 0.214 | top results: 5
2026-04-23 00:00:47 | INFO | babydoc.app | Mode: data | Score: 0.214
2026-04-23 00:00:48 | INFO | babydoc.app | Response time: 600ms
2026-04-23 00:00:53 | INFO | babydoc.app | Incoming query: 'infant skin is very flaky and rough what to apply'
2026-04-23 00:00:53 | DEBUG | babydoc.app | Retrieval score: 0.333 | top results: 5
2026-04-23 00:00:53 | INFO | babydoc.app | Mode: data | Score: 0.333
2026-04-23 00:00:53 | INFO | babydoc.app | Response time: 551ms
2026-04-23 00:00:58 | INFO | babydoc.app | Incoming query: 'bacha feeder se doodh nahi pita kya karein'
2026-04-23 00:00:58 | DEBUG | babydoc.app | Retrieval score: 0.100 | top results: 5
2026-04-23 00:00:58 | INFO | babydoc.app | Mode: weak | Score: 0.100
2026-04-23 00:00:59 | INFO | babydoc.app | Response time: 1011ms
2026-04-23 00:01:05 | INFO | babydoc.app | Incoming query: 'can I give ragi to my 6 month old baby'
2026-04-23 00:01:05 | DEBUG | babydoc.app | Retrieval score: 0.500 | top results: 5
2026-04-23 00:01:05 | INFO | babydoc.app | Mode: data | Score: 0.500
2026-04-23 00:01:05 | INFO | babydoc.app | Response time: 575ms
2026-04-23 00:01:10 | INFO | babydoc.app | Incoming query: 'how much water should I give to a 7 month old baby'
2026-04-23 00:01:10 | DEBUG | babydoc.app | Retrieval score: 0.500 | top results: 5
2026-04-23 00:01:10 | INFO | babydoc.app | Mode: data | Score: 0.500
2026-04-23 00:01:11 | INFO | babydoc.app | Response time: 558ms
2026-04-23 00:01:16 | INFO | babydoc.app | Incoming query: 'kya breastfeeding ke dauran dental treatment safe hai'
2026-04-23 00:01:16 | DEBUG | babydoc.app | Retrieval score: 0.111 | top results: 5
2026-04-23 00:01:16 | INFO | babydoc.app | Mode: weak | Score: 0.111
2026-04-23 00:01:16 | INFO | babydoc.app | Response time: 504ms
2026-04-23 00:01:22 | INFO | babydoc.app | Incoming query: 'how to burp a baby who falls asleep while breastfeeding'
2026-04-23 00:01:22 | DEBUG | babydoc.app | Retrieval score: 0.200 | top results: 5
2026-04-23 00:01:22 | INFO | babydoc.app | Mode: data | Score: 0.200
2026-04-23 00:01:22 | INFO | babydoc.app | Response time: 707ms
2026-04-23 00:01:27 | INFO | babydoc.app | Incoming query: 'vitamin d drops kab tak dene chahiye'
2026-04-23 00:01:27 | DEBUG | babydoc.app | Retrieval score: 0.200 | top results: 5
2026-04-23 00:01:27 | INFO | babydoc.app | Mode: data | Score: 0.200
2026-04-23 00:01:28 | INFO | babydoc.app | Response time: 420ms
2026-04-23 00:01:33 | INFO | babydoc.app | Incoming query: 'can I give banana to my 7 month old'
2026-04-23 00:01:33 | DEBUG | babydoc.app | Retrieval score: 0.545 | top results: 5
2026-04-23 00:01:33 | INFO | babydoc.app | Mode: data | Score: 0.545
2026-04-23 00:01:34 | INFO | babydoc.app | Response time: 774ms
2026-04-23 00:01:38 | INFO | babydoc.app | Incoming query: 'baby ko colic hai kya karein'
2026-04-23 00:01:38 | DEBUG | babydoc.app | Retrieval score: 0.333 | top results: 5
2026-04-23 00:01:38 | INFO | babydoc.app | Mode: data | Score: 0.333
2026-04-23 00:01:39 | INFO | babydoc.app | Response time: 929ms
2026-04-23 00:01:45 | INFO | babydoc.app | Incoming query: 'normal weight gain for exclusively breastfed baby'
2026-04-23 00:01:45 | DEBUG | babydoc.app | Retrieval score: 0.182 | top results: 5
2026-04-23 00:01:45 | INFO | babydoc.app | Mode: data | Score: 0.182
2026-04-23 00:01:45 | INFO | babydoc.app | Response time: 747ms
2026-04-23 00:01:50 | INFO | babydoc.app | Incoming query: 'how to introduce eggs to 6 month old baby'
2026-04-23 00:01:50 | DEBUG | babydoc.app | Retrieval score: 0.333 | top results: 5
2026-04-23 00:01:50 | INFO | babydoc.app | Mode: data | Score: 0.333
2026-04-23 00:01:51 | INFO | babydoc.app | Response time: 599ms
2026-04-23 00:01:56 | INFO | babydoc.app | Incoming query: 'baby ko iron drops kab se start karein'
2026-04-23 00:01:56 | DEBUG | babydoc.app | Retrieval score: 0.357 | top results: 5
2026-04-23 00:01:56 | INFO | babydoc.app | Mode: data | Score: 0.357
2026-04-23 00:01:57 | INFO | babydoc.app | Response time: 584ms
2026-04-23 00:02:02 | INFO | babydoc.app | Incoming query: 'my 2 month old baby has fever of 101'
2026-04-23 00:02:02 | WARNING | babydoc.app | Safety triggered for query: 'my 2 month old baby has fever of 101'
2026-04-23 00:02:05 | INFO | babydoc.app | Incoming query: 'mere naye janam liye bachche ko bukhar hai'
2026-04-23 00:02:05 | DEBUG | babydoc.app | Retrieval score: 0.167 | top results: 5
2026-04-23 00:02:05 | INFO | babydoc.app | Mode: data | Score: 0.167
2026-04-23 00:02:06 | INFO | babydoc.app | Response time: 598ms
2026-04-23 00:02:11 | INFO | babydoc.app | Incoming query: 'stool mein blood aa raha hai baby ke'
2026-04-23 00:02:11 | DEBUG | babydoc.app | Retrieval score: 0.222 | top results: 5
2026-04-23 00:02:11 | INFO | babydoc.app | Mode: data | Score: 0.222
2026-04-23 00:02:11 | INFO | babydoc.app | Response time: 539ms
2026-04-23 00:02:17 | INFO | babydoc.app | Incoming query: 'hi'
2026-04-23 00:02:17 | DEBUG | babydoc.app | Retrieval score: 0.111 | top results: 5
2026-04-23 00:02:17 | INFO | babydoc.app | Mode: weak | Score: 0.111
2026-04-23 00:02:17 | INFO | babydoc.app | Response time: 497ms
2026-04-23 00:02:22 | INFO | babydoc.app | Incoming query: 'my baby is not breathing properly and lips are turning blue'
2026-04-23 00:02:22 | WARNING | babydoc.app | Safety triggered for query: 'my baby is not breathing properly and lips are turning blue'
2026-04-23 00:51:35 | INFO | babydoc.app | Incoming query: 'how long breast milk can be stored'
2026-04-23 00:51:35 | DEBUG | babydoc.app | Retrieval score: 0.500 | top results: 5
2026-04-23 00:51:35 | INFO | babydoc.app | Mode: data | Score: 0.500
2026-04-23 00:51:35 | INFO | babydoc.app | Response time: 492ms
2026-04-23 00:51:38 | INFO | babydoc.app | Incoming query: 'my milk supply is low how to increase'
2026-04-23 00:51:38 | DEBUG | babydoc.app | Retrieval score: 0.800 | top results: 5
2026-04-23 00:51:38 | INFO | babydoc.app | Mode: data | Score: 0.800
2026-04-23 00:51:39 | INFO | babydoc.app | Response time: 692ms
2026-04-23 00:51:47 | INFO | babydoc.app | Momify API shutting down.
2026-04-23 00:51:49 | INFO | babydoc.app | Momify API starting up...
2026-04-23 00:51:49 | INFO | babydoc.app | Loaded 493 Q&A pairs from data\ALLQA_cleaned.json
2026-04-23 00:51:53 | INFO | babydoc.app | Incoming query: 'how long breast milk can be stored'
2026-04-23 00:51:53 | DEBUG | babydoc.app | Retrieval score: 0.500 | top results: 5
2026-04-23 00:51:53 | INFO | babydoc.app | Mode: data | Score: 0.500
2026-04-23 00:51:54 | INFO | babydoc.app | Response time: 595ms
2026-04-23 00:51:57 | INFO | babydoc.app | Incoming query: 'my milk supply is low how to increase'
2026-04-23 00:51:57 | DEBUG | babydoc.app | Retrieval score: 0.800 | top results: 5
2026-04-23 00:51:57 | INFO | babydoc.app | Mode: data | Score: 0.800
2026-04-23 00:51:57 | INFO | babydoc.app | Response time: 490ms
2026-04-23 00:52:00 | INFO | babydoc.app | Incoming query: 'my baby is not latching what can I do'
2026-04-23 00:52:00 | DEBUG | babydoc.app | Retrieval score: 0.353 | top results: 5
2026-04-23 00:52:00 | INFO | babydoc.app | Mode: data | Score: 0.353
2026-04-23 00:52:01 | INFO | babydoc.app | Response time: 711ms
2026-04-23 00:52:04 | INFO | babydoc.app | Incoming query: 'I have breastfeeding problem my nipples got cracked and it hurts'
2026-04-23 00:52:04 | DEBUG | babydoc.app | Retrieval score: 0.500 | top results: 5
2026-04-23 00:52:04 | INFO | babydoc.app | Mode: data | Score: 0.500
2026-04-23 00:52:05 | INFO | babydoc.app | Response time: 487ms
2026-04-23 00:52:08 | INFO | babydoc.app | Incoming query: 'how to clear blocked milk ducts'
2026-04-23 00:52:08 | DEBUG | babydoc.app | Retrieval score: 0.250 | top results: 5
2026-04-23 00:52:08 | INFO | babydoc.app | Mode: data | Score: 0.250
2026-04-23 00:52:08 | INFO | babydoc.app | Response time: 357ms
2026-04-23 00:52:11 | INFO | babydoc.app | Incoming query: 'baby has fever what to give'
2026-04-23 00:52:11 | DEBUG | babydoc.app | Retrieval score: 0.444 | top results: 5
2026-04-23 00:52:11 | INFO | babydoc.app | Mode: data | Score: 0.444
2026-04-23 00:52:12 | INFO | babydoc.app | Response time: 655ms
2026-04-23 00:52:15 | INFO | babydoc.app | Incoming query: 'my baby is constipated what to do'
2026-04-23 00:52:15 | DEBUG | babydoc.app | Retrieval score: 0.333 | top results: 5
2026-04-23 00:52:15 | INFO | babydoc.app | Mode: data | Score: 0.333
2026-04-23 00:52:15 | INFO | babydoc.app | Response time: 408ms
2026-04-23 00:52:18 | INFO | babydoc.app | Incoming query: 'my baby has loose motions what to do'
2026-04-23 00:52:18 | DEBUG | babydoc.app | Retrieval score: 0.250 | top results: 5
2026-04-23 00:52:18 | INFO | babydoc.app | Mode: data | Score: 0.250
2026-04-23 00:52:19 | INFO | babydoc.app | Response time: 492ms
2026-04-23 00:52:22 | INFO | babydoc.app | Incoming query: 'when can I start solids for my baby'
2026-04-23 00:52:22 | DEBUG | babydoc.app | Retrieval score: 0.308 | top results: 5
2026-04-23 00:52:22 | INFO | babydoc.app | Mode: data | Score: 0.308
2026-04-23 00:52:22 | INFO | babydoc.app | Response time: 622ms
2026-04-23 00:52:26 | INFO | babydoc.app | Incoming query: 'how many eggs should a breastfeeding mother eat'
2026-04-23 00:52:26 | DEBUG | babydoc.app | Retrieval score: 0.462 | top results: 5
2026-04-23 00:52:26 | INFO | babydoc.app | Mode: data | Score: 0.462
2026-04-23 00:52:26 | INFO | babydoc.app | Response time: 445ms
2026-04-23 00:52:29 | INFO | babydoc.app | Incoming query: 'diaper rash treatment'
2026-04-23 00:52:29 | DEBUG | babydoc.app | Retrieval score: 0.143 | top results: 5
2026-04-23 00:52:29 | INFO | babydoc.app | Mode: weak | Score: 0.143
2026-04-23 00:52:30 | INFO | babydoc.app | Response time: 702ms
2026-04-23 00:52:33 | INFO | babydoc.app | Incoming query: 'when does teething start in babies'
2026-04-23 00:52:33 | DEBUG | babydoc.app | Retrieval score: 0.200 | top results: 5
2026-04-23 00:52:33 | INFO | babydoc.app | Mode: data | Score: 0.200
2026-04-23 00:52:33 | INFO | babydoc.app | Response time: 566ms
2026-04-23 00:52:36 | INFO | babydoc.app | Incoming query: 'postpartum depression mein kya karna chahiye'
2026-04-23 00:52:36 | DEBUG | babydoc.app | Retrieval score: 0.111 | top results: 5
2026-04-23 00:52:36 | INFO | babydoc.app | Mode: weak | Score: 0.111
2026-04-23 00:52:37 | INFO | babydoc.app | Response time: 537ms
2026-04-23 00:52:40 | INFO | babydoc.app | Incoming query: 'baby bottle accept nahi kar raha kya karein'
2026-04-23 00:52:40 | DEBUG | babydoc.app | Retrieval score: 0.125 | top results: 5
2026-04-23 00:52:40 | INFO | babydoc.app | Mode: weak | Score: 0.125
2026-04-23 00:52:41 | INFO | babydoc.app | Response time: 916ms
2026-04-23 00:52:44 | INFO | babydoc.app | Incoming query: 'when should I introduce cow milk'
2026-04-23 00:52:44 | DEBUG | babydoc.app | Retrieval score: 0.214 | top results: 5
2026-04-23 00:52:44 | INFO | babydoc.app | Mode: data | Score: 0.214
2026-04-23 00:52:44 | INFO | babydoc.app | Response time: 309ms
2026-04-23 00:52:47 | INFO | babydoc.app | Incoming query: 'what supplements should breastfeeding mother take after c section'
2026-04-23 00:52:47 | DEBUG | babydoc.app | Retrieval score: 0.250 | top results: 5
2026-04-23 00:52:47 | INFO | babydoc.app | Mode: data | Score: 0.250
2026-04-23 00:52:48 | INFO | babydoc.app | Response time: 425ms
2026-04-23 00:52:51 | INFO | babydoc.app | Incoming query: 'can I give dry fruits to 8 month old baby'
2026-04-23 00:52:51 | DEBUG | babydoc.app | Retrieval score: 0.429 | top results: 5
2026-04-23 00:52:51 | INFO | babydoc.app | Mode: data | Score: 0.429
2026-04-23 00:52:51 | INFO | babydoc.app | Response time: 414ms
2026-04-23 00:52:54 | INFO | babydoc.app | Incoming query: 'breastfeeding se weight loss hoti hai kya'
2026-04-23 00:52:54 | DEBUG | babydoc.app | Retrieval score: 0.167 | top results: 5
2026-04-23 00:52:54 | INFO | babydoc.app | Mode: data | Score: 0.167
2026-04-23 00:52:55 | INFO | babydoc.app | Response time: 519ms
2026-04-23 00:53:00 | INFO | babydoc.app | Incoming query: 'baby ki dry skin pe kya lagayein'
2026-04-23 00:53:00 | DEBUG | babydoc.app | Retrieval score: 0.188 | top results: 5
2026-04-23 00:53:00 | INFO | babydoc.app | Mode: data | Score: 0.188
2026-04-23 00:53:00 | INFO | babydoc.app | Response time: 547ms
2026-04-23 00:53:04 | INFO | babydoc.app | Incoming query: 'nasal congestion mein kya karein'
2026-04-23 00:53:04 | DEBUG | babydoc.app | Retrieval score: 0.125 | top results: 5
2026-04-23 00:53:04 | INFO | babydoc.app | Mode: weak | Score: 0.125
2026-04-23 00:53:04 | INFO | babydoc.app | Response time: 813ms
2026-04-23 00:53:09 | INFO | babydoc.app | Incoming query: 'kitne ghante tak doodh bahar rakh sakte hain'
2026-04-23 00:53:09 | DEBUG | babydoc.app | Retrieval score: 0.333 | top results: 5
2026-04-23 00:53:09 | INFO | babydoc.app | Mode: data | Score: 0.333
2026-04-23 00:53:10 | INFO | babydoc.app | Response time: 325ms
2026-04-23 00:53:13 | INFO | babydoc.app | Incoming query: 'breast mein doodh kam aa raha hai kaise badhayein'
2026-04-23 00:53:13 | DEBUG | babydoc.app | Retrieval score: 0.077 | top results: 5
2026-04-23 00:53:13 | INFO | babydoc.app | Mode: weak | Score: 0.077
2026-04-23 00:53:14 | INFO | babydoc.app | Response time: 898ms
2026-04-23 00:53:17 | INFO | babydoc.app | Incoming query: 'my newborn refuses to latch on breast'
2026-04-23 00:53:17 | DEBUG | babydoc.app | Retrieval score: 0.182 | top results: 5
2026-04-23 00:53:17 | INFO | babydoc.app | Mode: data | Score: 0.182
2026-04-23 00:53:17 | INFO | babydoc.app | Response time: 621ms
2026-04-23 00:53:20 | INFO | babydoc.app | Incoming query: 'nipple crack ho gaya doodh pilane mein takleef ho rahi hai'
2026-04-23 00:53:20 | DEBUG | babydoc.app | Retrieval score: 0.143 | top results: 5
2026-04-23 00:53:20 | INFO | babydoc.app | Mode: weak | Score: 0.143
2026-04-23 00:53:21 | INFO | babydoc.app | Response time: 1265ms
2026-04-23 00:53:25 | INFO | babydoc.app | Incoming query: 'baby ka temperature high hai kya dena chahiye'
2026-04-23 00:53:25 | DEBUG | babydoc.app | Retrieval score: 0.182 | top results: 5
2026-04-23 00:53:25 | INFO | babydoc.app | Mode: data | Score: 0.182
2026-04-23 00:53:25 | INFO | babydoc.app | Response time: 498ms
2026-04-23 00:53:28 | INFO | babydoc.app | Incoming query: 'infant is not passing stool for 3 days'
2026-04-23 00:53:28 | DEBUG | babydoc.app | Retrieval score: 0.167 | top results: 5
2026-04-23 00:53:28 | INFO | babydoc.app | Mode: data | Score: 0.167
2026-04-23 00:53:29 | INFO | babydoc.app | Response time: 419ms
2026-04-23 00:53:32 | INFO | babydoc.app | Incoming query: 'chhote bachche ko solid food kab se shuru karein'
2026-04-23 00:53:32 | DEBUG | babydoc.app | Retrieval score: 0.176 | top results: 5
2026-04-23 00:53:32 | INFO | babydoc.app | Mode: data | Score: 0.176
2026-04-23 00:53:32 | INFO | babydoc.app | Response time: 504ms
2026-04-23 00:53:35 | INFO | babydoc.app | Incoming query: 'baby ke nappy area mein lali aa gayi hai'
2026-04-23 00:53:35 | DEBUG | babydoc.app | Retrieval score: 0.167 | top results: 5
2026-04-23 00:53:35 | INFO | babydoc.app | Mode: data | Score: 0.167
2026-04-23 00:53:36 | INFO | babydoc.app | Response time: 422ms
2026-04-23 00:53:39 | INFO | babydoc.app | Incoming query: 'my baby is teething and very irritable what helps'
2026-04-23 00:53:39 | DEBUG | babydoc.app | Retrieval score: 0.238 | top results: 5
2026-04-23 00:53:39 | INFO | babydoc.app | Mode: data | Score: 0.238
2026-04-23 00:53:40 | INFO | babydoc.app | Response time: 586ms
2026-04-23 00:53:43 | INFO | babydoc.app | Incoming query: 'mujhe depression ho raha hai delivery ke baad kya karoon'
2026-04-23 00:53:43 | DEBUG | babydoc.app | Retrieval score: 0.143 | top results: 5
2026-04-23 00:53:43 | INFO | babydoc.app | Mode: weak | Score: 0.143
2026-04-23 00:53:44 | INFO | babydoc.app | Response time: 1539ms
2026-04-23 00:53:47 | INFO | babydoc.app | Incoming query: 'my baby has runny nose and sneezing a lot'
2026-04-23 00:53:47 | DEBUG | babydoc.app | Retrieval score: 0.300 | top results: 5
2026-04-23 00:53:47 | INFO | babydoc.app | Mode: data | Score: 0.300
2026-04-23 00:53:47 | INFO | babydoc.app | Response time: 290ms
2026-04-23 00:53:50 | INFO | babydoc.app | Incoming query: 'gaye ka doodh bachche ko kab se de sakte hain'
2026-04-23 00:53:50 | DEBUG | babydoc.app | Retrieval score: 0.188 | top results: 5
2026-04-23 00:53:50 | INFO | babydoc.app | Mode: data | Score: 0.188
2026-04-23 00:53:51 | INFO | babydoc.app | Response time: 529ms
2026-04-23 00:53:56 | INFO | babydoc.app | Incoming query: 'after cesarean what vitamins should I take while nursing'
2026-04-23 00:53:56 | DEBUG | babydoc.app | Retrieval score: 0.214 | top results: 5
2026-04-23 00:53:56 | INFO | babydoc.app | Mode: data | Score: 0.214
2026-04-23 00:53:57 | INFO | babydoc.app | Response time: 835ms
2026-04-23 00:54:02 | INFO | babydoc.app | Incoming query: 'infant skin is very flaky and rough what to apply'
2026-04-23 00:54:02 | DEBUG | babydoc.app | Retrieval score: 0.333 | top results: 5
2026-04-23 00:54:02 | INFO | babydoc.app | Mode: data | Score: 0.333
2026-04-23 00:54:02 | INFO | babydoc.app | Response time: 538ms
2026-04-23 00:54:08 | INFO | babydoc.app | Incoming query: 'bacha feeder se doodh nahi pita kya karein'
2026-04-23 00:54:08 | DEBUG | babydoc.app | Retrieval score: 0.100 | top results: 5
2026-04-23 00:54:08 | INFO | babydoc.app | Mode: weak | Score: 0.100
2026-04-23 00:54:09 | INFO | babydoc.app | Response time: 958ms
2026-04-23 00:54:14 | INFO | babydoc.app | Incoming query: 'can I give ragi to my 6 month old baby'
2026-04-23 00:54:14 | DEBUG | babydoc.app | Retrieval score: 0.500 | top results: 5
2026-04-23 00:54:14 | INFO | babydoc.app | Mode: data | Score: 0.500
2026-04-23 00:54:14 | INFO | babydoc.app | Response time: 527ms
2026-04-23 00:54:30 | INFO | babydoc.app | Incoming query: 'how much water should I give to a 7 month old baby'
2026-04-23 00:54:30 | DEBUG | babydoc.app | Retrieval score: 0.500 | top results: 5
2026-04-23 00:54:30 | INFO | babydoc.app | Mode: data | Score: 0.500
2026-04-23 00:54:30 | INFO | babydoc.app | Response time: 445ms
2026-04-23 00:54:33 | INFO | babydoc.app | Incoming query: 'kya breastfeeding ke dauran dental treatment safe hai'
2026-04-23 00:54:33 | DEBUG | babydoc.app | Retrieval score: 0.111 | top results: 5
2026-04-23 00:54:33 | INFO | babydoc.app | Mode: weak | Score: 0.111
2026-04-23 00:54:34 | INFO | babydoc.app | Response time: 596ms
2026-04-23 00:54:37 | INFO | babydoc.app | Incoming query: 'how to burp a baby who falls asleep while breastfeeding'
2026-04-23 00:54:37 | DEBUG | babydoc.app | Retrieval score: 0.200 | top results: 5
2026-04-23 00:54:37 | INFO | babydoc.app | Mode: data | Score: 0.200
2026-04-23 00:54:37 | INFO | babydoc.app | Response time: 543ms
2026-04-23 00:54:40 | INFO | babydoc.app | Incoming query: 'vitamin d drops kab tak dene chahiye'
2026-04-23 00:54:40 | DEBUG | babydoc.app | Retrieval score: 0.200 | top results: 5
2026-04-23 00:54:40 | INFO | babydoc.app | Mode: data | Score: 0.200
2026-04-23 00:54:42 | INFO | babydoc.app | Response time: 1306ms
2026-04-23 00:54:45 | INFO | babydoc.app | Incoming query: 'can I give banana to my 7 month old'
2026-04-23 00:54:45 | DEBUG | babydoc.app | Retrieval score: 0.545 | top results: 5
2026-04-23 00:54:45 | INFO | babydoc.app | Mode: data | Score: 0.545
2026-04-23 00:54:45 | INFO | babydoc.app | Response time: 417ms
2026-04-23 00:54:48 | INFO | babydoc.app | Incoming query: 'baby ko colic hai kya karein'
2026-04-23 00:54:48 | DEBUG | babydoc.app | Retrieval score: 0.333 | top results: 5
2026-04-23 00:54:48 | INFO | babydoc.app | Mode: data | Score: 0.333
2026-04-23 00:54:49 | INFO | babydoc.app | Response time: 595ms
2026-04-23 00:54:54 | INFO | babydoc.app | Incoming query: 'normal weight gain for exclusively breastfed baby'
2026-04-23 00:54:54 | DEBUG | babydoc.app | Retrieval score: 0.182 | top results: 5
2026-04-23 00:54:54 | INFO | babydoc.app | Mode: data | Score: 0.182
2026-04-23 00:54:55 | INFO | babydoc.app | Response time: 1031ms
2026-04-23 00:55:00 | INFO | babydoc.app | Incoming query: 'how to introduce eggs to 6 month old baby'
2026-04-23 00:55:00 | DEBUG | babydoc.app | Retrieval score: 0.333 | top results: 5
2026-04-23 00:55:00 | INFO | babydoc.app | Mode: data | Score: 0.333
2026-04-23 00:55:01 | INFO | babydoc.app | Response time: 1053ms
2026-04-23 00:55:06 | INFO | babydoc.app | Incoming query: 'baby ko iron drops kab se start karein'
2026-04-23 00:55:06 | DEBUG | babydoc.app | Retrieval score: 0.357 | top results: 5
2026-04-23 00:55:06 | INFO | babydoc.app | Mode: data | Score: 0.357
2026-04-23 00:55:10 | INFO | babydoc.app | Response time: 3501ms
2026-04-23 00:55:14 | INFO | babydoc.app | Incoming query: 'my 2 month old baby has fever of 101'
2026-04-23 00:55:14 | WARNING | babydoc.app | Safety triggered for query: 'my 2 month old baby has fever of 101'
2026-04-23 00:55:17 | INFO | babydoc.app | Incoming query: 'mere naye janam liye bachche ko bukhar hai'
2026-04-23 00:55:17 | DEBUG | babydoc.app | Retrieval score: 0.167 | top results: 5
2026-04-23 00:55:17 | INFO | babydoc.app | Mode: data | Score: 0.167
2026-04-23 00:55:29 | INFO | babydoc.app | Response time: 12580ms
2026-04-23 00:55:33 | INFO | babydoc.app | Incoming query: 'stool mein blood aa raha hai baby ke'
2026-04-23 00:55:33 | DEBUG | babydoc.app | Retrieval score: 0.222 | top results: 5
2026-04-23 00:55:33 | INFO | babydoc.app | Mode: data | Score: 0.222
2026-04-23 00:55:33 | INFO | babydoc.app | Response time: 489ms
2026-04-23 00:55:36 | INFO | babydoc.app | Incoming query: 'hi'
2026-04-23 00:55:36 | DEBUG | babydoc.app | Retrieval score: 0.111 | top results: 5
2026-04-23 00:55:36 | INFO | babydoc.app | Mode: weak | Score: 0.111
2026-04-23 00:55:37 | INFO | babydoc.app | Response time: 391ms
2026-04-23 00:55:41 | INFO | babydoc.app | Incoming query: 'my baby is not breathing properly and lips are turning blue'
2026-04-23 00:55:41 | WARNING | babydoc.app | Safety triggered for query: 'my baby is not breathing properly and lips are turning blue'
2026-04-23 00:57:21 | INFO | babydoc.app | Momify API shutting down.
2026-04-23 10:21:40 | INFO | babydoc.app | Momify API starting up...
2026-04-23 10:21:40 | INFO | babydoc.app | Loaded 493 Q&A pairs from data\ALLQA_cleaned.json
2026-04-23 10:24:16 | INFO | babydoc.app | Momify API shutting down.
2026-04-23 10:24:18 | INFO | babydoc.app | Momify API starting up...
2026-04-23 10:24:18 | INFO | babydoc.app | Loaded 493 Q&A pairs from data\ALLQA_cleaned.json
2026-04-23 10:24:18 | INFO | babydoc.app | Momify API shutting down.
2026-04-23 10:24:19 | INFO | babydoc.app | Momify API starting up...
2026-04-23 10:24:19 | INFO | babydoc.app | Loaded 493 Q&A pairs from data\ALLQA_cleaned.json
2026-04-23 10:24:25 | INFO | babydoc.app | Momify API shutting down.
2026-04-23 10:24:29 | INFO | babydoc.app | Momify API starting up...
2026-04-23 10:24:29 | INFO | babydoc.app | Loaded 493 Q&A pairs from data\ALLQA_cleaned.json
2026-04-23 10:37:40 | INFO | babydoc.app | Incoming query: 'hi'
2026-04-23 10:37:40 | DEBUG | babydoc.app | Retrieval score: 0.111 | top results: 5
2026-04-23 10:37:40 | INFO | babydoc.app | Mode: weak | Score: 0.111
2026-04-23 10:37:41 | INFO | babydoc.app | Response time: 688ms
2026-04-23 10:37:52 | INFO | babydoc.app | Incoming query: 'how long breast milk can be stored'
2026-04-23 10:37:52 | DEBUG | babydoc.app | Retrieval score: 0.500 | top results: 5
2026-04-23 10:37:52 | INFO | babydoc.app | Mode: data | Score: 0.500
2026-04-23 10:37:52 | INFO | babydoc.app | Response time: 428ms
2026-04-23 10:37:55 | INFO | babydoc.app | Incoming query: 'my milk supply is low how to increase'
2026-04-23 10:37:55 | DEBUG | babydoc.app | Retrieval score: 0.800 | top results: 5
2026-04-23 10:37:55 | INFO | babydoc.app | Mode: data | Score: 0.800
2026-04-23 10:37:56 | INFO | babydoc.app | Response time: 380ms
2026-04-23 10:37:59 | INFO | babydoc.app | Incoming query: 'my baby is not latching what can I do'
2026-04-23 10:37:59 | DEBUG | babydoc.app | Retrieval score: 0.353 | top results: 5
2026-04-23 10:37:59 | INFO | babydoc.app | Mode: data | Score: 0.353
2026-04-23 10:38:00 | INFO | babydoc.app | Response time: 496ms
2026-04-23 10:38:03 | INFO | babydoc.app | Incoming query: 'I have breastfeeding problem my nipples got cracked and it hurts'
2026-04-23 10:38:03 | DEBUG | babydoc.app | Retrieval score: 0.500 | top results: 5
2026-04-23 10:38:03 | INFO | babydoc.app | Mode: data | Score: 0.500
2026-04-23 10:38:03 | INFO | babydoc.app | Response time: 367ms
2026-04-23 10:38:06 | INFO | babydoc.app | Incoming query: 'how to clear blocked milk ducts'
2026-04-23 10:38:06 | DEBUG | babydoc.app | Retrieval score: 0.250 | top results: 5
2026-04-23 10:38:06 | INFO | babydoc.app | Mode: data | Score: 0.250
2026-04-23 10:38:06 | INFO | babydoc.app | Response time: 419ms
2026-04-23 10:38:09 | INFO | babydoc.app | Incoming query: 'baby has fever what to give'
2026-04-23 10:38:09 | DEBUG | babydoc.app | Retrieval score: 0.444 | top results: 5
2026-04-23 10:38:09 | INFO | babydoc.app | Mode: data | Score: 0.444
2026-04-23 10:38:10 | INFO | babydoc.app | Response time: 371ms
2026-04-23 10:38:13 | INFO | babydoc.app | Incoming query: 'my baby is constipated what to do'
2026-04-23 10:38:13 | DEBUG | babydoc.app | Retrieval score: 0.333 | top results: 5
2026-04-23 10:38:13 | INFO | babydoc.app | Mode: data | Score: 0.333
2026-04-23 10:38:13 | INFO | babydoc.app | Response time: 436ms
2026-04-23 10:38:16 | INFO | babydoc.app | Incoming query: 'my baby has loose motions what to do'
2026-04-23 10:38:16 | DEBUG | babydoc.app | Retrieval score: 0.250 | top results: 5
2026-04-23 10:38:16 | INFO | babydoc.app | Mode: data | Score: 0.250
2026-04-23 10:38:17 | INFO | babydoc.app | Response time: 296ms
2026-04-23 10:38:19 | INFO | babydoc.app | Incoming query: 'when can I start solids for my baby'
2026-04-23 10:38:19 | DEBUG | babydoc.app | Retrieval score: 0.308 | top results: 5
2026-04-23 10:38:19 | INFO | babydoc.app | Mode: data | Score: 0.308
2026-04-23 10:38:20 | INFO | babydoc.app | Response time: 572ms
2026-04-23 10:38:23 | INFO | babydoc.app | Incoming query: 'how many eggs should a breastfeeding mother eat'
2026-04-23 10:38:23 | DEBUG | babydoc.app | Retrieval score: 0.462 | top results: 5
2026-04-23 10:38:23 | INFO | babydoc.app | Mode: data | Score: 0.462
2026-04-23 10:38:23 | INFO | babydoc.app | Response time: 309ms
2026-04-23 10:38:26 | INFO | babydoc.app | Incoming query: 'diaper rash treatment'
2026-04-23 10:38:26 | DEBUG | babydoc.app | Retrieval score: 0.143 | top results: 5
2026-04-23 10:38:26 | INFO | babydoc.app | Mode: weak | Score: 0.143
2026-04-23 10:38:27 | INFO | babydoc.app | Response time: 553ms
2026-04-23 10:38:30 | INFO | babydoc.app | Incoming query: 'when does teething start in babies'
2026-04-23 10:38:30 | DEBUG | babydoc.app | Retrieval score: 0.200 | top results: 5
2026-04-23 10:38:30 | INFO | babydoc.app | Mode: data | Score: 0.200
2026-04-23 10:38:30 | INFO | babydoc.app | Response time: 390ms
2026-04-23 10:38:33 | INFO | babydoc.app | Incoming query: 'postpartum depression mein kya karna chahiye'
2026-04-23 10:38:33 | DEBUG | babydoc.app | Retrieval score: 0.111 | top results: 5
2026-04-23 10:38:33 | INFO | babydoc.app | Mode: weak | Score: 0.111
2026-04-23 10:38:34 | INFO | babydoc.app | Response time: 651ms
2026-04-23 10:38:37 | INFO | babydoc.app | Incoming query: 'baby bottle accept nahi kar raha kya karein'
2026-04-23 10:38:37 | DEBUG | babydoc.app | Retrieval score: 0.125 | top results: 5
2026-04-23 10:38:37 | INFO | babydoc.app | Mode: weak | Score: 0.125
2026-04-23 10:38:38 | INFO | babydoc.app | Response time: 1114ms
2026-04-23 10:38:41 | INFO | babydoc.app | Incoming query: 'when should I introduce cow milk'
2026-04-23 10:38:41 | DEBUG | babydoc.app | Retrieval score: 0.214 | top results: 5
2026-04-23 10:38:41 | INFO | babydoc.app | Mode: data | Score: 0.214
2026-04-23 10:38:42 | INFO | babydoc.app | Response time: 307ms
2026-04-23 10:38:45 | INFO | babydoc.app | Incoming query: 'what supplements should breastfeeding mother take after c section'
2026-04-23 10:38:45 | DEBUG | babydoc.app | Retrieval score: 0.250 | top results: 5
2026-04-23 10:38:45 | INFO | babydoc.app | Mode: data | Score: 0.250
2026-04-23 10:38:45 | INFO | babydoc.app | Response time: 350ms
2026-04-23 10:39:48 | INFO | babydoc.app | Incoming query: 'can I give dry fruits to 8 month old baby'
2026-04-23 10:39:48 | DEBUG | babydoc.app | Retrieval score: 0.429 | top results: 5
2026-04-23 10:39:48 | INFO | babydoc.app | Mode: data | Score: 0.429
2026-04-23 10:39:48 | INFO | babydoc.app | Response time: 875ms
2026-04-23 10:39:52 | INFO | babydoc.app | Incoming query: 'breastfeeding se weight loss hoti hai kya'
2026-04-23 10:39:52 | DEBUG | babydoc.app | Retrieval score: 0.167 | top results: 5
2026-04-23 10:39:52 | INFO | babydoc.app | Mode: data | Score: 0.167
2026-04-23 10:39:52 | INFO | babydoc.app | Response time: 484ms
2026-04-23 10:39:55 | INFO | babydoc.app | Incoming query: 'baby ki dry skin pe kya lagayein'
2026-04-23 10:39:55 | DEBUG | babydoc.app | Retrieval score: 0.188 | top results: 5
2026-04-23 10:39:55 | INFO | babydoc.app | Mode: data | Score: 0.188
2026-04-23 10:39:55 | INFO | babydoc.app | Response time: 393ms
2026-04-23 10:39:58 | INFO | babydoc.app | Incoming query: 'nasal congestion mein kya karein'
2026-04-23 10:39:58 | DEBUG | babydoc.app | Retrieval score: 0.125 | top results: 5
2026-04-23 10:39:58 | INFO | babydoc.app | Mode: weak | Score: 0.125
2026-04-23 10:39:59 | INFO | babydoc.app | Response time: 300ms
2026-04-23 10:40:02 | INFO | babydoc.app | Incoming query: 'kitne ghante tak doodh bahar rakh sakte hain'
2026-04-23 10:40:02 | DEBUG | babydoc.app | Retrieval score: 0.333 | top results: 5
2026-04-23 10:40:02 | INFO | babydoc.app | Mode: data | Score: 0.333
2026-04-23 10:40:02 | INFO | babydoc.app | Response time: 295ms
2026-04-23 10:40:05 | INFO | babydoc.app | Incoming query: 'breast mein doodh kam aa raha hai kaise badhayein'
2026-04-23 10:40:05 | DEBUG | babydoc.app | Retrieval score: 0.077 | top results: 5
2026-04-23 10:40:05 | INFO | babydoc.app | Mode: weak | Score: 0.077
2026-04-23 10:40:06 | INFO | babydoc.app | Response time: 872ms
2026-04-23 10:40:09 | INFO | babydoc.app | Incoming query: 'my newborn refuses to latch on breast'
2026-04-23 10:40:09 | DEBUG | babydoc.app | Retrieval score: 0.182 | top results: 5
2026-04-23 10:40:09 | INFO | babydoc.app | Mode: data | Score: 0.182
2026-04-23 10:40:10 | INFO | babydoc.app | Response time: 621ms
2026-04-23 10:40:13 | INFO | babydoc.app | Incoming query: 'nipple crack ho gaya doodh pilane mein takleef ho rahi hai'
2026-04-23 10:40:13 | DEBUG | babydoc.app | Retrieval score: 0.143 | top results: 5
2026-04-23 10:40:13 | INFO | babydoc.app | Mode: weak | Score: 0.143
2026-04-23 10:40:14 | INFO | babydoc.app | Response time: 618ms
2026-04-23 10:40:16 | INFO | babydoc.app | Incoming query: 'baby ka temperature high hai kya dena chahiye'
2026-04-23 10:40:16 | DEBUG | babydoc.app | Retrieval score: 0.182 | top results: 5
2026-04-23 10:40:16 | INFO | babydoc.app | Mode: data | Score: 0.182
2026-04-23 10:40:17 | INFO | babydoc.app | Response time: 266ms
2026-04-23 10:40:20 | INFO | babydoc.app | Incoming query: 'infant is not passing stool for 3 days'
2026-04-23 10:40:20 | DEBUG | babydoc.app | Retrieval score: 0.167 | top results: 5
2026-04-23 10:40:20 | INFO | babydoc.app | Mode: data | Score: 0.167
2026-04-23 10:40:20 | INFO | babydoc.app | Response time: 392ms
2026-04-23 10:40:23 | INFO | babydoc.app | Incoming query: 'chhote bachche ko solid food kab se shuru karein'
2026-04-23 10:40:23 | DEBUG | babydoc.app | Retrieval score: 0.176 | top results: 5
2026-04-23 10:40:23 | INFO | babydoc.app | Mode: data | Score: 0.176
2026-04-23 10:40:24 | INFO | babydoc.app | Response time: 723ms
2026-04-23 10:40:27 | INFO | babydoc.app | Incoming query: 'baby ke nappy area mein lali aa gayi hai'
2026-04-23 10:40:27 | DEBUG | babydoc.app | Retrieval score: 0.167 | top results: 5
2026-04-23 10:40:27 | INFO | babydoc.app | Mode: data | Score: 0.167
2026-04-23 10:40:27 | INFO | babydoc.app | Response time: 356ms
2026-04-23 10:40:31 | INFO | babydoc.app | Incoming query: 'my baby is teething and very irritable what helps'
2026-04-23 10:40:31 | DEBUG | babydoc.app | Retrieval score: 0.238 | top results: 5
2026-04-23 10:40:31 | INFO | babydoc.app | Mode: data | Score: 0.238
2026-04-23 10:40:31 | INFO | babydoc.app | Response time: 525ms
2026-04-23 10:40:34 | INFO | babydoc.app | Incoming query: 'mujhe depression ho raha hai delivery ke baad kya karoon'
2026-04-23 10:40:34 | DEBUG | babydoc.app | Retrieval score: 0.143 | top results: 5
2026-04-23 10:40:34 | INFO | babydoc.app | Mode: weak | Score: 0.143
2026-04-23 10:40:35 | INFO | babydoc.app | Response time: 643ms
2026-04-23 10:40:38 | INFO | babydoc.app | Incoming query: 'my baby has runny nose and sneezing a lot'
2026-04-23 10:40:38 | DEBUG | babydoc.app | Retrieval score: 0.300 | top results: 5
2026-04-23 10:40:38 | INFO | babydoc.app | Mode: data | Score: 0.300
2026-04-23 10:40:38 | INFO | babydoc.app | Response time: 229ms
2026-04-23 10:40:41 | INFO | babydoc.app | Incoming query: 'gaye ka doodh bachche ko kab se de sakte hain'
2026-04-23 10:40:41 | DEBUG | babydoc.app | Retrieval score: 0.188 | top results: 5
2026-04-23 10:40:41 | INFO | babydoc.app | Mode: data | Score: 0.188
2026-04-23 10:40:42 | INFO | babydoc.app | Response time: 703ms
2026-04-23 10:40:45 | INFO | babydoc.app | Incoming query: 'after cesarean what vitamins should I take while nursing'
2026-04-23 10:40:45 | DEBUG | babydoc.app | Retrieval score: 0.214 | top results: 5
2026-04-23 10:40:45 | INFO | babydoc.app | Mode: data | Score: 0.214
2026-04-23 10:40:45 | INFO | babydoc.app | Response time: 605ms
2026-04-23 10:40:49 | INFO | babydoc.app | Incoming query: 'infant skin is very flaky and rough what to apply'
2026-04-23 10:40:49 | DEBUG | babydoc.app | Retrieval score: 0.333 | top results: 5
2026-04-23 10:40:49 | INFO | babydoc.app | Mode: data | Score: 0.333
2026-04-23 10:40:49 | INFO | babydoc.app | Response time: 611ms
2026-04-23 10:40:52 | INFO | babydoc.app | Incoming query: 'bacha feeder se doodh nahi pita kya karein'
2026-04-23 10:40:52 | DEBUG | babydoc.app | Retrieval score: 0.100 | top results: 5
2026-04-23 10:40:52 | INFO | babydoc.app | Mode: weak | Score: 0.100
2026-04-23 10:40:53 | INFO | babydoc.app | Response time: 885ms
2026-04-23 10:40:56 | INFO | babydoc.app | Incoming query: 'can I give ragi to my 6 month old baby'
2026-04-23 10:40:56 | DEBUG | babydoc.app | Retrieval score: 0.500 | top results: 5
2026-04-23 10:40:56 | INFO | babydoc.app | Mode: data | Score: 0.500
2026-04-23 10:40:56 | INFO | babydoc.app | Response time: 347ms
2026-04-23 10:41:00 | INFO | babydoc.app | Incoming query: 'how much water should I give to a 7 month old baby'
2026-04-23 10:41:00 | DEBUG | babydoc.app | Retrieval score: 0.500 | top results: 5
2026-04-23 10:41:00 | INFO | babydoc.app | Mode: data | Score: 0.500
2026-04-23 10:41:00 | INFO | babydoc.app | Response time: 294ms
2026-04-23 10:41:03 | INFO | babydoc.app | Incoming query: 'kya breastfeeding ke dauran dental treatment safe hai'
2026-04-23 10:41:03 | DEBUG | babydoc.app | Retrieval score: 0.111 | top results: 5
2026-04-23 10:41:03 | INFO | babydoc.app | Mode: weak | Score: 0.111
2026-04-23 10:41:03 | INFO | babydoc.app | Response time: 569ms
2026-04-23 10:41:06 | INFO | babydoc.app | Incoming query: 'how to burp a baby who falls asleep while breastfeeding'
2026-04-23 10:41:06 | DEBUG | babydoc.app | Retrieval score: 0.200 | top results: 5
2026-04-23 10:41:06 | INFO | babydoc.app | Mode: data | Score: 0.200
2026-04-23 10:41:07 | INFO | babydoc.app | Response time: 701ms
2026-04-23 10:41:10 | INFO | babydoc.app | Incoming query: 'vitamin d drops kab tak dene chahiye'
2026-04-23 10:41:10 | DEBUG | babydoc.app | Retrieval score: 0.200 | top results: 5
2026-04-23 10:41:10 | INFO | babydoc.app | Mode: data | Score: 0.200
2026-04-23 10:41:11 | INFO | babydoc.app | Response time: 534ms
2026-04-23 10:41:14 | INFO | babydoc.app | Incoming query: 'can I give banana to my 7 month old'
2026-04-23 10:41:14 | DEBUG | babydoc.app | Retrieval score: 0.545 | top results: 5
2026-04-23 10:41:14 | INFO | babydoc.app | Mode: data | Score: 0.545
2026-04-23 10:41:14 | INFO | babydoc.app | Response time: 517ms
2026-04-23 10:41:17 | INFO | babydoc.app | Incoming query: 'baby ko colic hai kya karein'
2026-04-23 10:41:17 | DEBUG | babydoc.app | Retrieval score: 0.333 | top results: 5
2026-04-23 10:41:17 | INFO | babydoc.app | Mode: data | Score: 0.333
2026-04-23 10:41:18 | INFO | babydoc.app | Response time: 701ms
2026-04-23 10:41:21 | INFO | babydoc.app | Incoming query: 'normal weight gain for exclusively breastfed baby'
2026-04-23 10:41:21 | DEBUG | babydoc.app | Retrieval score: 0.182 | top results: 5
2026-04-23 10:41:21 | INFO | babydoc.app | Mode: data | Score: 0.182
2026-04-23 10:41:21 | INFO | babydoc.app | Response time: 400ms
2026-04-23 10:41:25 | INFO | babydoc.app | Incoming query: 'how to introduce eggs to 6 month old baby'
2026-04-23 10:41:25 | DEBUG | babydoc.app | Retrieval score: 0.333 | top results: 5
2026-04-23 10:41:25 | INFO | babydoc.app | Mode: data | Score: 0.333
2026-04-23 10:41:25 | INFO | babydoc.app | Response time: 504ms
2026-04-23 10:41:28 | INFO | babydoc.app | Incoming query: 'baby ko iron drops kab se start karein'
2026-04-23 10:41:28 | DEBUG | babydoc.app | Retrieval score: 0.357 | top results: 5
2026-04-23 10:41:28 | INFO | babydoc.app | Mode: data | Score: 0.357
2026-04-23 10:41:28 | INFO | babydoc.app | Response time: 489ms
2026-04-23 10:41:32 | INFO | babydoc.app | Incoming query: 'my 2 month old baby has fever of 101'
2026-04-23 10:41:32 | WARNING | babydoc.app | Safety triggered for query: 'my 2 month old baby has fever of 101'
2026-04-23 10:41:35 | INFO | babydoc.app | Incoming query: 'mere naye janam liye bachche ko bukhar hai'
2026-04-23 10:41:35 | WARNING | babydoc.app | Safety triggered for query: 'mere naye janam liye bachche ko bukhar hai'
2026-04-23 10:41:38 | INFO | babydoc.app | Incoming query: 'stool mein blood aa raha hai baby ke'
2026-04-23 10:41:38 | WARNING | babydoc.app | Safety triggered for query: 'stool mein blood aa raha hai baby ke'
2026-04-23 10:41:41 | INFO | babydoc.app | Incoming query: 'hi'
2026-04-23 10:41:41 | DEBUG | babydoc.app | Retrieval score: 0.111 | top results: 5
2026-04-23 10:41:41 | INFO | babydoc.app | Mode: weak | Score: 0.111
2026-04-23 10:41:41 | INFO | babydoc.app | Response time: 393ms
2026-04-23 10:41:46 | INFO | babydoc.app | Incoming query: 'my baby is not breathing properly and lips are turning blue'
2026-04-23 10:41:46 | WARNING | babydoc.app | Safety triggered for query: 'my baby is not breathing properly and lips are turning blue'
2026-04-23 11:53:11 | INFO | babydoc.app | Momify API shutting down.
2026-04-23 12:04:14 | INFO | babydoc.app | Momify API starting up...
2026-04-23 12:06:07 | INFO | babydoc.app | Momify API starting up...
2026-04-23 12:06:11 | INFO | babydoc.app | Loaded 493 Q&A pairs from data\ALLQA_cleaned.json
2026-04-23 12:20:35 | INFO | babydoc.app | Incoming query: 'hi'
2026-04-23 12:20:35 | DEBUG | babydoc.app | Retrieval score: 0.519 | top results: 5
2026-04-23 12:20:35 | INFO | babydoc.app | Mode: weak | Score: 0.519
2026-04-23 12:20:36 | INFO | babydoc.app | Response time: 791ms
2026-04-23 12:21:00 | INFO | babydoc.app | Incoming query: 'his age is 1 year , he is having stool since last night'
2026-04-23 12:21:00 | DEBUG | babydoc.app | Retrieval score: 0.609 | top results: 5
2026-04-23 12:21:00 | INFO | babydoc.app | Mode: data | Score: 0.609
2026-04-23 12:21:00 | INFO | babydoc.app | Response time: 622ms
2026-04-23 12:21:16 | INFO | babydoc.app | Incoming query: 'yes he is crying'
2026-04-23 12:21:16 | DEBUG | babydoc.app | Retrieval score: 0.628 | top results: 5
2026-04-23 12:21:16 | INFO | babydoc.app | Mode: data | Score: 0.628
2026-04-23 12:21:17 | INFO | babydoc.app | Response time: 604ms
2026-04-23 12:21:31 | INFO | babydoc.app | Incoming query: 'what should i give him'
2026-04-23 12:21:31 | DEBUG | babydoc.app | Retrieval score: 0.576 | top results: 5
2026-04-23 12:21:31 | INFO | babydoc.app | Mode: weak | Score: 0.576
2026-04-23 12:21:32 | INFO | babydoc.app | Response time: 631ms
2026-04-23 12:21:49 | INFO | babydoc.app | Incoming query: 'how long breast milk can be stored'
2026-04-23 12:21:49 | DEBUG | babydoc.app | Retrieval score: 0.919 | top results: 5
2026-04-23 12:21:49 | INFO | babydoc.app | Mode: data | Score: 0.919
2026-04-23 12:21:50 | INFO | babydoc.app | Response time: 404ms
2026-04-23 12:21:53 | INFO | babydoc.app | Incoming query: 'my milk supply is low how to increase'
2026-04-23 12:21:53 | DEBUG | babydoc.app | Retrieval score: 0.968 | top results: 5
2026-04-23 12:21:53 | INFO | babydoc.app | Mode: data | Score: 0.968
2026-04-23 12:21:53 | INFO | babydoc.app | Response time: 427ms
2026-04-23 12:21:56 | INFO | babydoc.app | Incoming query: 'my baby is not latching what can I do'
2026-04-23 12:21:56 | DEBUG | babydoc.app | Retrieval score: 0.778 | top results: 5
2026-04-23 12:21:56 | INFO | babydoc.app | Mode: data | Score: 0.778
2026-04-23 12:21:56 | INFO | babydoc.app | Response time: 402ms
2026-04-23 12:21:59 | INFO | babydoc.app | Incoming query: 'I have breastfeeding problem my nipples got cracked and it hurts'
2026-04-23 12:21:59 | DEBUG | babydoc.app | Retrieval score: 0.930 | top results: 5
2026-04-23 12:21:59 | INFO | babydoc.app | Mode: data | Score: 0.930
2026-04-23 12:22:00 | INFO | babydoc.app | Response time: 465ms
2026-04-23 12:22:03 | INFO | babydoc.app | Incoming query: 'how to clear blocked milk ducts'
2026-04-23 12:22:03 | DEBUG | babydoc.app | Retrieval score: 0.865 | top results: 5
2026-04-23 12:22:03 | INFO | babydoc.app | Mode: data | Score: 0.865
2026-04-23 12:22:03 | INFO | babydoc.app | Response time: 417ms
2026-04-23 12:22:06 | INFO | babydoc.app | Incoming query: 'baby has fever what to give'
2026-04-23 12:22:06 | DEBUG | babydoc.app | Retrieval score: 0.838 | top results: 5
2026-04-23 12:22:06 | INFO | babydoc.app | Mode: data | Score: 0.838
2026-04-23 12:22:07 | INFO | babydoc.app | Response time: 562ms
2026-04-23 12:22:10 | INFO | babydoc.app | Incoming query: 'my baby is constipated what to do'
2026-04-23 12:22:10 | DEBUG | babydoc.app | Retrieval score: 0.888 | top results: 5
2026-04-23 12:22:10 | INFO | babydoc.app | Mode: data | Score: 0.888
2026-04-23 12:22:10 | INFO | babydoc.app | Response time: 372ms
2026-04-23 12:22:13 | INFO | babydoc.app | Incoming query: 'my baby has loose motions what to do'
2026-04-23 12:22:13 | DEBUG | babydoc.app | Retrieval score: 0.775 | top results: 5
2026-04-23 12:22:13 | INFO | babydoc.app | Mode: data | Score: 0.775
2026-04-23 12:22:13 | INFO | babydoc.app | Response time: 253ms
2026-04-23 12:22:16 | INFO | babydoc.app | Incoming query: 'when can I start solids for my baby'
2026-04-23 12:22:16 | DEBUG | babydoc.app | Retrieval score: 0.620 | top results: 5
2026-04-23 12:22:16 | INFO | babydoc.app | Mode: data | Score: 0.620
2026-04-23 12:22:17 | INFO | babydoc.app | Response time: 439ms
2026-04-23 12:22:20 | INFO | babydoc.app | Incoming query: 'how many eggs should a breastfeeding mother eat'
2026-04-23 12:22:20 | DEBUG | babydoc.app | Retrieval score: 0.775 | top results: 5
2026-04-23 12:22:20 | INFO | babydoc.app | Mode: data | Score: 0.775
2026-04-23 12:22:20 | INFO | babydoc.app | Response time: 374ms
2026-04-23 12:22:23 | INFO | babydoc.app | Incoming query: 'diaper rash treatment'
2026-04-23 12:22:23 | DEBUG | babydoc.app | Retrieval score: 0.855 | top results: 5
2026-04-23 12:22:23 | INFO | babydoc.app | Mode: data | Score: 0.855
2026-04-23 12:22:23 | INFO | babydoc.app | Response time: 359ms
2026-04-23 12:22:26 | INFO | babydoc.app | Incoming query: 'when does teething start in babies'
2026-04-23 12:22:26 | DEBUG | babydoc.app | Retrieval score: 0.970 | top results: 5
2026-04-23 12:22:26 | INFO | babydoc.app | Mode: data | Score: 0.970
2026-04-23 12:22:26 | ERROR | babydoc.app | Groq API error: Error code: 429 - {'error': {'message': 'Rate limit reached for model `llama-3.3-70b-versatile` in organization `org_01kk3rksfxeh5apr70he72t7p4` service tier `on_demand` on tokens per day (TPD): Limit 100000, Used 99977, Requested 425. Please try again in 5m47.328s. Need more tokens? Upgrade to Dev Tier today at https://console.groq.com/settings/billing', 'type': 'tokens', 'code': 'rate_limit_exceeded'}}
2026-04-23 12:22:26 | ERROR | babydoc.app | Unhandled error in /chat: Error code: 429 - {'error': {'message': 'Rate limit reached for model `llama-3.3-70b-versatile` in organization `org_01kk3rksfxeh5apr70he72t7p4` service tier `on_demand` on tokens per day (TPD): Limit 100000, Used 99977, Requested 425. Please try again in 5m47.328s. Need more tokens? Upgrade to Dev Tier today at https://console.groq.com/settings/billing', 'type': 'tokens', 'code': 'rate_limit_exceeded'}}
2026-04-23 12:22:29 | INFO | babydoc.app | Incoming query: 'postpartum depression mein kya karna chahiye'
2026-04-23 12:22:29 | DEBUG | babydoc.app | Retrieval score: 0.637 | top results: 5
2026-04-23 12:22:29 | INFO | babydoc.app | Mode: data | Score: 0.637
2026-04-23 12:22:29 | ERROR | babydoc.app | Groq API error: Error code: 429 - {'error': {'message': 'Rate limit reached for model `llama-3.3-70b-versatile` in organization `org_01kk3rksfxeh5apr70he72t7p4` service tier `on_demand` on tokens per day (TPD): Limit 100000, Used 99974, Requested 474. Please try again in 6m27.071999999s. Need more tokens? Upgrade to Dev Tier today at https://console.groq.com/settings/billing', 'type': 'tokens', 'code': 'rate_limit_exceeded'}}
2026-04-23 12:22:29 | ERROR | babydoc.app | Unhandled error in /chat: Error code: 429 - {'error': {'message': 'Rate limit reached for model `llama-3.3-70b-versatile` in organization `org_01kk3rksfxeh5apr70he72t7p4` service tier `on_demand` on tokens per day (TPD): Limit 100000, Used 99974, Requested 474. Please try again in 6m27.071999999s. Need more tokens? Upgrade to Dev Tier today at https://console.groq.com/settings/billing', 'type': 'tokens', 'code': 'rate_limit_exceeded'}}
2026-04-23 12:22:32 | INFO | babydoc.app | Incoming query: 'baby bottle accept nahi kar raha kya karein'
2026-04-23 12:22:32 | DEBUG | babydoc.app | Retrieval score: 0.684 | top results: 5
2026-04-23 12:22:32 | INFO | babydoc.app | Mode: data | Score: 0.684
2026-04-23 12:22:32 | ERROR | babydoc.app | Groq API error: Error code: 429 - {'error': {'message': 'Rate limit reached for model `llama-3.3-70b-versatile` in organization `org_01kk3rksfxeh5apr70he72t7p4` service tier `on_demand` on tokens per day (TPD): Limit 100000, Used 99971, Requested 584. Please try again in 7m59.52s. Need more tokens? Upgrade to Dev Tier today at https://console.groq.com/settings/billing', 'type': 'tokens', 'code': 'rate_limit_exceeded'}}
2026-04-23 12:22:32 | ERROR | babydoc.app | Unhandled error in /chat: Error code: 429 - {'error': {'message': 'Rate limit reached for model `llama-3.3-70b-versatile` in organization `org_01kk3rksfxeh5apr70he72t7p4` service tier `on_demand` on tokens per day (TPD): Limit 100000, Used 99971, Requested 584. Please try again in 7m59.52s. Need more tokens? Upgrade to Dev Tier today at https://console.groq.com/settings/billing', 'type': 'tokens', 'code': 'rate_limit_exceeded'}}
2026-04-23 12:22:34 | INFO | babydoc.app | Incoming query: 'when should I introduce cow milk'
2026-04-23 12:22:34 | DEBUG | babydoc.app | Retrieval score: 0.769 | top results: 5
2026-04-23 12:22:34 | INFO | babydoc.app | Mode: data | Score: 0.769
2026-04-23 12:22:34 | ERROR | babydoc.app | Groq API error: Error code: 429 - {'error': {'message': 'Rate limit reached for model `llama-3.3-70b-versatile` in organization `org_01kk3rksfxeh5apr70he72t7p4` service tier `on_demand` on tokens per day (TPD): Limit 100000, Used 99968, Requested 413. Please try again in 5m29.184s. Need more tokens? Upgrade to Dev Tier today at https://console.groq.com/settings/billing', 'type': 'tokens', 'code': 'rate_limit_exceeded'}}
2026-04-23 12:22:34 | ERROR | babydoc.app | Unhandled error in /chat: Error code: 429 - {'error': {'message': 'Rate limit reached for model `llama-3.3-70b-versatile` in organization `org_01kk3rksfxeh5apr70he72t7p4` service tier `on_demand` on tokens per day (TPD): Limit 100000, Used 99968, Requested 413. Please try again in 5m29.184s. Need more tokens? Upgrade to Dev Tier today at https://console.groq.com/settings/billing', 'type': 'tokens', 'code': 'rate_limit_exceeded'}}
2026-04-23 12:22:37 | INFO | babydoc.app | Incoming query: 'what supplements should breastfeeding mother take after c section'
2026-04-23 12:22:37 | DEBUG | babydoc.app | Retrieval score: 0.868 | top results: 5
2026-04-23 12:22:37 | INFO | babydoc.app | Mode: data | Score: 0.868
2026-04-23 12:22:37 | ERROR | babydoc.app | Groq API error: Error code: 429 - {'error': {'message': 'Rate limit reached for model `llama-3.3-70b-versatile` in organization `org_01kk3rksfxeh5apr70he72t7p4` service tier `on_demand` on tokens per day (TPD): Limit 100000, Used 99965, Requested 507. Please try again in 6m47.808s. Need more tokens? Upgrade to Dev Tier today at https://console.groq.com/settings/billing', 'type': 'tokens', 'code': 'rate_limit_exceeded'}}
2026-04-23 12:22:37 | ERROR | babydoc.app | Unhandled error in /chat: Error code: 429 - {'error': {'message': 'Rate limit reached for model `llama-3.3-70b-versatile` in organization `org_01kk3rksfxeh5apr70he72t7p4` service tier `on_demand` on tokens per day (TPD): Limit 100000, Used 99965, Requested 507. Please try again in 6m47.808s. Need more tokens? Upgrade to Dev Tier today at https://console.groq.com/settings/billing', 'type': 'tokens', 'code': 'rate_limit_exceeded'}}
2026-04-23 12:22:40 | INFO | babydoc.app | Incoming query: 'can I give dry fruits to 8 month old baby'
2026-04-23 12:22:40 | DEBUG | babydoc.app | Retrieval score: 0.844 | top results: 5
2026-04-23 12:22:40 | INFO | babydoc.app | Mode: data | Score: 0.844
2026-04-23 12:22:40 | ERROR | babydoc.app | Groq API error: Error code: 429 - {'error': {'message': 'Rate limit reached for model `llama-3.3-70b-versatile` in organization `org_01kk3rksfxeh5apr70he72t7p4` service tier `on_demand` on tokens per day (TPD): Limit 100000, Used 99962, Requested 516. Please try again in 6m52.992s. Need more tokens? Upgrade to Dev Tier today at https://console.groq.com/settings/billing', 'type': 'tokens', 'code': 'rate_limit_exceeded'}}
2026-04-23 12:22:40 | ERROR | babydoc.app | Unhandled error in /chat: Error code: 429 - {'error': {'message': 'Rate limit reached for model `llama-3.3-70b-versatile` in organization `org_01kk3rksfxeh5apr70he72t7p4` service tier `on_demand` on tokens per day (TPD): Limit 100000, Used 99962, Requested 516. Please try again in 6m52.992s. Need more tokens? Upgrade to Dev Tier today at https://console.groq.com/settings/billing', 'type': 'tokens', 'code': 'rate_limit_exceeded'}}
2026-04-23 12:22:42 | INFO | babydoc.app | Incoming query: 'kya me usko ors de dun?'
2026-04-23 12:22:42 | DEBUG | babydoc.app | Retrieval score: 0.708 | top results: 5
2026-04-23 12:22:42 | INFO | babydoc.app | Mode: data | Score: 0.708
2026-04-23 12:22:42 | ERROR | babydoc.app | Groq API error: Error code: 429 - {'error': {'message': 'Rate limit reached for model `llama-3.3-70b-versatile` in organization `org_01kk3rksfxeh5apr70he72t7p4` service tier `on_demand` on tokens per day (TPD): Limit 100000, Used 99959, Requested 806. Please try again in 11m0.959999999s. Need more tokens? Upgrade to Dev Tier today at https://console.groq.com/settings/billing', 'type': 'tokens', 'code': 'rate_limit_exceeded'}}
2026-04-23 12:22:42 | ERROR | babydoc.app | Unhandled error in /chat: Error code: 429 - {'error': {'message': 'Rate limit reached for model `llama-3.3-70b-versatile` in organization `org_01kk3rksfxeh5apr70he72t7p4` service tier `on_demand` on tokens per day (TPD): Limit 100000, Used 99959, Requested 806. Please try again in 11m0.959999999s. Need more tokens? Upgrade to Dev Tier today at https://console.groq.com/settings/billing', 'type': 'tokens', 'code': 'rate_limit_exceeded'}}
2026-04-23 12:22:42 | INFO | babydoc.app | Incoming query: 'breastfeeding se weight loss hoti hai kya'
2026-04-23 12:22:42 | DEBUG | babydoc.app | Retrieval score: 0.707 | top results: 5
2026-04-23 12:22:42 | INFO | babydoc.app | Mode: data | Score: 0.707
2026-04-23 12:22:42 | ERROR | babydoc.app | Groq API error: Error code: 429 - {'error': {'message': 'Rate limit reached for model `llama-3.3-70b-versatile` in organization `org_01kk3rksfxeh5apr70he72t7p4` service tier `on_demand` on tokens per day (TPD): Limit 100000, Used 99959, Requested 499. Please try again in 6m35.712s. Need more tokens? Upgrade to Dev Tier today at https://console.groq.com/settings/billing', 'type': 'tokens', 'code': 'rate_limit_exceeded'}}
2026-04-23 12:22:42 | ERROR | babydoc.app | Unhandled error in /chat: Error code: 429 - {'error': {'message': 'Rate limit reached for model `llama-3.3-70b-versatile` in organization `org_01kk3rksfxeh5apr70he72t7p4` service tier `on_demand` on tokens per day (TPD): Limit 100000, Used 99959, Requested 499. Please try again in 6m35.712s. Need more tokens? Upgrade to Dev Tier today at https://console.groq.com/settings/billing', 'type': 'tokens', 'code': 'rate_limit_exceeded'}}
2026-04-23 12:22:45 | INFO | babydoc.app | Incoming query: 'baby ki dry skin pe kya lagayein'
2026-04-23 12:22:45 | DEBUG | babydoc.app | Retrieval score: 0.653 | top results: 5
2026-04-23 12:22:45 | INFO | babydoc.app | Mode: data | Score: 0.653
2026-04-23 12:22:45 | ERROR | babydoc.app | Groq API error: Error code: 429 - {'error': {'message': 'Rate limit reached for model `llama-3.3-70b-versatile` in organization `org_01kk3rksfxeh5apr70he72t7p4` service tier `on_demand` on tokens per day (TPD): Limit 100000, Used 99956, Requested 426. Please try again in 5m30.048s. Need more tokens? Upgrade to Dev Tier today at https://console.groq.com/settings/billing', 'type': 'tokens', 'code': 'rate_limit_exceeded'}}
2026-04-23 12:22:45 | ERROR | babydoc.app | Unhandled error in /chat: Error code: 429 - {'error': {'message': 'Rate limit reached for model `llama-3.3-70b-versatile` in organization `org_01kk3rksfxeh5apr70he72t7p4` service tier `on_demand` on tokens per day (TPD): Limit 100000, Used 99956, Requested 426. Please try again in 5m30.048s. Need more tokens? Upgrade to Dev Tier today at https://console.groq.com/settings/billing', 'type': 'tokens', 'code': 'rate_limit_exceeded'}}
2026-04-23 12:22:48 | INFO | babydoc.app | Incoming query: 'nasal congestion mein kya karein'
2026-04-23 12:22:48 | DEBUG | babydoc.app | Retrieval score: 0.604 | top results: 5
2026-04-23 12:22:48 | INFO | babydoc.app | Mode: data | Score: 0.604
2026-04-23 12:22:48 | ERROR | babydoc.app | Groq API error: Error code: 429 - {'error': {'message': 'Rate limit reached for model `llama-3.3-70b-versatile` in organization `org_01kk3rksfxeh5apr70he72t7p4` service tier `on_demand` on tokens per day (TPD): Limit 100000, Used 99952, Requested 491. Please try again in 6m22.752s. Need more tokens? Upgrade to Dev Tier today at https://console.groq.com/settings/billing', 'type': 'tokens', 'code': 'rate_limit_exceeded'}}
2026-04-23 12:22:48 | ERROR | babydoc.app | Unhandled error in /chat: Error code: 429 - {'error': {'message': 'Rate limit reached for model `llama-3.3-70b-versatile` in organization `org_01kk3rksfxeh5apr70he72t7p4` service tier `on_demand` on tokens per day (TPD): Limit 100000, Used 99952, Requested 491. Please try again in 6m22.752s. Need more tokens? Upgrade to Dev Tier today at https://console.groq.com/settings/billing', 'type': 'tokens', 'code': 'rate_limit_exceeded'}}
2026-04-23 12:22:50 | INFO | babydoc.app | Incoming query: 'kitne ghante tak doodh bahar rakh sakte hain'
2026-04-23 12:22:50 | DEBUG | babydoc.app | Retrieval score: 0.801 | top results: 5
2026-04-23 12:22:50 | INFO | babydoc.app | Mode: data | Score: 0.801
2026-04-23 12:22:51 | ERROR | babydoc.app | Groq API error: Error code: 429 - {'error': {'message': 'Rate limit reached for model `llama-3.3-70b-versatile` in organization `org_01kk3rksfxeh5apr70he72t7p4` service tier `on_demand` on tokens per day (TPD): Limit 100000, Used 99949, Requested 423. Please try again in 5m21.408s. Need more tokens? Upgrade to Dev Tier today at https://console.groq.com/settings/billing', 'type': 'tokens', 'code': 'rate_limit_exceeded'}}
2026-04-23 12:22:51 | ERROR | babydoc.app | Unhandled error in /chat: Error code: 429 - {'error': {'message': 'Rate limit reached for model `llama-3.3-70b-versatile` in organization `org_01kk3rksfxeh5apr70he72t7p4` service tier `on_demand` on tokens per day (TPD): Limit 100000, Used 99949, Requested 423. Please try again in 5m21.408s. Need more tokens? Upgrade to Dev Tier today at https://console.groq.com/settings/billing', 'type': 'tokens', 'code': 'rate_limit_exceeded'}}
2026-04-23 12:22:53 | INFO | babydoc.app | Incoming query: 'breast mein doodh kam aa raha hai kaise badhayein'
2026-04-23 12:22:53 | DEBUG | babydoc.app | Retrieval score: 0.833 | top results: 5
2026-04-23 12:22:53 | INFO | babydoc.app | Mode: data | Score: 0.833
2026-04-23 12:22:53 | ERROR | babydoc.app | Groq API error: Error code: 429 - {'error': {'message': 'Rate limit reached for model `llama-3.3-70b-versatile` in organization `org_01kk3rksfxeh5apr70he72t7p4` service tier `on_demand` on tokens per day (TPD): Limit 100000, Used 99946, Requested 491. Please try again in 6m17.568s. Need more tokens? Upgrade to Dev Tier today at https://console.groq.com/settings/billing', 'type': 'tokens', 'code': 'rate_limit_exceeded'}}
2026-04-23 12:22:53 | ERROR | babydoc.app | Unhandled error in /chat: Error code: 429 - {'error': {'message': 'Rate limit reached for model `llama-3.3-70b-versatile` in organization `org_01kk3rksfxeh5apr70he72t7p4` service tier `on_demand` on tokens per day (TPD): Limit 100000, Used 99946, Requested 491. Please try again in 6m17.568s. Need more tokens? Upgrade to Dev Tier today at https://console.groq.com/settings/billing', 'type': 'tokens', 'code': 'rate_limit_exceeded'}}
2026-04-23 12:22:56 | INFO | babydoc.app | Incoming query: 'my newborn refuses to latch on breast'
2026-04-23 12:22:56 | DEBUG | babydoc.app | Retrieval score: 0.730 | top results: 5
2026-04-23 12:22:56 | INFO | babydoc.app | Mode: data | Score: 0.730
2026-04-23 12:22:56 | ERROR | babydoc.app | Groq API error: Error code: 429 - {'error': {'message': 'Rate limit reached for model `llama-3.3-70b-versatile` in organization `org_01kk3rksfxeh5apr70he72t7p4` service tier `on_demand` on tokens per day (TPD): Limit 100000, Used 99943, Requested 498. Please try again in 6m21.024s. Need more tokens? Upgrade to Dev Tier today at https://console.groq.com/settings/billing', 'type': 'tokens', 'code': 'rate_limit_exceeded'}}
2026-04-23 12:22:56 | ERROR | babydoc.app | Unhandled error in /chat: Error code: 429 - {'error': {'message': 'Rate limit reached for model `llama-3.3-70b-versatile` in organization `org_01kk3rksfxeh5apr70he72t7p4` service tier `on_demand` on tokens per day (TPD): Limit 100000, Used 99943, Requested 498. Please try again in 6m21.024s. Need more tokens? Upgrade to Dev Tier today at https://console.groq.com/settings/billing', 'type': 'tokens', 'code': 'rate_limit_exceeded'}}
2026-04-23 12:22:59 | INFO | babydoc.app | Incoming query: 'nipple crack ho gaya doodh pilane mein takleef ho rahi hai'
2026-04-23 12:22:59 | DEBUG | babydoc.app | Retrieval score: 0.705 | top results: 5
2026-04-23 12:22:59 | INFO | babydoc.app | Mode: data | Score: 0.705
2026-04-23 12:22:59 | ERROR | babydoc.app | Groq API error: Error code: 429 - {'error': {'message': 'Rate limit reached for model `llama-3.3-70b-versatile` in organization `org_01kk3rksfxeh5apr70he72t7p4` service tier `on_demand` on tokens per day (TPD): Limit 100000, Used 99940, Requested 529. Please try again in 6m45.215999999s. Need more tokens? Upgrade to Dev Tier today at https://console.groq.com/settings/billing', 'type': 'tokens', 'code': 'rate_limit_exceeded'}}
2026-04-23 12:22:59 | ERROR | babydoc.app | Unhandled error in /chat: Error code: 429 - {'error': {'message': 'Rate limit reached for model `llama-3.3-70b-versatile` in organization `org_01kk3rksfxeh5apr70he72t7p4` service tier `on_demand` on tokens per day (TPD): Limit 100000, Used 99940, Requested 529. Please try again in 6m45.215999999s. Need more tokens? Upgrade to Dev Tier today at https://console.groq.com/settings/billing', 'type': 'tokens', 'code': 'rate_limit_exceeded'}}
2026-04-23 12:23:01 | INFO | babydoc.app | Incoming query: 'baby ka temperature high hai kya dena chahiye'
2026-04-23 12:23:01 | DEBUG | babydoc.app | Retrieval score: 0.735 | top results: 5
2026-04-23 12:23:01 | INFO | babydoc.app | Mode: data | Score: 0.735
2026-04-23 12:23:01 | ERROR | babydoc.app | Groq API error: Error code: 429 - {'error': {'message': 'Rate limit reached for model `llama-3.3-70b-versatile` in organization `org_01kk3rksfxeh5apr70he72t7p4` service tier `on_demand` on tokens per day (TPD): Limit 100000, Used 99937, Requested 439. Please try again in 5m24.864s. Need more tokens? Upgrade to Dev Tier today at https://console.groq.com/settings/billing', 'type': 'tokens', 'code': 'rate_limit_exceeded'}}
2026-04-23 12:23:01 | ERROR | babydoc.app | Unhandled error in /chat: Error code: 429 - {'error': {'message': 'Rate limit reached for model `llama-3.3-70b-versatile` in organization `org_01kk3rksfxeh5apr70he72t7p4` service tier `on_demand` on tokens per day (TPD): Limit 100000, Used 99937, Requested 439. Please try again in 5m24.864s. Need more tokens? Upgrade to Dev Tier today at https://console.groq.com/settings/billing', 'type': 'tokens', 'code': 'rate_limit_exceeded'}}
2026-04-23 12:23:04 | INFO | babydoc.app | Incoming query: 'infant is not passing stool for 3 days'
2026-04-23 12:23:04 | DEBUG | babydoc.app | Retrieval score: 0.768 | top results: 5
2026-04-23 12:23:04 | INFO | babydoc.app | Mode: data | Score: 0.768
2026-04-23 12:23:04 | ERROR | babydoc.app | Groq API error: Error code: 429 - {'error': {'message': 'Rate limit reached for model `llama-3.3-70b-versatile` in organization `org_01kk3rksfxeh5apr70he72t7p4` service tier `on_demand` on tokens per day (TPD): Limit 100000, Used 99934, Requested 487. Please try again in 6m3.744s. Need more tokens? Upgrade to Dev Tier today at https://console.groq.com/settings/billing', 'type': 'tokens', 'code': 'rate_limit_exceeded'}}
2026-04-23 12:23:04 | ERROR | babydoc.app | Unhandled error in /chat: Error code: 429 - {'error': {'message': 'Rate limit reached for model `llama-3.3-70b-versatile` in organization `org_01kk3rksfxeh5apr70he72t7p4` service tier `on_demand` on tokens per day (TPD): Limit 100000, Used 99934, Requested 487. Please try again in 6m3.744s. Need more tokens? Upgrade to Dev Tier today at https://console.groq.com/settings/billing', 'type': 'tokens', 'code': 'rate_limit_exceeded'}}
2026-04-23 12:23:07 | INFO | babydoc.app | Incoming query: 'chhote bachche ko solid food kab se shuru karein'
2026-04-23 12:23:07 | DEBUG | babydoc.app | Retrieval score: 0.652 | top results: 5
2026-04-23 12:23:07 | INFO | babydoc.app | Mode: data | Score: 0.652
2026-04-23 12:23:07 | ERROR | babydoc.app | Groq API error: Error code: 429 - {'error': {'message': 'Rate limit reached for model `llama-3.3-70b-versatile` in organization `org_01kk3rksfxeh5apr70he72t7p4` service tier `on_demand` on tokens per day (TPD): Limit 100000, Used 99931, Requested 568. Please try again in 7m11.135999999s. Need more tokens? Upgrade to Dev Tier today at https://console.groq.com/settings/billing', 'type': 'tokens', 'code': 'rate_limit_exceeded'}}
2026-04-23 12:23:07 | ERROR | babydoc.app | Unhandled error in /chat: Error code: 429 - {'error': {'message': 'Rate limit reached for model `llama-3.3-70b-versatile` in organization `org_01kk3rksfxeh5apr70he72t7p4` service tier `on_demand` on tokens per day (TPD): Limit 100000, Used 99931, Requested 568. Please try again in 7m11.135999999s. Need more tokens? Upgrade to Dev Tier today at https://console.groq.com/settings/billing', 'type': 'tokens', 'code': 'rate_limit_exceeded'}}
2026-04-23 12:23:09 | INFO | babydoc.app | Incoming query: 'baby ke nappy area mein lali aa gayi hai'
2026-04-23 12:23:09 | DEBUG | babydoc.app | Retrieval score: 0.774 | top results: 5
2026-04-23 12:23:09 | INFO | babydoc.app | Mode: data | Score: 0.774
2026-04-23 12:23:09 | ERROR | babydoc.app | Groq API error: Error code: 429 - {'error': {'message': 'Rate limit reached for model `llama-3.3-70b-versatile` in organization `org_01kk3rksfxeh5apr70he72t7p4` service tier `on_demand` on tokens per day (TPD): Limit 100000, Used 99928, Requested 489. Please try again in 6m0.288s. Need more tokens? Upgrade to Dev Tier today at https://console.groq.com/settings/billing', 'type': 'tokens', 'code': 'rate_limit_exceeded'}}
2026-04-23 12:23:09 | ERROR | babydoc.app | Unhandled error in /chat: Error code: 429 - {'error': {'message': 'Rate limit reached for model `llama-3.3-70b-versatile` in organization `org_01kk3rksfxeh5apr70he72t7p4` service tier `on_demand` on tokens per day (TPD): Limit 100000, Used 99928, Requested 489. Please try again in 6m0.288s. Need more tokens? Upgrade to Dev Tier today at https://console.groq.com/settings/billing', 'type': 'tokens', 'code': 'rate_limit_exceeded'}}
2026-04-23 12:23:12 | INFO | babydoc.app | Incoming query: 'my baby is teething and very irritable what helps'
2026-04-23 12:23:12 | DEBUG | babydoc.app | Retrieval score: 0.724 | top results: 5
2026-04-23 12:23:12 | INFO | babydoc.app | Mode: data | Score: 0.724
2026-04-23 12:23:12 | ERROR | babydoc.app | Groq API error: Error code: 429 - {'error': {'message': 'Rate limit reached for model `llama-3.3-70b-versatile` in organization `org_01kk3rksfxeh5apr70he72t7p4` service tier `on_demand` on tokens per day (TPD): Limit 100000, Used 99924, Requested 448. Please try again in 5m21.408s. Need more tokens? Upgrade to Dev Tier today at https://console.groq.com/settings/billing', 'type': 'tokens', 'code': 'rate_limit_exceeded'}}
2026-04-23 12:23:12 | ERROR | babydoc.app | Unhandled error in /chat: Error code: 429 - {'error': {'message': 'Rate limit reached for model `llama-3.3-70b-versatile` in organization `org_01kk3rksfxeh5apr70he72t7p4` service tier `on_demand` on tokens per day (TPD): Limit 100000, Used 99924, Requested 448. Please try again in 5m21.408s. Need more tokens? Upgrade to Dev Tier today at https://console.groq.com/settings/billing', 'type': 'tokens', 'code': 'rate_limit_exceeded'}}
2026-04-23 12:23:15 | INFO | babydoc.app | Incoming query: 'mujhe depression ho raha hai delivery ke baad kya karoon'
2026-04-23 12:23:15 | DEBUG | babydoc.app | Retrieval score: 0.801 | top results: 5
2026-04-23 12:23:15 | INFO | babydoc.app | Mode: data | Score: 0.801
2026-04-23 12:23:15 | ERROR | babydoc.app | Groq API error: Error code: 429 - {'error': {'message': 'Rate limit reached for model `llama-3.3-70b-versatile` in organization `org_01kk3rksfxeh5apr70he72t7p4` service tier `on_demand` on tokens per day (TPD): Limit 100000, Used 99921, Requested 534. Please try again in 6m33.12s. Need more tokens? Upgrade to Dev Tier today at https://console.groq.com/settings/billing', 'type': 'tokens', 'code': 'rate_limit_exceeded'}}
2026-04-23 12:23:15 | ERROR | babydoc.app | Unhandled error in /chat: Error code: 429 - {'error': {'message': 'Rate limit reached for model `llama-3.3-70b-versatile` in organization `org_01kk3rksfxeh5apr70he72t7p4` service tier `on_demand` on tokens per day (TPD): Limit 100000, Used 99921, Requested 534. Please try again in 6m33.12s. Need more tokens? Upgrade to Dev Tier today at https://console.groq.com/settings/billing', 'type': 'tokens', 'code': 'rate_limit_exceeded'}}
2026-04-23 12:24:13 | INFO | babydoc.app | Incoming query: 'how long breast milk can be stored'
2026-04-23 12:24:13 | DEBUG | babydoc.app | Retrieval score: 0.919 | top results: 5
2026-04-23 12:24:13 | INFO | babydoc.app | Mode: data | Score: 0.919
2026-04-23 12:24:13 | ERROR | babydoc.app | Groq API error: Error code: 429 - {'error': {'message': 'Rate limit reached for model `llama-3.3-70b-versatile` in organization `org_01kk3rksfxeh5apr70he72t7p4` service tier `on_demand` on tokens per day (TPD): Limit 100000, Used 99854, Requested 403. Please try again in 3m42.047999999s. Need more tokens? Upgrade to Dev Tier today at https://console.groq.com/settings/billing', 'type': 'tokens', 'code': 'rate_limit_exceeded'}}
2026-04-23 12:24:13 | ERROR | babydoc.app | Unhandled error in /chat: Error code: 429 - {'error': {'message': 'Rate limit reached for model `llama-3.3-70b-versatile` in organization `org_01kk3rksfxeh5apr70he72t7p4` service tier `on_demand` on tokens per day (TPD): Limit 100000, Used 99854, Requested 403. Please try again in 3m42.047999999s. Need more tokens? Upgrade to Dev Tier today at https://console.groq.com/settings/billing', 'type': 'tokens', 'code': 'rate_limit_exceeded'}}
2026-04-23 12:24:16 | INFO | babydoc.app | Incoming query: 'my milk supply is low how to increase'
2026-04-23 12:24:16 | DEBUG | babydoc.app | Retrieval score: 0.968 | top results: 5
2026-04-23 12:24:16 | INFO | babydoc.app | Mode: data | Score: 0.968
2026-04-23 12:24:16 | ERROR | babydoc.app | Groq API error: Error code: 429 - {'error': {'message': 'Rate limit reached for model `llama-3.3-70b-versatile` in organization `org_01kk3rksfxeh5apr70he72t7p4` service tier `on_demand` on tokens per day (TPD): Limit 100000, Used 99851, Requested 429. Please try again in 4m1.92s. Need more tokens? Upgrade to Dev Tier today at https://console.groq.com/settings/billing', 'type': 'tokens', 'code': 'rate_limit_exceeded'}}
2026-04-23 12:24:16 | ERROR | babydoc.app | Unhandled error in /chat: Error code: 429 - {'error': {'message': 'Rate limit reached for model `llama-3.3-70b-versatile` in organization `org_01kk3rksfxeh5apr70he72t7p4` service tier `on_demand` on tokens per day (TPD): Limit 100000, Used 99851, Requested 429. Please try again in 4m1.92s. Need more tokens? Upgrade to Dev Tier today at https://console.groq.com/settings/billing', 'type': 'tokens', 'code': 'rate_limit_exceeded'}}
2026-04-23 12:25:29 | INFO | babydoc.app | Incoming query: 'how long breast milk can be stored'
2026-04-23 12:25:29 | DEBUG | babydoc.app | Retrieval score: 0.919 | top results: 5
2026-04-23 12:25:29 | INFO | babydoc.app | Mode: data | Score: 0.919
2026-04-23 12:25:29 | ERROR | babydoc.app | Groq API error: Error code: 429 - {'error': {'message': 'Rate limit reached for model `llama-3.3-70b-versatile` in organization `org_01kk3rksfxeh5apr70he72t7p4` service tier `on_demand` on tokens per day (TPD): Limit 100000, Used 99766, Requested 408. Please try again in 2m30.336s. Need more tokens? Upgrade to Dev Tier today at https://console.groq.com/settings/billing', 'type': 'tokens', 'code': 'rate_limit_exceeded'}}
2026-04-23 12:25:29 | ERROR | babydoc.app | Unhandled error in /chat: Error code: 429 - {'error': {'message': 'Rate limit reached for model `llama-3.3-70b-versatile` in organization `org_01kk3rksfxeh5apr70he72t7p4` service tier `on_demand` on tokens per day (TPD): Limit 100000, Used 99766, Requested 408. Please try again in 2m30.336s. Need more tokens? Upgrade to Dev Tier today at https://console.groq.com/settings/billing', 'type': 'tokens', 'code': 'rate_limit_exceeded'}}
2026-04-23 12:26:04 | INFO | babydoc.app | Incoming query: 'my milk supply is low how to increase'
2026-04-23 12:26:04 | DEBUG | babydoc.app | Retrieval score: 0.968 | top results: 5
2026-04-23 12:26:04 | INFO | babydoc.app | Mode: data | Score: 0.968
2026-04-23 12:26:05 | ERROR | babydoc.app | Groq API error: Error code: 429 - {'error': {'message': 'Rate limit reached for model `llama-3.3-70b-versatile` in organization `org_01kk3rksfxeh5apr70he72t7p4` service tier `on_demand` on tokens per day (TPD): Limit 100000, Used 99934, Requested 472. Please try again in 5m50.784s. Need more tokens? Upgrade to Dev Tier today at https://console.groq.com/settings/billing', 'type': 'tokens', 'code': 'rate_limit_exceeded'}}
2026-04-23 12:26:05 | ERROR | babydoc.app | Unhandled error in /chat: Error code: 429 - {'error': {'message': 'Rate limit reached for model `llama-3.3-70b-versatile` in organization `org_01kk3rksfxeh5apr70he72t7p4` service tier `on_demand` on tokens per day (TPD): Limit 100000, Used 99934, Requested 472. Please try again in 5m50.784s. Need more tokens? Upgrade to Dev Tier today at https://console.groq.com/settings/billing', 'type': 'tokens', 'code': 'rate_limit_exceeded'}}
2026-04-23 12:26:07 | INFO | babydoc.app | Incoming query: 'my baby is not latching what can I do'
2026-04-23 12:26:07 | DEBUG | babydoc.app | Retrieval score: 0.778 | top results: 5
2026-04-23 12:26:07 | INFO | babydoc.app | Mode: data | Score: 0.778
2026-04-23 12:26:07 | ERROR | babydoc.app | Groq API error: Error code: 429 - {'error': {'message': 'Rate limit reached for model `llama-3.3-70b-versatile` in organization `org_01kk3rksfxeh5apr70he72t7p4` service tier `on_demand` on tokens per day (TPD): Limit 100000, Used 99931, Requested 568. Please try again in 7m11.135999999s. Need more tokens? Upgrade to Dev Tier today at https://console.groq.com/settings/billing', 'type': 'tokens', 'code': 'rate_limit_exceeded'}}
2026-04-23 12:26:07 | ERROR | babydoc.app | Unhandled error in /chat: Error code: 429 - {'error': {'message': 'Rate limit reached for model `llama-3.3-70b-versatile` in organization `org_01kk3rksfxeh5apr70he72t7p4` service tier `on_demand` on tokens per day (TPD): Limit 100000, Used 99931, Requested 568. Please try again in 7m11.135999999s. Need more tokens? Upgrade to Dev Tier today at https://console.groq.com/settings/billing', 'type': 'tokens', 'code': 'rate_limit_exceeded'}}
2026-04-23 12:26:10 | INFO | babydoc.app | Incoming query: 'I have breastfeeding problem my nipples got cracked and it hurts'
2026-04-23 12:26:10 | DEBUG | babydoc.app | Retrieval score: 0.930 | top results: 5
2026-04-23 12:26:10 | INFO | babydoc.app | Mode: data | Score: 0.930
2026-04-23 12:26:10 | ERROR | babydoc.app | Groq API error: Error code: 429 - {'error': {'message': 'Rate limit reached for model `llama-3.3-70b-versatile` in organization `org_01kk3rksfxeh5apr70he72t7p4` service tier `on_demand` on tokens per day (TPD): Limit 100000, Used 99928, Requested 425. Please try again in 5m4.992s. Need more tokens? Upgrade to Dev Tier today at https://console.groq.com/settings/billing', 'type': 'tokens', 'code': 'rate_limit_exceeded'}}
2026-04-23 12:26:10 | ERROR | babydoc.app | Unhandled error in /chat: Error code: 429 - {'error': {'message': 'Rate limit reached for model `llama-3.3-70b-versatile` in organization `org_01kk3rksfxeh5apr70he72t7p4` service tier `on_demand` on tokens per day (TPD): Limit 100000, Used 99928, Requested 425. Please try again in 5m4.992s. Need more tokens? Upgrade to Dev Tier today at https://console.groq.com/settings/billing', 'type': 'tokens', 'code': 'rate_limit_exceeded'}}
2026-04-23 12:26:12 | INFO | babydoc.app | Incoming query: 'how to clear blocked milk ducts'
2026-04-23 12:26:13 | DEBUG | babydoc.app | Retrieval score: 0.865 | top results: 5
2026-04-23 12:26:13 | INFO | babydoc.app | Mode: data | Score: 0.865
2026-04-23 12:26:13 | ERROR | babydoc.app | Groq API error: Error code: 429 - {'error': {'message': 'Rate limit reached for model `llama-3.3-70b-versatile` in organization `org_01kk3rksfxeh5apr70he72t7p4` service tier `on_demand` on tokens per day (TPD): Limit 100000, Used 99925, Requested 383. Please try again in 4m26.111999999s. Need more tokens? Upgrade to Dev Tier today at https://console.groq.com/settings/billing', 'type': 'tokens', 'code': 'rate_limit_exceeded'}}
2026-04-23 12:26:13 | ERROR | babydoc.app | Unhandled error in /chat: Error code: 429 - {'error': {'message': 'Rate limit reached for model `llama-3.3-70b-versatile` in organization `org_01kk3rksfxeh5apr70he72t7p4` service tier `on_demand` on tokens per day (TPD): Limit 100000, Used 99925, Requested 383. Please try again in 4m26.111999999s. Need more tokens? Upgrade to Dev Tier today at https://console.groq.com/settings/billing', 'type': 'tokens', 'code': 'rate_limit_exceeded'}}
2026-04-23 12:26:15 | INFO | babydoc.app | Incoming query: 'baby has fever what to give'
2026-04-23 12:26:15 | DEBUG | babydoc.app | Retrieval score: 0.838 | top results: 5
2026-04-23 12:26:15 | INFO | babydoc.app | Mode: data | Score: 0.838
2026-04-23 12:26:15 | ERROR | babydoc.app | Groq API error: Error code: 429 - {'error': {'message': 'Rate limit reached for model `llama-3.3-70b-versatile` in organization `org_01kk3rksfxeh5apr70he72t7p4` service tier `on_demand` on tokens per day (TPD): Limit 100000, Used 99922, Requested 484. Please try again in 5m50.784s. Need more tokens? Upgrade to Dev Tier today at https://console.groq.com/settings/billing', 'type': 'tokens', 'code': 'rate_limit_exceeded'}}
2026-04-23 12:26:15 | ERROR | babydoc.app | Unhandled error in /chat: Error code: 429 - {'error': {'message': 'Rate limit reached for model `llama-3.3-70b-versatile` in organization `org_01kk3rksfxeh5apr70he72t7p4` service tier `on_demand` on tokens per day (TPD): Limit 100000, Used 99922, Requested 484. Please try again in 5m50.784s. Need more tokens? Upgrade to Dev Tier today at https://console.groq.com/settings/billing', 'type': 'tokens', 'code': 'rate_limit_exceeded'}}
2026-04-23 12:26:18 | INFO | babydoc.app | Incoming query: 'my baby is constipated what to do'
2026-04-23 12:26:18 | DEBUG | babydoc.app | Retrieval score: 0.888 | top results: 5
2026-04-23 12:26:18 | INFO | babydoc.app | Mode: data | Score: 0.888
2026-04-23 12:26:18 | ERROR | babydoc.app | Groq API error: Error code: 429 - {'error': {'message': 'Rate limit reached for model `llama-3.3-70b-versatile` in organization `org_01kk3rksfxeh5apr70he72t7p4` service tier `on_demand` on tokens per day (TPD): Limit 100000, Used 99919, Requested 454. Please try again in 5m22.272s. Need more tokens? Upgrade to Dev Tier today at https://console.groq.com/settings/billing', 'type': 'tokens', 'code': 'rate_limit_exceeded'}}
2026-04-23 12:26:18 | ERROR | babydoc.app | Unhandled error in /chat: Error code: 429 - {'error': {'message': 'Rate limit reached for model `llama-3.3-70b-versatile` in organization `org_01kk3rksfxeh5apr70he72t7p4` service tier `on_demand` on tokens per day (TPD): Limit 100000, Used 99919, Requested 454. Please try again in 5m22.272s. Need more tokens? Upgrade to Dev Tier today at https://console.groq.com/settings/billing', 'type': 'tokens', 'code': 'rate_limit_exceeded'}}
2026-04-23 12:26:21 | INFO | babydoc.app | Incoming query: 'my baby has loose motions what to do'
2026-04-23 12:26:21 | DEBUG | babydoc.app | Retrieval score: 0.775 | top results: 5
2026-04-23 12:26:21 | INFO | babydoc.app | Mode: data | Score: 0.775
2026-04-23 12:26:21 | ERROR | babydoc.app | Groq API error: Error code: 429 - {'error': {'message': 'Rate limit reached for model `llama-3.3-70b-versatile` in organization `org_01kk3rksfxeh5apr70he72t7p4` service tier `on_demand` on tokens per day (TPD): Limit 100000, Used 99916, Requested 425. Please try again in 4m54.623999999s. Need more tokens? Upgrade to Dev Tier today at https://console.groq.com/settings/billing', 'type': 'tokens', 'code': 'rate_limit_exceeded'}}
2026-04-23 12:26:21 | ERROR | babydoc.app | Unhandled error in /chat: Error code: 429 - {'error': {'message': 'Rate limit reached for model `llama-3.3-70b-versatile` in organization `org_01kk3rksfxeh5apr70he72t7p4` service tier `on_demand` on tokens per day (TPD): Limit 100000, Used 99916, Requested 425. Please try again in 4m54.623999999s. Need more tokens? Upgrade to Dev Tier today at https://console.groq.com/settings/billing', 'type': 'tokens', 'code': 'rate_limit_exceeded'}}
2026-04-23 12:26:23 | INFO | babydoc.app | Incoming query: 'when can I start solids for my baby'
2026-04-23 12:26:23 | DEBUG | babydoc.app | Retrieval score: 0.620 | top results: 5
2026-04-23 12:26:23 | INFO | babydoc.app | Mode: data | Score: 0.620
2026-04-23 12:26:23 | ERROR | babydoc.app | Groq API error: Error code: 429 - {'error': {'message': 'Rate limit reached for model `llama-3.3-70b-versatile` in organization `org_01kk3rksfxeh5apr70he72t7p4` service tier `on_demand` on tokens per day (TPD): Limit 100000, Used 99913, Requested 422. Please try again in 4m49.44s. Need more tokens? Upgrade to Dev Tier today at https://console.groq.com/settings/billing', 'type': 'tokens', 'code': 'rate_limit_exceeded'}}
2026-04-23 12:26:23 | ERROR | babydoc.app | Unhandled error in /chat: Error code: 429 - {'error': {'message': 'Rate limit reached for model `llama-3.3-70b-versatile` in organization `org_01kk3rksfxeh5apr70he72t7p4` service tier `on_demand` on tokens per day (TPD): Limit 100000, Used 99913, Requested 422. Please try again in 4m49.44s. Need more tokens? Upgrade to Dev Tier today at https://console.groq.com/settings/billing', 'type': 'tokens', 'code': 'rate_limit_exceeded'}}
2026-04-23 12:26:26 | INFO | babydoc.app | Incoming query: 'how many eggs should a breastfeeding mother eat'
2026-04-23 12:26:26 | DEBUG | babydoc.app | Retrieval score: 0.775 | top results: 5
2026-04-23 12:26:26 | INFO | babydoc.app | Mode: data | Score: 0.775
2026-04-23 12:26:26 | ERROR | babydoc.app | Groq API error: Error code: 429 - {'error': {'message': 'Rate limit reached for model `llama-3.3-70b-versatile` in organization `org_01kk3rksfxeh5apr70he72t7p4` service tier `on_demand` on tokens per day (TPD): Limit 100000, Used 99910, Requested 510. Please try again in 6m2.88s. Need more tokens? Upgrade to Dev Tier today at https://console.groq.com/settings/billing', 'type': 'tokens', 'code': 'rate_limit_exceeded'}}
2026-04-23 12:26:26 | ERROR | babydoc.app | Unhandled error in /chat: Error code: 429 - {'error': {'message': 'Rate limit reached for model `llama-3.3-70b-versatile` in organization `org_01kk3rksfxeh5apr70he72t7p4` service tier `on_demand` on tokens per day (TPD): Limit 100000, Used 99910, Requested 510. Please try again in 6m2.88s. Need more tokens? Upgrade to Dev Tier today at https://console.groq.com/settings/billing', 'type': 'tokens', 'code': 'rate_limit_exceeded'}}
2026-04-23 12:27:21 | INFO | babydoc.app | Momify API shutting down.
2026-04-23 12:27:36 | INFO | babydoc.app | Momify API starting up...
2026-04-23 12:27:39 | INFO | babydoc.app | Loaded 493 Q&A pairs from data\ALLQA_cleaned.json
2026-04-23 12:27:39 | INFO | babydoc.app | Incoming query: 'how long breast milk can be stored'
2026-04-23 12:27:39 | DEBUG | babydoc.app | Retrieval score: 0.919 | top results: 5
2026-04-23 12:27:39 | INFO | babydoc.app | Mode: data | Score: 0.919
2026-04-23 12:27:39 | INFO | babydoc.app | Response time: 477ms
2026-04-23 12:27:42 | INFO | babydoc.app | Incoming query: 'my milk supply is low how to increase'
2026-04-23 12:27:42 | DEBUG | babydoc.app | Retrieval score: 0.968 | top results: 5
2026-04-23 12:27:42 | INFO | babydoc.app | Mode: data | Score: 0.968
2026-04-23 12:27:43 | INFO | babydoc.app | Response time: 459ms
2026-04-23 12:27:46 | INFO | babydoc.app | Incoming query: 'my baby is not latching what can I do'
2026-04-23 12:27:46 | DEBUG | babydoc.app | Retrieval score: 0.778 | top results: 5
2026-04-23 12:27:46 | INFO | babydoc.app | Mode: data | Score: 0.778
2026-04-23 12:27:46 | INFO | babydoc.app | Response time: 352ms
2026-04-23 12:27:49 | INFO | babydoc.app | Incoming query: 'I have breastfeeding problem my nipples got cracked and it hurts'
2026-04-23 12:27:49 | DEBUG | babydoc.app | Retrieval score: 0.930 | top results: 5
2026-04-23 12:27:49 | INFO | babydoc.app | Mode: data | Score: 0.930
2026-04-23 12:27:50 | INFO | babydoc.app | Response time: 460ms
2026-04-23 12:27:53 | INFO | babydoc.app | Incoming query: 'how to clear blocked milk ducts'
2026-04-23 12:27:53 | DEBUG | babydoc.app | Retrieval score: 0.865 | top results: 5
2026-04-23 12:27:53 | INFO | babydoc.app | Mode: data | Score: 0.865
2026-04-23 12:27:53 | INFO | babydoc.app | Response time: 323ms
2026-04-23 12:27:56 | INFO | babydoc.app | Incoming query: 'baby has fever what to give'
2026-04-23 12:27:56 | DEBUG | babydoc.app | Retrieval score: 0.838 | top results: 5
2026-04-23 12:27:56 | INFO | babydoc.app | Mode: data | Score: 0.838
2026-04-23 12:27:56 | INFO | babydoc.app | Response time: 442ms
2026-04-23 12:27:59 | INFO | babydoc.app | Incoming query: 'my baby is constipated what to do'
2026-04-23 12:27:59 | DEBUG | babydoc.app | Retrieval score: 0.888 | top results: 5
2026-04-23 12:27:59 | INFO | babydoc.app | Mode: data | Score: 0.888
2026-04-23 12:28:00 | INFO | babydoc.app | Response time: 455ms
2026-04-23 12:28:03 | INFO | babydoc.app | Incoming query: 'my baby has loose motions what to do'
2026-04-23 12:28:03 | DEBUG | babydoc.app | Retrieval score: 0.775 | top results: 5
2026-04-23 12:28:03 | INFO | babydoc.app | Mode: data | Score: 0.775
2026-04-23 12:28:03 | INFO | babydoc.app | Response time: 202ms
2026-04-23 12:28:06 | INFO | babydoc.app | Incoming query: 'when can I start solids for my baby'
2026-04-23 12:28:06 | DEBUG | babydoc.app | Retrieval score: 0.620 | top results: 5
2026-04-23 12:28:06 | INFO | babydoc.app | Mode: data | Score: 0.620
2026-04-23 12:28:06 | INFO | babydoc.app | Response time: 493ms
2026-04-23 12:28:09 | INFO | babydoc.app | Incoming query: 'how many eggs should a breastfeeding mother eat'
2026-04-23 12:28:09 | DEBUG | babydoc.app | Retrieval score: 0.775 | top results: 5
2026-04-23 12:28:09 | INFO | babydoc.app | Mode: data | Score: 0.775
2026-04-23 12:28:10 | INFO | babydoc.app | Response time: 335ms
2026-04-23 12:28:12 | INFO | babydoc.app | Incoming query: 'diaper rash treatment'
2026-04-23 12:28:12 | DEBUG | babydoc.app | Retrieval score: 0.855 | top results: 5
2026-04-23 12:28:12 | INFO | babydoc.app | Mode: data | Score: 0.855
2026-04-23 12:28:13 | INFO | babydoc.app | Response time: 314ms
2026-04-23 12:28:16 | INFO | babydoc.app | Incoming query: 'when does teething start in babies'
2026-04-23 12:28:16 | DEBUG | babydoc.app | Retrieval score: 0.970 | top results: 5
2026-04-23 12:28:16 | INFO | babydoc.app | Mode: data | Score: 0.970
2026-04-23 12:28:16 | INFO | babydoc.app | Response time: 307ms
2026-04-23 12:28:19 | INFO | babydoc.app | Incoming query: 'postpartum depression mein kya karna chahiye'
2026-04-23 12:28:19 | DEBUG | babydoc.app | Retrieval score: 0.637 | top results: 5
2026-04-23 12:28:19 | INFO | babydoc.app | Mode: data | Score: 0.637
2026-04-23 12:28:19 | INFO | babydoc.app | Response time: 276ms
2026-04-23 12:28:22 | INFO | babydoc.app | Incoming query: 'baby bottle accept nahi kar raha kya karein'
2026-04-23 12:28:22 | DEBUG | babydoc.app | Retrieval score: 0.684 | top results: 5
2026-04-23 12:28:22 | INFO | babydoc.app | Mode: data | Score: 0.684
2026-04-23 12:28:23 | INFO | babydoc.app | Response time: 743ms
2026-04-23 12:28:26 | INFO | babydoc.app | Incoming query: 'when should I introduce cow milk'
2026-04-23 12:28:26 | DEBUG | babydoc.app | Retrieval score: 0.769 | top results: 5
2026-04-23 12:28:26 | INFO | babydoc.app | Mode: data | Score: 0.769
2026-04-23 12:28:26 | INFO | babydoc.app | Response time: 278ms
2026-04-23 12:28:29 | INFO | babydoc.app | Incoming query: 'what supplements should breastfeeding mother take after c section'
2026-04-23 12:28:29 | DEBUG | babydoc.app | Retrieval score: 0.868 | top results: 5
2026-04-23 12:28:29 | INFO | babydoc.app | Mode: data | Score: 0.868
2026-04-23 12:28:29 | INFO | babydoc.app | Response time: 403ms
2026-04-23 12:28:32 | INFO | babydoc.app | Incoming query: 'can I give dry fruits to 8 month old baby'
2026-04-23 12:28:32 | DEBUG | babydoc.app | Retrieval score: 0.844 | top results: 5
2026-04-23 12:28:32 | INFO | babydoc.app | Mode: data | Score: 0.844
2026-04-23 12:28:33 | INFO | babydoc.app | Response time: 475ms
2026-04-23 12:28:36 | INFO | babydoc.app | Incoming query: 'breastfeeding se weight loss hoti hai kya'
2026-04-23 12:28:36 | DEBUG | babydoc.app | Retrieval score: 0.707 | top results: 5
2026-04-23 12:28:36 | INFO | babydoc.app | Mode: data | Score: 0.707
2026-04-23 12:28:36 | INFO | babydoc.app | Incoming query: '?'
2026-04-23 12:28:36 | INFO | babydoc.app | Response time: 484ms
2026-04-23 12:28:36 | DEBUG | babydoc.app | Retrieval score: 0.648 | top results: 5
2026-04-23 12:28:36 | INFO | babydoc.app | Mode: data | Score: 0.648
2026-04-23 12:28:37 | INFO | babydoc.app | Response time: 468ms
2026-04-23 12:28:39 | INFO | babydoc.app | Incoming query: 'baby ki dry skin pe kya lagayein'
2026-04-23 12:28:39 | DEBUG | babydoc.app | Retrieval score: 0.653 | top results: 5
2026-04-23 12:28:39 | INFO | babydoc.app | Mode: data | Score: 0.653
2026-04-23 12:28:40 | INFO | babydoc.app | Response time: 651ms
2026-04-23 12:28:43 | INFO | babydoc.app | Incoming query: 'kya me usko ors de dun?\n\n'
2026-04-23 12:28:43 | DEBUG | babydoc.app | Retrieval score: 0.708 | top results: 5
2026-04-23 12:28:43 | INFO | babydoc.app | Mode: data | Score: 0.708
2026-04-23 12:28:43 | INFO | babydoc.app | Incoming query: 'nasal congestion mein kya karein'
2026-04-23 12:28:43 | DEBUG | babydoc.app | Retrieval score: 0.604 | top results: 5
2026-04-23 12:28:43 | INFO | babydoc.app | Mode: data | Score: 0.604
2026-04-23 12:28:43 | INFO | babydoc.app | Response time: 608ms
2026-04-23 12:28:44 | INFO | babydoc.app | Response time: 785ms
2026-04-23 12:28:47 | INFO | babydoc.app | Incoming query: 'kitne ghante tak doodh bahar rakh sakte hain'
2026-04-23 12:28:47 | DEBUG | babydoc.app | Retrieval score: 0.801 | top results: 5
2026-04-23 12:28:47 | INFO | babydoc.app | Mode: data | Score: 0.801
2026-04-23 12:28:47 | INFO | babydoc.app | Response time: 541ms
2026-04-23 12:28:50 | INFO | babydoc.app | Incoming query: 'breast mein doodh kam aa raha hai kaise badhayein'
2026-04-23 12:28:50 | DEBUG | babydoc.app | Retrieval score: 0.833 | top results: 5
2026-04-23 12:28:50 | INFO | babydoc.app | Mode: data | Score: 0.833
2026-04-23 12:28:51 | INFO | babydoc.app | Response time: 520ms
2026-04-23 12:28:54 | INFO | babydoc.app | Incoming query: 'my newborn refuses to latch on breast'
2026-04-23 12:28:54 | DEBUG | babydoc.app | Retrieval score: 0.730 | top results: 5
2026-04-23 12:28:54 | INFO | babydoc.app | Mode: data | Score: 0.730
2026-04-23 12:28:54 | INFO | babydoc.app | Response time: 374ms
2026-04-23 12:28:57 | INFO | babydoc.app | Incoming query: 'nipple crack ho gaya doodh pilane mein takleef ho rahi hai'
2026-04-23 12:28:57 | DEBUG | babydoc.app | Retrieval score: 0.705 | top results: 5
2026-04-23 12:28:57 | INFO | babydoc.app | Mode: data | Score: 0.705
2026-04-23 12:28:58 | INFO | babydoc.app | Response time: 655ms
2026-04-23 12:29:00 | INFO | babydoc.app | Incoming query: 'baby ka temperature high hai kya dena chahiye'
2026-04-23 12:29:00 | DEBUG | babydoc.app | Retrieval score: 0.735 | top results: 5
2026-04-23 12:29:00 | INFO | babydoc.app | Mode: data | Score: 0.735
2026-04-23 12:29:01 | INFO | babydoc.app | Response time: 423ms
2026-04-23 12:29:04 | INFO | babydoc.app | Incoming query: 'infant is not passing stool for 3 days'
2026-04-23 12:29:04 | DEBUG | babydoc.app | Retrieval score: 0.768 | top results: 5
2026-04-23 12:29:04 | INFO | babydoc.app | Mode: data | Score: 0.768
2026-04-23 12:29:04 | INFO | babydoc.app | Response time: 443ms
2026-04-23 12:29:07 | INFO | babydoc.app | Incoming query: 'chhote bachche ko solid food kab se shuru karein'
2026-04-23 12:29:07 | DEBUG | babydoc.app | Retrieval score: 0.652 | top results: 5
2026-04-23 12:29:07 | INFO | babydoc.app | Mode: data | Score: 0.652
2026-04-23 12:29:08 | INFO | babydoc.app | Response time: 792ms
2026-04-23 12:29:11 | INFO | babydoc.app | Incoming query: 'baby ke nappy area mein lali aa gayi hai'
2026-04-23 12:29:11 | DEBUG | babydoc.app | Retrieval score: 0.774 | top results: 5
2026-04-23 12:29:11 | INFO | babydoc.app | Mode: data | Score: 0.774
2026-04-23 12:29:11 | INFO | babydoc.app | Response time: 469ms
2026-04-23 12:29:16 | INFO | babydoc.app | Incoming query: 'my baby is teething and very irritable what helps'
2026-04-23 12:29:16 | DEBUG | babydoc.app | Retrieval score: 0.724 | top results: 5
2026-04-23 12:29:16 | INFO | babydoc.app | Mode: data | Score: 0.724
2026-04-23 12:29:17 | INFO | babydoc.app | Response time: 606ms
2026-04-23 12:29:22 | INFO | babydoc.app | Incoming query: 'mujhe depression ho raha hai delivery ke baad kya karoon'
2026-04-23 12:29:22 | DEBUG | babydoc.app | Retrieval score: 0.801 | top results: 5
2026-04-23 12:29:22 | INFO | babydoc.app | Mode: data | Score: 0.801
2026-04-23 12:29:23 | INFO | babydoc.app | Response time: 766ms
2026-04-23 12:29:28 | INFO | babydoc.app | Incoming query: 'my baby has runny nose and sneezing a lot'
2026-04-23 12:29:28 | DEBUG | babydoc.app | Retrieval score: 0.814 | top results: 5
2026-04-23 12:29:28 | INFO | babydoc.app | Mode: data | Score: 0.814
2026-04-23 12:29:28 | INFO | babydoc.app | Response time: 401ms
2026-04-23 12:29:33 | INFO | babydoc.app | Incoming query: 'gaye ka doodh bachche ko kab se de sakte hain'
2026-04-23 12:29:33 | DEBUG | babydoc.app | Retrieval score: 0.779 | top results: 5
2026-04-23 12:29:33 | INFO | babydoc.app | Mode: data | Score: 0.779
2026-04-23 12:29:36 | INFO | babydoc.app | Response time: 2759ms
2026-04-23 12:29:39 | INFO | babydoc.app | Incoming query: 'after cesarean what vitamins should I take while nursing'
2026-04-23 12:29:39 | DEBUG | babydoc.app | Retrieval score: 0.672 | top results: 5
2026-04-23 12:29:39 | INFO | babydoc.app | Mode: data | Score: 0.672
2026-04-23 12:29:40 | INFO | babydoc.app | Response time: 492ms
2026-04-23 12:29:45 | INFO | babydoc.app | Incoming query: 'infant skin is very flaky and rough what to apply'
2026-04-23 12:29:45 | DEBUG | babydoc.app | Retrieval score: 0.695 | top results: 5
2026-04-23 12:29:45 | INFO | babydoc.app | Mode: data | Score: 0.695
2026-04-23 12:29:45 | INFO | babydoc.app | Response time: 468ms
2026-04-23 12:29:50 | INFO | babydoc.app | Incoming query: 'bacha feeder se doodh nahi pita kya karein'
2026-04-23 12:29:50 | DEBUG | babydoc.app | Retrieval score: 0.707 | top results: 5
2026-04-23 12:29:50 | INFO | babydoc.app | Mode: data | Score: 0.707
2026-04-23 12:29:51 | INFO | babydoc.app | Response time: 518ms
2026-04-23 12:29:56 | INFO | babydoc.app | Incoming query: 'can I give ragi to my 6 month old baby'
2026-04-23 12:29:56 | DEBUG | babydoc.app | Retrieval score: 0.918 | top results: 5
2026-04-23 12:29:56 | INFO | babydoc.app | Mode: data | Score: 0.918
2026-04-23 12:29:56 | INFO | babydoc.app | Response time: 481ms
2026-04-23 12:30:01 | INFO | babydoc.app | Incoming query: 'how much water should I give to a 7 month old baby'
2026-04-23 12:30:01 | DEBUG | babydoc.app | Retrieval score: 0.943 | top results: 5
2026-04-23 12:30:01 | INFO | babydoc.app | Mode: data | Score: 0.943
2026-04-23 12:30:02 | INFO | babydoc.app | Response time: 589ms
2026-04-23 12:30:07 | INFO | babydoc.app | Incoming query: 'kya breastfeeding ke dauran dental treatment safe hai'
2026-04-23 12:30:07 | DEBUG | babydoc.app | Retrieval score: 0.715 | top results: 5
2026-04-23 12:30:07 | INFO | babydoc.app | Mode: data | Score: 0.715
2026-04-23 12:30:08 | INFO | babydoc.app | Response time: 855ms
2026-04-23 12:30:13 | INFO | babydoc.app | Incoming query: 'how to burp a baby who falls asleep while breastfeeding'
2026-04-23 12:30:13 | DEBUG | babydoc.app | Retrieval score: 0.802 | top results: 5
2026-04-23 12:30:13 | INFO | babydoc.app | Mode: data | Score: 0.802
2026-04-23 12:30:14 | INFO | babydoc.app | Response time: 594ms
2026-04-23 12:30:19 | INFO | babydoc.app | Incoming query: 'vitamin d drops kab tak dene chahiye'
2026-04-23 12:30:19 | DEBUG | babydoc.app | Retrieval score: 0.783 | top results: 5
2026-04-23 12:30:19 | INFO | babydoc.app | Mode: data | Score: 0.783
2026-04-23 12:30:19 | INFO | babydoc.app | Response time: 487ms
2026-04-23 12:30:24 | INFO | babydoc.app | Incoming query: 'can I give banana to my 7 month old'
2026-04-23 12:30:24 | DEBUG | babydoc.app | Retrieval score: 0.765 | top results: 5
2026-04-23 12:30:24 | INFO | babydoc.app | Mode: data | Score: 0.765
2026-04-23 12:30:25 | INFO | babydoc.app | Response time: 519ms
2026-04-23 12:30:30 | INFO | babydoc.app | Incoming query: 'baby ko colic hai kya karein'
2026-04-23 12:30:30 | DEBUG | babydoc.app | Retrieval score: 0.836 | top results: 5
2026-04-23 12:30:30 | INFO | babydoc.app | Mode: data | Score: 0.836
2026-04-23 12:30:30 | INFO | babydoc.app | Response time: 707ms
2026-04-23 12:30:35 | INFO | babydoc.app | Incoming query: 'normal weight gain for exclusively breastfed baby'
2026-04-23 12:30:35 | DEBUG | babydoc.app | Retrieval score: 0.753 | top results: 5
2026-04-23 12:30:35 | INFO | babydoc.app | Mode: data | Score: 0.753
2026-04-23 12:30:36 | INFO | babydoc.app | Response time: 533ms
2026-04-23 12:30:41 | INFO | babydoc.app | Incoming query: 'how to introduce eggs to 6 month old baby'
2026-04-23 12:30:41 | DEBUG | babydoc.app | Retrieval score: 0.692 | top results: 5
2026-04-23 12:30:41 | INFO | babydoc.app | Mode: data | Score: 0.692
2026-04-23 12:30:41 | INFO | babydoc.app | Response time: 392ms
2026-04-23 12:30:46 | INFO | babydoc.app | Incoming query: 'baby ko iron drops kab se start karein'
2026-04-23 12:30:46 | DEBUG | babydoc.app | Retrieval score: 0.773 | top results: 5
2026-04-23 12:30:46 | INFO | babydoc.app | Mode: data | Score: 0.773
2026-04-23 12:30:47 | INFO | babydoc.app | Response time: 701ms
2026-04-23 12:30:52 | INFO | babydoc.app | Incoming query: 'my 2 month old baby has fever of 101'
2026-04-23 12:30:52 | WARNING | babydoc.app | Safety triggered for query: 'my 2 month old baby has fever of 101'
2026-04-23 12:30:55 | INFO | babydoc.app | Incoming query: 'mere naye janam liye bachche ko bukhar hai'
2026-04-23 12:30:55 | WARNING | babydoc.app | Safety triggered for query: 'mere naye janam liye bachche ko bukhar hai'
2026-04-23 12:30:58 | INFO | babydoc.app | Incoming query: 'stool mein blood aa raha hai baby ke'
2026-04-23 12:30:58 | WARNING | babydoc.app | Safety triggered for query: 'stool mein blood aa raha hai baby ke'
2026-04-23 12:31:01 | INFO | babydoc.app | Incoming query: 'hi'
2026-04-23 12:31:01 | DEBUG | babydoc.app | Retrieval score: 0.519 | top results: 5
2026-04-23 12:31:01 | INFO | babydoc.app | Mode: weak | Score: 0.519
2026-04-23 12:31:01 | INFO | babydoc.app | Response time: 413ms
2026-04-23 12:31:06 | INFO | babydoc.app | Incoming query: 'my baby is not breathing properly and lips are turning blue'
2026-04-23 12:31:06 | WARNING | babydoc.app | Safety triggered for query: 'my baby is not breathing properly and lips are turning blue'
2026-04-23 12:32:01 | INFO | babydoc.app | Incoming query: 'hi'
2026-04-23 12:32:01 | DEBUG | babydoc.app | Retrieval score: 0.519 | top results: 5
2026-04-23 12:32:01 | INFO | babydoc.app | Mode: weak | Score: 0.519
2026-04-23 12:32:01 | INFO | babydoc.app | Response time: 383ms
2026-04-23 12:49:18 | INFO | babydoc.app | Incoming query: 'Hi'
2026-04-23 12:49:18 | DEBUG | babydoc.app | Retrieval score: 0.518 | top results: 5
2026-04-23 12:49:18 | INFO | babydoc.app | Mode: weak | Score: 0.518
2026-04-23 12:49:18 | INFO | babydoc.app | Response time: 464ms
2026-04-23 12:49:47 | INFO | babydoc.app | Incoming query: 'his age is 2 years , he is having fever since last night.'
2026-04-23 12:49:47 | DEBUG | babydoc.app | Retrieval score: 0.718 | top results: 5
2026-04-23 12:49:47 | INFO | babydoc.app | Mode: data | Score: 0.718
2026-04-23 12:49:47 | INFO | babydoc.app | Response time: 599ms
2026-04-23 12:50:28 | INFO | babydoc.app | Incoming query: 'temperature 101 F , weight is 12 kg . what medication should i give'
2026-04-23 12:50:28 | DEBUG | babydoc.app | Retrieval score: 0.588 | top results: 5
2026-04-23 12:50:28 | INFO | babydoc.app | Mode: weak | Score: 0.588
2026-04-23 12:50:29 | INFO | babydoc.app | Response time: 777ms
2026-04-23 12:54:49 | INFO | babydoc.app | Incoming query: 'mere baby ko fever he , uski age 2 years he weight 12 kg , kya dawa dun >'
2026-04-23 12:54:49 | DEBUG | babydoc.app | Retrieval score: 0.698 | top results: 5
2026-04-23 12:54:49 | INFO | babydoc.app | Mode: data | Score: 0.698
2026-04-23 12:54:50 | INFO | babydoc.app | Response time: 667ms
2026-04-23 23:24:46 | INFO | babydoc.app | Incoming query: 'hi'
2026-04-23 23:24:46 | DEBUG | babydoc.app | Retrieval score: 0.519 | top results: 5
2026-04-23 23:24:46 | INFO | babydoc.app | Mode: weak | Score: 0.519
2026-04-23 23:24:46 | INFO | babydoc.app | Response time: 767ms
2026-04-23 23:24:55 | INFO | babydoc.app | Incoming query: 'my baby age is 2 years'
2026-04-23 23:24:56 | DEBUG | babydoc.app | Retrieval score: 0.677 | top results: 5
2026-04-23 23:24:56 | INFO | babydoc.app | Mode: data | Score: 0.677
2026-04-23 23:24:56 | INFO | babydoc.app | Response time: 620ms
2026-04-23 23:25:22 | INFO | babydoc.app | Incoming query: 'my baby age is 1 year'
2026-04-23 23:25:22 | DEBUG | babydoc.app | Retrieval score: 0.700 | top results: 5
2026-04-23 23:25:22 | INFO | babydoc.app | Mode: data | Score: 0.700
2026-04-23 23:25:22 | INFO | babydoc.app | Response time: 724ms
2026-04-23 23:25:43 | INFO | babydoc.app | Incoming query: 'he is having fever since last night , his weight is 12 kg , what medicine should i give'
2026-04-23 23:25:43 | DEBUG | babydoc.app | Retrieval score: 0.770 | top results: 5
2026-04-23 23:25:43 | INFO | babydoc.app | Mode: data | Score: 0.770
2026-04-23 23:25:44 | INFO | babydoc.app | Response time: 673ms
2026-04-23 23:26:12 | INFO | babydoc.app | Incoming query: 'u tell me what medicine should i give'
2026-04-23 23:26:12 | DEBUG | babydoc.app | Retrieval score: 0.534 | top results: 5
2026-04-23 23:26:12 | INFO | babydoc.app | Mode: weak | Score: 0.534
2026-04-23 23:26:13 | INFO | babydoc.app | Response time: 702ms
2026-04-23 23:26:25 | INFO | babydoc.app | Incoming query: 'dosage?'
2026-04-23 23:26:25 | DEBUG | babydoc.app | Retrieval score: 0.621 | top results: 5
2026-04-23 23:26:25 | INFO | babydoc.app | Mode: data | Score: 0.621
2026-04-23 23:26:25 | INFO | babydoc.app | Response time: 483ms
2026-04-24 11:01:59 | INFO | babydoc.app | Momify API shutting down.
2026-04-24 11:02:42 | INFO | babydoc.app | Momify API starting up...
2026-04-24 11:02:47 | INFO | babydoc.app | Loaded 493 Q&A pairs from data\ALLQA_cleaned.json
2026-04-24 11:02:47 | INFO | babydoc.app | Momify API shutting down.
2026-04-24 11:03:01 | INFO | babydoc.app | Momify API starting up...
2026-04-24 11:03:06 | INFO | babydoc.app | Loaded 493 Q&A pairs from data\ALLQA_cleaned.json
2026-04-24 11:03:06 | INFO | babydoc.app | Momify API shutting down.
2026-04-24 11:03:23 | INFO | babydoc.app | Momify API starting up...
2026-04-24 11:03:28 | INFO | babydoc.app | Loaded 493 Q&A pairs from data\ALLQA_cleaned.json
2026-04-24 11:03:45 | INFO | babydoc.app | Momify API shutting down.
2026-04-24 11:04:02 | INFO | babydoc.app | Momify API starting up...
2026-04-24 11:04:07 | INFO | babydoc.app | Loaded 493 Q&A pairs from data\ALLQA_cleaned.json
2026-04-24 11:08:01 | INFO | babydoc.app | Momify API shutting down.
2026-04-24 11:08:18 | INFO | babydoc.app | Momify API starting up...
2026-04-24 11:08:23 | INFO | babydoc.app | Loaded 493 Q&A pairs from data\ALLQA_cleaned.json
2026-04-24 11:10:18 | INFO | babydoc.app | Momify API shutting down.
2026-04-24 11:10:33 | INFO | babydoc.app | Momify API starting up...
2026-04-24 11:10:36 | INFO | babydoc.app | Loaded 493 Q&A pairs from data\ALLQA_cleaned.json
2026-04-24 11:10:36 | INFO | babydoc.app | Momify API shutting down.
2026-04-24 11:10:50 | INFO | babydoc.app | Momify API starting up...
2026-04-24 11:10:54 | INFO | babydoc.app | Loaded 493 Q&A pairs from data\ALLQA_cleaned.json
2026-04-24 11:11:39 | INFO | babydoc.app | Momify API shutting down.
2026-04-24 11:11:53 | INFO | babydoc.app | Momify API starting up...
2026-04-24 11:11:56 | INFO | babydoc.app | Loaded 493 Q&A pairs from data\ALLQA_cleaned.json
2026-04-24 11:11:56 | INFO | babydoc.app | Momify API shutting down.
2026-04-24 11:12:10 | INFO | babydoc.app | Momify API starting up...
2026-04-24 11:12:14 | INFO | babydoc.app | Loaded 493 Q&A pairs from data\ALLQA_cleaned.json
2026-04-24 11:12:34 | INFO | babydoc.app | Momify API shutting down.
2026-04-24 11:12:48 | INFO | babydoc.app | Momify API starting up...
2026-04-24 11:12:52 | INFO | babydoc.app | Loaded 493 Q&A pairs from data\ALLQA_cleaned.json
2026-04-24 11:22:45 | INFO | babydoc.app | Incoming query: 'hi'
2026-04-24 11:22:45 | DEBUG | babydoc.app | Retrieval score: 0.519 | top results: 5
2026-04-24 11:22:45 | INFO | babydoc.app | Mode: weak | Score: 0.519
2026-04-24 11:22:46 | INFO | babydoc.app | Response time: 495ms
2026-04-24 11:23:06 | INFO | babydoc.app | Incoming query: 'his age is 2 years '
2026-04-24 11:23:06 | DEBUG | babydoc.app | Retrieval score: 0.586 | top results: 5
2026-04-24 11:23:06 | INFO | babydoc.app | Mode: weak | Score: 0.586
2026-04-24 11:23:07 | INFO | babydoc.app | Response time: 487ms
2026-04-24 11:23:39 | INFO | babydoc.app | Incoming query: 'he has having fever since last night , his weight is 12 kg , what medicine should i give?'
2026-04-24 11:23:39 | DEBUG | babydoc.app | Retrieval score: 0.745 | top results: 5
2026-04-24 11:23:39 | INFO | babydoc.app | Mode: data | Score: 0.745
2026-04-24 11:23:40 | INFO | babydoc.app | Response time: 628ms
2026-04-24 11:23:58 | INFO | babydoc.app | Incoming query: 'you tell medicine and dosage'
2026-04-24 11:23:58 | DEBUG | babydoc.app | Retrieval score: 0.529 | top results: 5
2026-04-24 11:23:58 | INFO | babydoc.app | Mode: weak | Score: 0.529
2026-04-24 11:23:58 | INFO | babydoc.app | Response time: 529ms
2026-04-24 11:30:20 | INFO | babydoc.app | Momify API shutting down.
2026-04-24 11:30:35 | INFO | babydoc.app | Momify API starting up...
2026-04-24 11:30:38 | INFO | babydoc.app | Loaded 493 Q&A pairs from data\ALLQA_cleaned.json
2026-04-24 11:56:20 | INFO | babydoc.app | Incoming query: 'Hey'
2026-04-24 11:56:20 | DEBUG | babydoc.app | Retrieval score: 0.540 | top results: 5
2026-04-24 11:56:20 | INFO | babydoc.app | Mode: weak | Score: 0.540
2026-04-24 11:56:21 | INFO | babydoc.app | Response time: 792ms
2026-04-24 11:57:29 | INFO | babydoc.app | Incoming query: 'mere baby ko fever he ,1 year age he 12 kg weights  what medicine and how much should i give him'
2026-04-24 11:57:29 | DEBUG | babydoc.app | Retrieval score: 0.653 | top results: 5
2026-04-24 11:57:29 | INFO | babydoc.app | Mode: data | Score: 0.653
2026-04-24 11:57:29 | INFO | babydoc.app | Response time: 765ms
2026-04-24 11:58:42 | INFO | babydoc.app | Incoming query: 'my baby have fever , his age is 1 year weight is 12 kg what medicine should i give?'
2026-04-24 11:58:42 | DEBUG | babydoc.app | Retrieval score: 0.746 | top results: 5
2026-04-24 11:58:42 | INFO | babydoc.app | Mode: data | Score: 0.746
2026-04-24 11:58:43 | INFO | babydoc.app | Response time: 847ms
2026-04-24 11:58:55 | INFO | babydoc.app | Incoming query: 'temperature is 101f'
2026-04-24 11:58:55 | DEBUG | babydoc.app | Retrieval score: 0.651 | top results: 5
2026-04-24 11:58:55 | INFO | babydoc.app | Mode: data | Score: 0.651
2026-04-24 11:58:56 | INFO | babydoc.app | Response time: 443ms
2026-04-24 16:20:54 | INFO | babydoc.app | Momify API shutting down.
2026-04-24 16:21:34 | INFO | babydoc.app | Momify API starting up...
2026-04-24 16:21:39 | INFO | babydoc.app | Loaded 493 Q&A pairs from data\ALLQA_cleaned.json
2026-04-26 15:37:58 | INFO | babydoc.app | Momify API shutting down.
2026-04-26 15:39:33 | INFO | babydoc.app | Momify API starting up...
2026-04-26 15:39:40 | INFO | babydoc.app | Loaded 493 Q&A pairs from data\ALLQA_cleaned.json
2026-04-26 15:39:40 | INFO | babydoc.app | Momify API shutting down.
2026-04-26 15:40:18 | INFO | babydoc.app | Momify API starting up...
2026-04-26 15:40:27 | INFO | babydoc.app | Loaded 493 Q&A pairs from data\ALLQA_cleaned.json
2026-04-26 15:40:44 | INFO | babydoc.app | Momify API shutting down.
2026-04-26 15:41:10 | INFO | babydoc.app | Momify API starting up...
2026-04-26 15:41:16 | INFO | babydoc.app | Loaded 493 Q&A pairs from data\ALLQA_cleaned.json
2026-04-26 15:41:16 | INFO | babydoc.app | Momify API shutting down.
2026-04-26 15:41:48 | INFO | babydoc.app | Momify API starting up...
2026-04-26 15:41:56 | INFO | babydoc.app | Loaded 493 Q&A pairs from data\ALLQA_cleaned.json
2026-04-26 15:45:04 | INFO | babydoc.app | Momify API shutting down.
2026-04-26 16:58:02 | INFO | babydoc.app | Momify API starting up...
2026-04-26 16:58:13 | INFO | babydoc.app | Loaded 493 Q&A pairs from data\ALLQA_cleaned.json
2026-04-27 10:15:29 | INFO | babydoc.app | Incoming query: 'hi'
2026-04-27 10:15:29 | DEBUG | babydoc.app | Retrieval score: 0.519 | top results: 5
2026-04-27 10:15:29 | INFO | babydoc.app | Mode: weak | Score: 0.519
2026-04-27 10:15:30 | INFO | babydoc.app | Response time: 1475ms
2026-04-27 10:15:47 | INFO | babydoc.app | Incoming query: "my baby's age is 1 year"
2026-04-27 10:15:47 | DEBUG | babydoc.app | Retrieval score: 0.707 | top results: 5
2026-04-27 10:15:47 | INFO | babydoc.app | Mode: data | Score: 0.707
2026-04-27 10:15:48 | INFO | babydoc.app | Response time: 868ms
2026-04-27 10:16:29 | INFO | babydoc.app | Incoming query: 'he is  having fever since last night ,'
2026-04-27 10:16:29 | DEBUG | babydoc.app | Retrieval score: 0.761 | top results: 5
2026-04-27 10:16:29 | INFO | babydoc.app | Mode: data | Score: 0.761
2026-04-27 10:16:30 | INFO | babydoc.app | Response time: 787ms
2026-04-27 10:17:11 | INFO | babydoc.app | Incoming query: 'temperature is 101 F, his weight is 12 kg , what medicine should i give?'
2026-04-27 10:17:11 | DEBUG | babydoc.app | Retrieval score: 0.645 | top results: 5
2026-04-27 10:17:11 | INFO | babydoc.app | Mode: data | Score: 0.645
2026-04-27 10:17:11 | INFO | babydoc.app | Response time: 704ms
2026-04-27 10:22:27 | INFO | babydoc.app | Momify API shutting down.
2026-04-27 10:24:13 | INFO | babydoc.app | Momify API starting up...
2026-04-27 10:24:20 | INFO | babydoc.app | Loaded 493 Q&A pairs from data\ALLQA_cleaned.json
2026-04-27 10:26:03 | INFO | babydoc.app | Momify API starting up...
2026-04-27 10:26:08 | INFO | babydoc.app | Loaded 493 Q&A pairs from data\ALLQA_cleaned.json
2026-04-27 10:29:56 | INFO | babydoc.app | Incoming query: 'hi'
2026-04-27 10:29:56 | DEBUG | babydoc.app | Retrieval score: 0.519 | top results: 5
2026-04-27 10:29:56 | INFO | babydoc.app | Mode: weak | Score: 0.519
2026-04-27 10:29:57 | INFO | babydoc.app | Response time: 925ms
2026-04-27 10:30:01 | INFO | babydoc.app | Incoming query: 'Hi'
2026-04-27 10:30:01 | DEBUG | babydoc.app | Retrieval score: 0.518 | top results: 5
2026-04-27 10:30:01 | INFO | babydoc.app | Mode: weak | Score: 0.518
2026-04-27 10:30:01 | INFO | babydoc.app | Response time: 395ms
2026-04-27 10:30:09 | INFO | babydoc.app | Incoming query: 'his age is 1 year'
2026-04-27 10:30:09 | DEBUG | babydoc.app | Retrieval score: 0.582 | top results: 5
2026-04-27 10:30:09 | INFO | babydoc.app | Mode: weak | Score: 0.582
2026-04-27 10:30:09 | INFO | babydoc.app | Response time: 463ms
2026-04-27 10:30:19 | INFO | babydoc.app | Incoming query: 'he is having fever'
2026-04-27 10:30:19 | DEBUG | babydoc.app | Retrieval score: 0.777 | top results: 5
2026-04-27 10:30:19 | INFO | babydoc.app | Mode: data | Score: 0.777
2026-04-27 10:30:20 | INFO | babydoc.app | Response time: 709ms
2026-04-27 10:30:34 | INFO | babydoc.app | Incoming query: 'his weight is 12 kg'
2026-04-27 10:30:34 | DEBUG | babydoc.app | Retrieval score: 0.574 | top results: 5
2026-04-27 10:30:34 | INFO | babydoc.app | Mode: weak | Score: 0.574
2026-04-27 10:30:34 | INFO | babydoc.app | Response time: 537ms
2026-04-27 10:36:15 | INFO | babydoc.app | Momify API shutting down.
2026-04-27 10:36:53 | INFO | babydoc.app | Momify API starting up...
2026-04-27 10:37:01 | INFO | babydoc.app | Loaded 493 Q&A pairs from data\ALLQA_cleaned.json
2026-04-27 10:37:01 | INFO | babydoc.app | Momify API shutting down.
2026-04-27 10:37:35 | INFO | babydoc.app | Momify API starting up...
2026-04-27 10:37:43 | INFO | babydoc.app | Loaded 493 Q&A pairs from data\ALLQA_cleaned.json
2026-04-27 10:38:46 | INFO | babydoc.app | Incoming query: 'hi'
2026-04-27 10:38:46 | DEBUG | babydoc.app | Retrieval score: 0.519 | top results: 5
2026-04-27 10:38:46 | INFO | babydoc.app | Mode: weak | Score: 0.519
2026-04-27 10:38:47 | INFO | babydoc.app | Response time: 1002ms
2026-04-27 10:39:01 | INFO | babydoc.app | Incoming query: 'his age is 1 year'
2026-04-27 10:39:01 | DEBUG | babydoc.app | Retrieval score: 0.582 | top results: 5
2026-04-27 10:39:01 | INFO | babydoc.app | Mode: weak | Score: 0.582
2026-04-27 10:39:02 | INFO | babydoc.app | Response time: 604ms
2026-04-27 10:39:20 | INFO | babydoc.app | Incoming query: 'he is having fever'
2026-04-27 10:39:20 | DEBUG | babydoc.app | Retrieval score: 0.777 | top results: 5
2026-04-27 10:39:20 | INFO | babydoc.app | Mode: data | Score: 0.777
2026-04-27 10:39:21 | INFO | babydoc.app | Response time: 740ms
2026-04-27 10:39:35 | INFO | babydoc.app | Incoming query: 'his weight is 12 kg'
2026-04-27 10:39:35 | DEBUG | babydoc.app | Retrieval score: 0.574 | top results: 5
2026-04-27 10:39:35 | INFO | babydoc.app | Mode: weak | Score: 0.574
2026-04-27 10:39:36 | INFO | babydoc.app | Response time: 672ms
2026-04-27 10:39:51 | INFO | babydoc.app | Incoming query: 'no his weight is 8kg'
2026-04-27 10:39:51 | DEBUG | babydoc.app | Retrieval score: 0.573 | top results: 5
2026-04-27 10:39:51 | INFO | babydoc.app | Mode: weak | Score: 0.573
2026-04-27 10:39:52 | INFO | babydoc.app | Response time: 646ms
2026-04-27 10:40:49 | INFO | babydoc.app | Incoming query: 'what is dosing intervel?'
2026-04-27 10:40:49 | DEBUG | babydoc.app | Retrieval score: 0.440 | top results: 5
2026-04-27 10:40:49 | INFO | babydoc.app | Mode: weak | Score: 0.440
2026-04-27 10:40:49 | INFO | babydoc.app | Response time: 618ms
2026-04-27 10:44:30 | INFO | babydoc.app | Momify API shutting down.
2026-04-27 10:44:55 | INFO | babydoc.app | Momify API starting up...
2026-04-27 10:45:01 | INFO | babydoc.app | Loaded 493 Q&A pairs from data\ALLQA_cleaned.json
2026-04-27 10:45:01 | INFO | babydoc.app | Momify API shutting down.
2026-04-27 10:45:24 | INFO | babydoc.app | Momify API starting up...
2026-04-27 10:45:29 | INFO | babydoc.app | Loaded 493 Q&A pairs from data\ALLQA_cleaned.json
2026-04-27 10:45:30 | INFO | babydoc.app | Momify API shutting down.
2026-04-27 10:45:51 | INFO | babydoc.app | Momify API starting up...
2026-04-27 10:45:56 | INFO | babydoc.app | Loaded 493 Q&A pairs from data\ALLQA_cleaned.json
2026-04-27 10:46:45 | INFO | babydoc.app | Incoming query: 'hi'
2026-04-27 10:46:45 | DEBUG | babydoc.app | Retrieval score: 0.519 | top results: 5
2026-04-27 10:46:45 | INFO | babydoc.app | Mode: weak | Score: 0.519
2026-04-27 10:46:46 | INFO | babydoc.app | Response time: 801ms
2026-04-27 10:46:59 | INFO | babydoc.app | Incoming query: 'her age is 1 yera'
2026-04-27 10:46:59 | DEBUG | babydoc.app | Retrieval score: 0.598 | top results: 5
2026-04-27 10:46:59 | INFO | babydoc.app | Mode: weak | Score: 0.598
2026-04-27 10:47:00 | INFO | babydoc.app | Response time: 672ms
2026-04-27 10:47:25 | INFO | babydoc.app | Incoming query: 'her weight is 10 kg '
2026-04-27 10:47:25 | DEBUG | babydoc.app | Retrieval score: 0.516 | top results: 5
2026-04-27 10:47:25 | INFO | babydoc.app | Mode: weak | Score: 0.516
2026-04-27 10:47:26 | INFO | babydoc.app | Response time: 634ms
2026-04-27 10:47:39 | INFO | babydoc.app | Incoming query: 'she is having fever'
2026-04-27 10:47:39 | DEBUG | babydoc.app | Retrieval score: 0.690 | top results: 5
2026-04-27 10:47:39 | INFO | babydoc.app | Mode: data | Score: 0.690
2026-04-27 10:47:39 | INFO | babydoc.app | Response time: 600ms
2026-04-27 10:47:51 | INFO | babydoc.app | Incoming query: 'it is 101 F'
2026-04-27 10:47:51 | DEBUG | babydoc.app | Retrieval score: 0.525 | top results: 5
2026-04-27 10:47:51 | INFO | babydoc.app | Mode: weak | Score: 0.525
2026-04-27 10:47:52 | INFO | babydoc.app | Response time: 1350ms
2026-04-27 11:02:51 | INFO | babydoc.app | Momify API shutting down.
2026-04-27 11:03:19 | INFO | babydoc.app | Momify API starting up...
2026-04-27 11:03:25 | INFO | babydoc.app | Loaded 493 Q&A pairs from data\ALLQA_cleaned.json
2026-04-27 11:05:15 | INFO | babydoc.app | Incoming query: 'hi'
2026-04-27 11:05:15 | DEBUG | babydoc.app | Retrieval score: 0.519 | top results: 5
2026-04-27 11:05:15 | INFO | babydoc.app | Mode: weak | Score: 0.519
2026-04-27 11:05:15 | INFO | babydoc.app | Response time: 717ms
2026-04-27 11:05:37 | INFO | babydoc.app | Incoming query: 'his age is 1 year , weight is 12 kg'
2026-04-27 11:05:37 | DEBUG | babydoc.app | Retrieval score: 0.667 | top results: 5
2026-04-27 11:05:37 | INFO | babydoc.app | Mode: data | Score: 0.667
2026-04-27 11:05:38 | INFO | babydoc.app | Response time: 1036ms
2026-04-27 11:06:10 | INFO | babydoc.app | Incoming query: 'he is having fever'
2026-04-27 11:06:10 | DEBUG | babydoc.app | Retrieval score: 0.777 | top results: 5
2026-04-27 11:06:10 | INFO | babydoc.app | Mode: data | Score: 0.777
2026-04-27 11:06:11 | INFO | babydoc.app | Response time: 915ms
2026-04-27 11:07:43 | INFO | babydoc.app | Momify API shutting down.
2026-04-27 11:08:16 | INFO | babydoc.app | Momify API starting up...
2026-04-27 11:08:24 | INFO | babydoc.app | Loaded 493 Q&A pairs from data\ALLQA_cleaned.json
2026-04-27 11:14:46 | INFO | babydoc.app | Momify API shutting down.
2026-04-27 11:15:16 | INFO | babydoc.app | Momify API starting up...
2026-04-27 11:15:24 | INFO | babydoc.app | Loaded 493 Q&A pairs from data\ALLQA_cleaned.json
2026-04-27 11:15:24 | INFO | babydoc.app | Momify API shutting down.
2026-04-27 11:15:53 | INFO | babydoc.app | Momify API starting up...
2026-04-27 11:15:59 | INFO | babydoc.app | Loaded 493 Q&A pairs from data\ALLQA_cleaned.json
2026-04-27 11:15:59 | INFO | babydoc.app | Momify API shutting down.
2026-04-27 11:16:27 | INFO | babydoc.app | Momify API starting up...
2026-04-27 11:16:33 | INFO | babydoc.app | Loaded 493 Q&A pairs from data\ALLQA_cleaned.json
2026-04-27 11:16:33 | INFO | babydoc.app | Momify API shutting down.
2026-04-27 11:16:56 | INFO | babydoc.app | Momify API starting up...
2026-04-27 11:17:04 | INFO | babydoc.app | Loaded 493 Q&A pairs from data\ALLQA_cleaned.json
2026-04-27 11:17:05 | INFO | babydoc.app | Momify API shutting down.
2026-04-27 11:17:28 | INFO | babydoc.app | Momify API starting up...
2026-04-27 11:17:34 | INFO | babydoc.app | Loaded 493 Q&A pairs from data\ALLQA_cleaned.json
2026-04-27 11:17:34 | INFO | babydoc.app | Momify API shutting down.
2026-04-27 11:18:03 | INFO | babydoc.app | Momify API starting up...
2026-04-27 11:18:12 | INFO | babydoc.app | Loaded 493 Q&A pairs from data\ALLQA_cleaned.json
2026-04-27 11:18:12 | INFO | babydoc.app | Momify API shutting down.
2026-04-27 11:18:41 | INFO | babydoc.app | Momify API starting up...
2026-04-27 11:18:50 | INFO | babydoc.app | Loaded 493 Q&A pairs from data\ALLQA_cleaned.json
2026-04-27 11:20:01 | INFO | babydoc.app | Incoming query: 'how long breast milk can be stored'
2026-04-27 11:20:01 | DEBUG | babydoc.app | Retrieval score: 0.919 | top results: 5
2026-04-27 11:20:01 | INFO | babydoc.app | Mode: data | Score: 0.919
2026-04-27 11:20:02 | INFO | babydoc.app | Response time: 800ms
2026-04-27 11:22:00 | INFO | babydoc.app | Momify API shutting down.
2026-04-27 11:22:26 | INFO | babydoc.app | Momify API starting up...
2026-04-27 11:22:35 | INFO | babydoc.app | Loaded 493 Q&A pairs from data\ALLQA_cleaned.json
2026-04-27 11:22:35 | INFO | babydoc.app | Momify API shutting down.
2026-04-27 11:23:10 | INFO | babydoc.app | Momify API starting up...
2026-04-27 11:23:18 | INFO | babydoc.app | Loaded 493 Q&A pairs from data\ALLQA_cleaned.json
2026-04-27 11:58:02 | INFO | babydoc.app | Incoming query: 'Hi'
2026-04-27 11:58:02 | DEBUG | babydoc.app | Retrieval score: 0.518 | top results: 5
2026-04-27 11:58:02 | INFO | babydoc.app | Mode: weak | Score: 0.518
2026-04-27 11:58:03 | INFO | babydoc.app | Response time: 886ms
2026-04-27 11:58:18 | INFO | babydoc.app | Incoming query: 'how long breast milk can be stored'
2026-04-27 11:58:18 | DEBUG | babydoc.app | Retrieval score: 0.919 | top results: 5
2026-04-27 11:58:18 | INFO | babydoc.app | Mode: data | Score: 0.919
2026-04-27 11:58:18 | INFO | babydoc.app | Response time: 696ms
2026-04-27 11:58:22 | INFO | babydoc.app | Incoming query: 'my milk supply is low how to increase'
2026-04-27 11:58:22 | DEBUG | babydoc.app | Retrieval score: 0.968 | top results: 5
2026-04-27 11:58:22 | INFO | babydoc.app | Mode: data | Score: 0.968
2026-04-27 11:58:22 | INFO | babydoc.app | Response time: 479ms
2026-04-27 11:58:25 | INFO | babydoc.app | Incoming query: 'my baby is not latching what can I do'
2026-04-27 11:58:25 | DEBUG | babydoc.app | Retrieval score: 0.778 | top results: 5
2026-04-27 11:58:25 | INFO | babydoc.app | Mode: data | Score: 0.778
2026-04-27 11:58:26 | INFO | babydoc.app | Response time: 577ms
2026-04-27 11:58:29 | INFO | babydoc.app | Incoming query: 'I have breastfeeding problem my nipples got cracked and it hurts'
2026-04-27 11:58:29 | DEBUG | babydoc.app | Retrieval score: 0.930 | top results: 5
2026-04-27 11:58:29 | INFO | babydoc.app | Mode: data | Score: 0.930
2026-04-27 11:58:29 | INFO | babydoc.app | Response time: 391ms
2026-04-27 11:58:32 | INFO | babydoc.app | Incoming query: 'how to clear blocked milk ducts'
2026-04-27 11:58:32 | DEBUG | babydoc.app | Retrieval score: 0.865 | top results: 5
2026-04-27 11:58:32 | INFO | babydoc.app | Mode: data | Score: 0.865
2026-04-27 11:58:33 | INFO | babydoc.app | Response time: 510ms
2026-04-27 11:58:36 | INFO | babydoc.app | Incoming query: 'baby has fever what to give'
2026-04-27 11:58:36 | DEBUG | babydoc.app | Retrieval score: 0.838 | top results: 5
2026-04-27 11:58:36 | INFO | babydoc.app | Mode: data | Score: 0.838
2026-04-27 11:58:36 | INFO | babydoc.app | Response time: 390ms
2026-04-27 11:58:39 | INFO | babydoc.app | Incoming query: 'my baby is constipated what to do'
2026-04-27 11:58:39 | DEBUG | babydoc.app | Retrieval score: 0.888 | top results: 5
2026-04-27 11:58:39 | INFO | babydoc.app | Mode: data | Score: 0.888
2026-04-27 11:58:39 | INFO | babydoc.app | Response time: 515ms
2026-04-27 11:58:42 | INFO | babydoc.app | Incoming query: 'my baby has loose motions what to do'
2026-04-27 11:58:42 | DEBUG | babydoc.app | Retrieval score: 0.775 | top results: 5
2026-04-27 11:58:42 | INFO | babydoc.app | Mode: data | Score: 0.775
2026-04-27 11:58:43 | INFO | babydoc.app | Response time: 612ms
2026-04-27 11:58:46 | INFO | babydoc.app | Incoming query: 'when can I start solids for my baby'
2026-04-27 11:58:46 | DEBUG | babydoc.app | Retrieval score: 0.620 | top results: 5
2026-04-27 11:58:46 | INFO | babydoc.app | Mode: data | Score: 0.620
2026-04-27 11:58:47 | INFO | babydoc.app | Response time: 545ms
2026-04-27 11:58:50 | INFO | babydoc.app | Incoming query: 'how many eggs should a breastfeeding mother eat'
2026-04-27 11:58:50 | DEBUG | babydoc.app | Retrieval score: 0.775 | top results: 5
2026-04-27 11:58:50 | INFO | babydoc.app | Mode: data | Score: 0.775
2026-04-27 11:58:50 | INFO | babydoc.app | Response time: 398ms
2026-04-27 11:58:53 | INFO | babydoc.app | Incoming query: 'diaper rash treatment'
2026-04-27 11:58:53 | DEBUG | babydoc.app | Retrieval score: 0.855 | top results: 5
2026-04-27 11:58:53 | INFO | babydoc.app | Mode: data | Score: 0.855
2026-04-27 11:58:53 | INFO | babydoc.app | Response time: 327ms
2026-04-27 11:58:56 | INFO | babydoc.app | Incoming query: 'when does teething start in babies'
2026-04-27 11:58:56 | DEBUG | babydoc.app | Retrieval score: 0.970 | top results: 5
2026-04-27 11:58:56 | INFO | babydoc.app | Mode: data | Score: 0.970
2026-04-27 11:58:57 | INFO | babydoc.app | Response time: 324ms
2026-04-27 11:59:00 | INFO | babydoc.app | Incoming query: 'postpartum depression mein kya karna chahiye'
2026-04-27 11:59:00 | DEBUG | babydoc.app | Retrieval score: 0.637 | top results: 5
2026-04-27 11:59:00 | INFO | babydoc.app | Mode: data | Score: 0.637
2026-04-27 11:59:00 | INFO | babydoc.app | Response time: 408ms
2026-04-27 11:59:03 | INFO | babydoc.app | Incoming query: 'baby bottle accept nahi kar raha kya karein'
2026-04-27 11:59:03 | DEBUG | babydoc.app | Retrieval score: 0.684 | top results: 5
2026-04-27 11:59:03 | INFO | babydoc.app | Mode: data | Score: 0.684
2026-04-27 11:59:04 | INFO | babydoc.app | Response time: 860ms
2026-04-27 11:59:07 | INFO | babydoc.app | Incoming query: 'when should I introduce cow milk'
2026-04-27 11:59:07 | DEBUG | babydoc.app | Retrieval score: 0.769 | top results: 5
2026-04-27 11:59:07 | INFO | babydoc.app | Mode: data | Score: 0.769
2026-04-27 11:59:07 | INFO | babydoc.app | Response time: 412ms
2026-04-27 11:59:10 | INFO | babydoc.app | Incoming query: 'what supplements should breastfeeding mother take after c section'
2026-04-27 11:59:10 | DEBUG | babydoc.app | Retrieval score: 0.868 | top results: 5
2026-04-27 11:59:10 | INFO | babydoc.app | Mode: data | Score: 0.868
2026-04-27 11:59:11 | INFO | babydoc.app | Response time: 487ms
2026-04-27 11:59:14 | INFO | babydoc.app | Incoming query: 'can I give dry fruits to 8 month old baby'
2026-04-27 11:59:14 | DEBUG | babydoc.app | Retrieval score: 0.844 | top results: 5
2026-04-27 11:59:14 | INFO | babydoc.app | Mode: data | Score: 0.844
2026-04-27 11:59:14 | INFO | babydoc.app | Response time: 514ms
2026-04-27 11:59:17 | INFO | babydoc.app | Incoming query: 'breastfeeding se weight loss hoti hai kya'
2026-04-27 11:59:17 | DEBUG | babydoc.app | Retrieval score: 0.707 | top results: 5
2026-04-27 11:59:17 | INFO | babydoc.app | Mode: data | Score: 0.707
2026-04-27 11:59:18 | INFO | babydoc.app | Response time: 698ms
2026-04-27 11:59:21 | INFO | babydoc.app | Incoming query: 'baby ki dry skin pe kya lagayein'
2026-04-27 11:59:21 | DEBUG | babydoc.app | Retrieval score: 0.653 | top results: 5
2026-04-27 11:59:21 | INFO | babydoc.app | Mode: data | Score: 0.653
2026-04-27 11:59:21 | INFO | babydoc.app | Response time: 504ms
2026-04-27 11:59:24 | INFO | babydoc.app | Incoming query: 'nasal congestion mein kya karein'
2026-04-27 11:59:24 | DEBUG | babydoc.app | Retrieval score: 0.604 | top results: 5
2026-04-27 11:59:24 | INFO | babydoc.app | Mode: data | Score: 0.604
2026-04-27 11:59:25 | INFO | babydoc.app | Response time: 632ms
2026-04-27 11:59:28 | INFO | babydoc.app | Incoming query: 'kitne ghante tak doodh bahar rakh sakte hain'
2026-04-27 11:59:28 | DEBUG | babydoc.app | Retrieval score: 0.801 | top results: 5
2026-04-27 11:59:28 | INFO | babydoc.app | Mode: data | Score: 0.801
2026-04-27 11:59:29 | INFO | babydoc.app | Response time: 1198ms
2026-04-27 11:59:32 | INFO | babydoc.app | Incoming query: 'breast mein doodh kam aa raha hai kaise badhayein'
2026-04-27 11:59:32 | DEBUG | babydoc.app | Retrieval score: 0.833 | top results: 5
2026-04-27 11:59:32 | INFO | babydoc.app | Mode: data | Score: 0.833
2026-04-27 11:59:33 | INFO | babydoc.app | Response time: 941ms
2026-04-27 11:59:36 | INFO | babydoc.app | Incoming query: 'my newborn refuses to latch on breast'
2026-04-27 11:59:36 | DEBUG | babydoc.app | Retrieval score: 0.730 | top results: 5
2026-04-27 11:59:36 | INFO | babydoc.app | Mode: data | Score: 0.730
2026-04-27 11:59:38 | INFO | babydoc.app | Response time: 1637ms
2026-04-27 11:59:41 | INFO | babydoc.app | Incoming query: 'nipple crack ho gaya doodh pilane mein takleef ho rahi hai'
2026-04-27 11:59:41 | DEBUG | babydoc.app | Retrieval score: 0.705 | top results: 5
2026-04-27 11:59:41 | INFO | babydoc.app | Mode: data | Score: 0.705
2026-04-27 11:59:41 | INFO | babydoc.app | Response time: 674ms
2026-04-27 11:59:44 | INFO | babydoc.app | Incoming query: 'baby ka temperature high hai kya dena chahiye'
2026-04-27 11:59:44 | DEBUG | babydoc.app | Retrieval score: 0.735 | top results: 5
2026-04-27 11:59:44 | INFO | babydoc.app | Mode: data | Score: 0.735
2026-04-27 11:59:45 | INFO | babydoc.app | Response time: 745ms
2026-04-27 11:59:48 | INFO | babydoc.app | Incoming query: 'infant is not passing stool for 3 days'
2026-04-27 11:59:48 | DEBUG | babydoc.app | Retrieval score: 0.768 | top results: 5
2026-04-27 11:59:48 | INFO | babydoc.app | Mode: data | Score: 0.768
2026-04-27 11:59:50 | INFO | babydoc.app | Response time: 1397ms
2026-04-27 11:59:53 | INFO | babydoc.app | Incoming query: 'chhote bachche ko solid food kab se shuru karein'
2026-04-27 11:59:53 | DEBUG | babydoc.app | Retrieval score: 0.652 | top results: 5
2026-04-27 11:59:53 | INFO | babydoc.app | Mode: data | Score: 0.652
2026-04-27 11:59:55 | INFO | babydoc.app | Response time: 2669ms
2026-04-27 12:00:00 | INFO | babydoc.app | Incoming query: 'baby ke nappy area mein lali aa gayi hai'
2026-04-27 12:00:00 | DEBUG | babydoc.app | Retrieval score: 0.774 | top results: 5
2026-04-27 12:00:00 | INFO | babydoc.app | Mode: data | Score: 0.774
2026-04-27 12:00:01 | INFO | babydoc.app | Response time: 1831ms
2026-04-27 12:00:06 | INFO | babydoc.app | Incoming query: 'my baby is teething and very irritable what helps'
2026-04-27 12:00:06 | DEBUG | babydoc.app | Retrieval score: 0.724 | top results: 5
2026-04-27 12:00:06 | INFO | babydoc.app | Mode: data | Score: 0.724
2026-04-27 12:00:08 | INFO | babydoc.app | Response time: 1715ms
2026-04-27 12:00:12 | INFO | babydoc.app | Incoming query: 'mujhe depression ho raha hai delivery ke baad kya karoon'
2026-04-27 12:00:12 | DEBUG | babydoc.app | Retrieval score: 0.801 | top results: 5
2026-04-27 12:00:12 | INFO | babydoc.app | Mode: data | Score: 0.801
2026-04-27 12:00:13 | INFO | babydoc.app | Response time: 1810ms
2026-04-27 12:00:19 | INFO | babydoc.app | Incoming query: 'my baby has runny nose and sneezing a lot'
2026-04-27 12:00:19 | DEBUG | babydoc.app | Retrieval score: 0.814 | top results: 5
2026-04-27 12:00:19 | INFO | babydoc.app | Mode: data | Score: 0.814
2026-04-27 12:00:19 | INFO | babydoc.app | Response time: 604ms
2026-04-27 12:00:23 | INFO | babydoc.app | Incoming query: 'gaye ka doodh bachche ko kab se de sakte hain'
2026-04-27 12:00:23 | DEBUG | babydoc.app | Retrieval score: 0.779 | top results: 5
2026-04-27 12:00:23 | INFO | babydoc.app | Mode: data | Score: 0.779
2026-04-27 12:00:26 | INFO | babydoc.app | Response time: 2594ms
2026-04-27 12:00:29 | INFO | babydoc.app | Incoming query: 'after cesarean what vitamins should I take while nursing'
2026-04-27 12:00:29 | DEBUG | babydoc.app | Retrieval score: 0.672 | top results: 5
2026-04-27 12:00:29 | INFO | babydoc.app | Mode: data | Score: 0.672
2026-04-27 12:00:30 | INFO | babydoc.app | Response time: 1449ms
2026-04-27 12:00:35 | INFO | babydoc.app | Incoming query: 'infant skin is very flaky and rough what to apply'
2026-04-27 12:00:35 | DEBUG | babydoc.app | Retrieval score: 0.695 | top results: 5
2026-04-27 12:00:35 | INFO | babydoc.app | Mode: data | Score: 0.695
2026-04-27 12:00:36 | INFO | babydoc.app | Response time: 1939ms
2026-04-27 12:00:40 | INFO | babydoc.app | Incoming query: 'bacha feeder se doodh nahi pita kya karein'
2026-04-27 12:00:41 | DEBUG | babydoc.app | Retrieval score: 0.707 | top results: 5
2026-04-27 12:00:41 | INFO | babydoc.app | Mode: data | Score: 0.707
2026-04-27 12:00:42 | INFO | babydoc.app | Response time: 1925ms
2026-04-27 12:00:47 | INFO | babydoc.app | Incoming query: 'can I give ragi to my 6 month old baby'
2026-04-27 12:00:47 | DEBUG | babydoc.app | Retrieval score: 0.918 | top results: 5
2026-04-27 12:00:47 | INFO | babydoc.app | Mode: data | Score: 0.918
2026-04-27 12:00:48 | INFO | babydoc.app | Response time: 1632ms
2026-04-27 12:00:53 | INFO | babydoc.app | Incoming query: 'how much water should I give to a 7 month old baby'
2026-04-27 12:00:53 | DEBUG | babydoc.app | Retrieval score: 0.943 | top results: 5
2026-04-27 12:00:53 | INFO | babydoc.app | Mode: data | Score: 0.943
2026-04-27 12:00:53 | INFO | babydoc.app | Response time: 618ms
2026-04-27 12:00:58 | INFO | babydoc.app | Incoming query: 'kya breastfeeding ke dauran dental treatment safe hai'
2026-04-27 12:00:58 | DEBUG | babydoc.app | Retrieval score: 0.715 | top results: 5
2026-04-27 12:00:58 | INFO | babydoc.app | Mode: data | Score: 0.715
2026-04-27 12:00:58 | INFO | babydoc.app | Response time: 679ms
2026-04-27 12:01:02 | INFO | babydoc.app | Incoming query: 'how to burp a baby who falls asleep while breastfeeding'
2026-04-27 12:01:02 | DEBUG | babydoc.app | Retrieval score: 0.802 | top results: 5
2026-04-27 12:01:02 | INFO | babydoc.app | Mode: data | Score: 0.802
2026-04-27 12:01:04 | INFO | babydoc.app | Response time: 1600ms
2026-04-27 12:01:08 | INFO | babydoc.app | Incoming query: 'vitamin d drops kab tak dene chahiye'
2026-04-27 12:01:08 | DEBUG | babydoc.app | Retrieval score: 0.783 | top results: 5
2026-04-27 12:01:08 | INFO | babydoc.app | Mode: data | Score: 0.783
2026-04-27 12:01:10 | INFO | babydoc.app | Response time: 1505ms
2026-04-27 12:01:13 | INFO | babydoc.app | Incoming query: 'can I give banana to my 7 month old'
2026-04-27 12:01:13 | DEBUG | babydoc.app | Retrieval score: 0.765 | top results: 5
2026-04-27 12:01:13 | INFO | babydoc.app | Mode: data | Score: 0.765
2026-04-27 12:01:14 | INFO | babydoc.app | Response time: 1441ms
2026-04-27 12:01:19 | INFO | babydoc.app | Incoming query: 'baby ko colic hai kya karein'
2026-04-27 12:01:19 | DEBUG | babydoc.app | Retrieval score: 0.836 | top results: 5
2026-04-27 12:01:19 | INFO | babydoc.app | Mode: data | Score: 0.836
2026-04-27 12:01:20 | INFO | babydoc.app | Response time: 907ms
2026-04-27 12:01:25 | INFO | babydoc.app | Incoming query: 'normal weight gain for exclusively breastfed baby'
2026-04-27 12:01:25 | DEBUG | babydoc.app | Retrieval score: 0.753 | top results: 5
2026-04-27 12:01:25 | INFO | babydoc.app | Mode: data | Score: 0.753
2026-04-27 12:01:26 | INFO | babydoc.app | Response time: 671ms
2026-04-27 12:01:31 | INFO | babydoc.app | Incoming query: 'how to introduce eggs to 6 month old baby'
2026-04-27 12:01:31 | DEBUG | babydoc.app | Retrieval score: 0.692 | top results: 5
2026-04-27 12:01:31 | INFO | babydoc.app | Mode: data | Score: 0.692
2026-04-27 12:01:32 | INFO | babydoc.app | Response time: 633ms
2026-04-27 12:01:37 | INFO | babydoc.app | Incoming query: 'baby ko iron drops kab se start karein'
2026-04-27 12:01:37 | DEBUG | babydoc.app | Retrieval score: 0.773 | top results: 5
2026-04-27 12:01:37 | INFO | babydoc.app | Mode: data | Score: 0.773
2026-04-27 12:01:37 | INFO | babydoc.app | Response time: 577ms
2026-04-27 12:01:43 | INFO | babydoc.app | Incoming query: 'my 2 month old baby has fever of 101'
2026-04-27 12:01:43 | WARNING | babydoc.app | Safety triggered for query: 'my 2 month old baby has fever of 101'
2026-04-27 12:01:45 | INFO | babydoc.app | Incoming query: 'mere naye janam liye bachche ko bukhar hai'
2026-04-27 12:01:45 | WARNING | babydoc.app | Safety triggered for query: 'mere naye janam liye bachche ko bukhar hai'
2026-04-27 12:01:48 | INFO | babydoc.app | Incoming query: 'stool mein blood aa raha hai baby ke'
2026-04-27 12:01:48 | WARNING | babydoc.app | Safety triggered for query: 'stool mein blood aa raha hai baby ke'
2026-04-27 12:01:51 | INFO | babydoc.app | Incoming query: 'hi'
2026-04-27 12:01:51 | DEBUG | babydoc.app | Retrieval score: 0.519 | top results: 5
2026-04-27 12:01:51 | INFO | babydoc.app | Mode: weak | Score: 0.519
2026-04-27 12:01:52 | INFO | babydoc.app | Response time: 548ms
2026-04-27 12:01:57 | INFO | babydoc.app | Incoming query: 'my baby is not breathing properly and lips are turning blue'
2026-04-27 12:01:57 | WARNING | babydoc.app | Safety triggered for query: 'my baby is not breathing properly and lips are turning blue'
2026-04-27 12:10:40 | INFO | babydoc.app | Momify API shutting down.
2026-04-27 12:11:07 | INFO | babydoc.app | Momify API starting up...
2026-04-27 12:11:14 | INFO | babydoc.app | Loaded 493 Q&A pairs from data\ALLQA_cleaned.json
2026-04-27 12:11:14 | INFO | babydoc.app | Momify API shutting down.
2026-04-27 12:11:38 | INFO | babydoc.app | Momify API starting up...
2026-04-27 12:11:47 | INFO | babydoc.app | Loaded 493 Q&A pairs from data\ALLQA_cleaned.json
2026-04-27 12:11:47 | INFO | babydoc.app | Momify API shutting down.
2026-04-27 12:12:12 | INFO | babydoc.app | Momify API starting up...
2026-04-27 12:12:20 | INFO | babydoc.app | Loaded 493 Q&A pairs from data\ALLQA_cleaned.json
2026-04-27 12:45:26 | INFO | babydoc.app | Incoming query: 'how long breast milk can be stored'
2026-04-27 12:45:26 | DEBUG | babydoc.app | Retrieval score: 0.919 | top results: 5
2026-04-27 12:45:26 | INFO | babydoc.app | Mode: data | Score: 0.919
2026-04-27 12:45:27 | INFO | babydoc.app | Response time: 657ms
2026-04-27 12:45:30 | INFO | babydoc.app | Incoming query: 'my milk supply is low how to increase'
2026-04-27 12:45:30 | DEBUG | babydoc.app | Retrieval score: 0.968 | top results: 5
2026-04-27 12:45:30 | INFO | babydoc.app | Mode: data | Score: 0.968
2026-04-27 12:45:31 | INFO | babydoc.app | Response time: 680ms
2026-04-27 12:45:34 | INFO | babydoc.app | Incoming query: 'my baby is not latching what can I do'
2026-04-27 12:45:34 | DEBUG | babydoc.app | Retrieval score: 0.778 | top results: 5
2026-04-27 12:45:34 | INFO | babydoc.app | Mode: data | Score: 0.778
2026-04-27 12:45:34 | INFO | babydoc.app | Response time: 692ms
2026-04-27 12:46:52 | INFO | babydoc.app | Incoming query: 'how long breast milk can be stored'
2026-04-27 12:46:53 | DEBUG | babydoc.app | Retrieval score: 0.919 | top results: 5
2026-04-27 12:46:53 | INFO | babydoc.app | Mode: data | Score: 0.919
2026-04-27 12:46:53 | INFO | babydoc.app | Response time: 441ms
2026-04-27 12:46:56 | INFO | babydoc.app | Incoming query: 'my milk supply is low how to increase'
2026-04-27 12:46:56 | DEBUG | babydoc.app | Retrieval score: 0.968 | top results: 5
2026-04-27 12:46:56 | INFO | babydoc.app | Mode: data | Score: 0.968
2026-04-27 12:46:56 | INFO | babydoc.app | Response time: 325ms
2026-04-27 12:46:59 | INFO | babydoc.app | Incoming query: 'my baby is not latching what can I do'
2026-04-27 12:46:59 | DEBUG | babydoc.app | Retrieval score: 0.778 | top results: 5
2026-04-27 12:46:59 | INFO | babydoc.app | Mode: data | Score: 0.778
2026-04-27 12:47:00 | INFO | babydoc.app | Response time: 407ms
2026-04-27 12:47:03 | INFO | babydoc.app | Incoming query: 'I have breastfeeding problem my nipples got cracked and it hurts'
2026-04-27 12:47:03 | DEBUG | babydoc.app | Retrieval score: 0.930 | top results: 5
2026-04-27 12:47:03 | INFO | babydoc.app | Mode: data | Score: 0.930
2026-04-27 12:47:03 | INFO | babydoc.app | Response time: 331ms
2026-04-27 12:47:06 | INFO | babydoc.app | Incoming query: 'how to clear blocked milk ducts'
2026-04-27 12:47:06 | DEBUG | babydoc.app | Retrieval score: 0.865 | top results: 5
2026-04-27 12:47:06 | INFO | babydoc.app | Mode: data | Score: 0.865
2026-04-27 12:47:06 | INFO | babydoc.app | Response time: 346ms
2026-04-27 12:47:09 | INFO | babydoc.app | Incoming query: 'baby has fever what to give'
2026-04-27 12:47:09 | DEBUG | babydoc.app | Retrieval score: 0.838 | top results: 5
2026-04-27 12:47:09 | INFO | babydoc.app | Mode: data | Score: 0.838
2026-04-27 12:47:10 | INFO | babydoc.app | Response time: 350ms
2026-04-27 12:47:13 | INFO | babydoc.app | Incoming query: 'my baby is constipated what to do'
2026-04-27 12:47:13 | DEBUG | babydoc.app | Retrieval score: 0.888 | top results: 5
2026-04-27 12:47:13 | INFO | babydoc.app | Mode: data | Score: 0.888
2026-04-27 12:47:13 | INFO | babydoc.app | Response time: 571ms
2026-04-27 12:47:16 | INFO | babydoc.app | Incoming query: 'my baby has loose motions what to do'
2026-04-27 12:47:16 | DEBUG | babydoc.app | Retrieval score: 0.775 | top results: 5
2026-04-27 12:47:16 | INFO | babydoc.app | Mode: data | Score: 0.775
2026-04-27 12:47:17 | INFO | babydoc.app | Response time: 706ms
2026-04-27 12:47:20 | INFO | babydoc.app | Incoming query: 'when can I start solids for my baby'
2026-04-27 12:47:20 | DEBUG | babydoc.app | Retrieval score: 0.620 | top results: 5
2026-04-27 12:47:20 | INFO | babydoc.app | Mode: data | Score: 0.620
2026-04-27 12:47:20 | INFO | babydoc.app | Response time: 422ms
2026-04-27 12:47:23 | INFO | babydoc.app | Incoming query: 'how many eggs should a breastfeeding mother eat'
2026-04-27 12:47:23 | DEBUG | babydoc.app | Retrieval score: 0.775 | top results: 5
2026-04-27 12:47:23 | INFO | babydoc.app | Mode: data | Score: 0.775
2026-04-27 12:47:24 | INFO | babydoc.app | Response time: 324ms
2026-04-27 12:47:31 | INFO | babydoc.app | Incoming query: 'how long breast milk can be stored'
2026-04-27 12:47:31 | DEBUG | babydoc.app | Retrieval score: 0.919 | top results: 5
2026-04-27 12:47:31 | INFO | babydoc.app | Mode: data | Score: 0.919
2026-04-27 12:47:31 | INFO | babydoc.app | Response time: 471ms
2026-04-27 12:47:34 | INFO | babydoc.app | Incoming query: 'my milk supply is low how to increase'
2026-04-27 12:47:34 | DEBUG | babydoc.app | Retrieval score: 0.968 | top results: 5
2026-04-27 12:47:34 | INFO | babydoc.app | Mode: data | Score: 0.968
2026-04-27 12:47:34 | ERROR | babydoc.app | Groq API error: Error code: 429 - {'error': {'message': 'Rate limit reached for model `llama-3.3-70b-versatile` in organization `org_01kk3rksfxeh5apr70he72t7p4` service tier `on_demand` on tokens per day (TPD): Limit 100000, Used 99745, Requested 780. Please try again in 7m33.6s. Need more tokens? Upgrade to Dev Tier today at https://console.groq.com/settings/billing', 'type': 'tokens', 'code': 'rate_limit_exceeded'}}
2026-04-27 12:47:34 | ERROR | babydoc.app | Unhandled error in /chat: Error code: 429 - {'error': {'message': 'Rate limit reached for model `llama-3.3-70b-versatile` in organization `org_01kk3rksfxeh5apr70he72t7p4` service tier `on_demand` on tokens per day (TPD): Limit 100000, Used 99745, Requested 780. Please try again in 7m33.6s. Need more tokens? Upgrade to Dev Tier today at https://console.groq.com/settings/billing', 'type': 'tokens', 'code': 'rate_limit_exceeded'}}
2026-04-27 12:47:37 | INFO | babydoc.app | Incoming query: 'my baby is not latching what can I do'
2026-04-27 12:47:37 | DEBUG | babydoc.app | Retrieval score: 0.778 | top results: 5
2026-04-27 12:47:37 | INFO | babydoc.app | Mode: data | Score: 0.778
2026-04-27 12:47:37 | ERROR | babydoc.app | Groq API error: Error code: 429 - {'error': {'message': 'Rate limit reached for model `llama-3.3-70b-versatile` in organization `org_01kk3rksfxeh5apr70he72t7p4` service tier `on_demand` on tokens per day (TPD): Limit 100000, Used 99742, Requested 938. Please try again in 9m47.52s. Need more tokens? Upgrade to Dev Tier today at https://console.groq.com/settings/billing', 'type': 'tokens', 'code': 'rate_limit_exceeded'}}
2026-04-27 12:47:37 | ERROR | babydoc.app | Unhandled error in /chat: Error code: 429 - {'error': {'message': 'Rate limit reached for model `llama-3.3-70b-versatile` in organization `org_01kk3rksfxeh5apr70he72t7p4` service tier `on_demand` on tokens per day (TPD): Limit 100000, Used 99742, Requested 938. Please try again in 9m47.52s. Need more tokens? Upgrade to Dev Tier today at https://console.groq.com/settings/billing', 'type': 'tokens', 'code': 'rate_limit_exceeded'}}
2026-04-27 12:47:39 | INFO | babydoc.app | Incoming query: 'I have breastfeeding problem my nipples got cracked and it hurts'
2026-04-27 12:47:39 | DEBUG | babydoc.app | Retrieval score: 0.930 | top results: 5
2026-04-27 12:47:39 | INFO | babydoc.app | Mode: data | Score: 0.930
2026-04-27 12:47:39 | ERROR | babydoc.app | Groq API error: Error code: 429 - {'error': {'message': 'Rate limit reached for model `llama-3.3-70b-versatile` in organization `org_01kk3rksfxeh5apr70he72t7p4` service tier `on_demand` on tokens per day (TPD): Limit 100000, Used 99739, Requested 790. Please try again in 7m37.056s. Need more tokens? Upgrade to Dev Tier today at https://console.groq.com/settings/billing', 'type': 'tokens', 'code': 'rate_limit_exceeded'}}
2026-04-27 12:47:39 | ERROR | babydoc.app | Unhandled error in /chat: Error code: 429 - {'error': {'message': 'Rate limit reached for model `llama-3.3-70b-versatile` in organization `org_01kk3rksfxeh5apr70he72t7p4` service tier `on_demand` on tokens per day (TPD): Limit 100000, Used 99739, Requested 790. Please try again in 7m37.056s. Need more tokens? Upgrade to Dev Tier today at https://console.groq.com/settings/billing', 'type': 'tokens', 'code': 'rate_limit_exceeded'}}
2026-04-27 12:47:42 | INFO | babydoc.app | Incoming query: 'how to clear blocked milk ducts'
2026-04-27 12:47:42 | DEBUG | babydoc.app | Retrieval score: 0.865 | top results: 5
2026-04-27 12:47:42 | INFO | babydoc.app | Mode: data | Score: 0.865
2026-04-27 12:47:42 | ERROR | babydoc.app | Groq API error: Error code: 429 - {'error': {'message': 'Rate limit reached for model `llama-3.3-70b-versatile` in organization `org_01kk3rksfxeh5apr70he72t7p4` service tier `on_demand` on tokens per day (TPD): Limit 100000, Used 99736, Requested 749. Please try again in 6m59.04s. Need more tokens? Upgrade to Dev Tier today at https://console.groq.com/settings/billing', 'type': 'tokens', 'code': 'rate_limit_exceeded'}}
2026-04-27 12:47:42 | ERROR | babydoc.app | Unhandled error in /chat: Error code: 429 - {'error': {'message': 'Rate limit reached for model `llama-3.3-70b-versatile` in organization `org_01kk3rksfxeh5apr70he72t7p4` service tier `on_demand` on tokens per day (TPD): Limit 100000, Used 99736, Requested 749. Please try again in 6m59.04s. Need more tokens? Upgrade to Dev Tier today at https://console.groq.com/settings/billing', 'type': 'tokens', 'code': 'rate_limit_exceeded'}}
2026-04-27 12:47:45 | INFO | babydoc.app | Incoming query: 'baby has fever what to give'
2026-04-27 12:47:45 | DEBUG | babydoc.app | Retrieval score: 0.838 | top results: 5
2026-04-27 12:47:45 | INFO | babydoc.app | Mode: data | Score: 0.838
2026-04-27 12:47:45 | ERROR | babydoc.app | Groq API error: Error code: 429 - {'error': {'message': 'Rate limit reached for model `llama-3.3-70b-versatile` in organization `org_01kk3rksfxeh5apr70he72t7p4` service tier `on_demand` on tokens per day (TPD): Limit 100000, Used 99733, Requested 792. Please try again in 7m33.6s. Need more tokens? Upgrade to Dev Tier today at https://console.groq.com/settings/billing', 'type': 'tokens', 'code': 'rate_limit_exceeded'}}
2026-04-27 12:47:45 | ERROR | babydoc.app | Unhandled error in /chat: Error code: 429 - {'error': {'message': 'Rate limit reached for model `llama-3.3-70b-versatile` in organization `org_01kk3rksfxeh5apr70he72t7p4` service tier `on_demand` on tokens per day (TPD): Limit 100000, Used 99733, Requested 792. Please try again in 7m33.6s. Need more tokens? Upgrade to Dev Tier today at https://console.groq.com/settings/billing', 'type': 'tokens', 'code': 'rate_limit_exceeded'}}
2026-04-27 12:49:27 | INFO | babydoc.app | Momify API shutting down.
2026-04-27 12:50:03 | INFO | babydoc.app | Momify API starting up...
2026-04-27 12:50:05 | INFO | babydoc.app | Loaded 493 Q&A pairs from data\ALLQA_cleaned.json
2026-04-27 12:50:05 | INFO | babydoc.app | Incoming query: 'how long breast milk can be stored'
2026-04-27 12:50:05 | DEBUG | babydoc.app | Retrieval score: 0.919 | top results: 5
2026-04-27 12:50:05 | INFO | babydoc.app | Mode: data | Score: 0.919
2026-04-27 12:50:06 | ERROR | babydoc.app | Groq API error: Error code: 429 - {'error': {'message': 'Rate limit reached for model `llama-3.3-70b-versatile` in organization `org_01kk3rksfxeh5apr70he72t7p4` service tier `on_demand` on tokens per day (TPD): Limit 100000, Used 99570, Requested 759. Please try again in 4m44.256s. Need more tokens? Upgrade to Dev Tier today at https://console.groq.com/settings/billing', 'type': 'tokens', 'code': 'rate_limit_exceeded'}}
2026-04-27 12:50:06 | ERROR | babydoc.app | Unhandled error in /chat: Error code: 429 - {'error': {'message': 'Rate limit reached for model `llama-3.3-70b-versatile` in organization `org_01kk3rksfxeh5apr70he72t7p4` service tier `on_demand` on tokens per day (TPD): Limit 100000, Used 99570, Requested 759. Please try again in 4m44.256s. Need more tokens? Upgrade to Dev Tier today at https://console.groq.com/settings/billing', 'type': 'tokens', 'code': 'rate_limit_exceeded'}}
2026-04-27 12:50:20 | INFO | babydoc.app | Incoming query: 'my milk supply is low how to increase'
2026-04-27 12:50:20 | DEBUG | babydoc.app | Retrieval score: 0.968 | top results: 5
2026-04-27 12:50:20 | INFO | babydoc.app | Mode: data | Score: 0.968
2026-04-27 12:50:20 | ERROR | babydoc.app | Groq API error: Error code: 429 - {'error': {'message': 'Rate limit reached for model `llama-3.3-70b-versatile` in organization `org_01kk3rksfxeh5apr70he72t7p4` service tier `on_demand` on tokens per day (TPD): Limit 100000, Used 99961, Requested 790. Please try again in 10m48.864s. Need more tokens? Upgrade to Dev Tier today at https://console.groq.com/settings/billing', 'type': 'tokens', 'code': 'rate_limit_exceeded'}}
2026-04-27 12:50:20 | ERROR | babydoc.app | Unhandled error in /chat: Error code: 429 - {'error': {'message': 'Rate limit reached for model `llama-3.3-70b-versatile` in organization `org_01kk3rksfxeh5apr70he72t7p4` service tier `on_demand` on tokens per day (TPD): Limit 100000, Used 99961, Requested 790. Please try again in 10m48.864s. Need more tokens? Upgrade to Dev Tier today at https://console.groq.com/settings/billing', 'type': 'tokens', 'code': 'rate_limit_exceeded'}}
2026-04-27 12:50:22 | INFO | babydoc.app | Incoming query: 'my baby is not latching what can I do'
2026-04-27 12:50:22 | DEBUG | babydoc.app | Retrieval score: 0.778 | top results: 5
2026-04-27 12:50:22 | INFO | babydoc.app | Mode: data | Score: 0.778
2026-04-27 12:50:22 | ERROR | babydoc.app | Groq API error: Error code: 429 - {'error': {'message': 'Rate limit reached for model `llama-3.3-70b-versatile` in organization `org_01kk3rksfxeh5apr70he72t7p4` service tier `on_demand` on tokens per day (TPD): Limit 100000, Used 99958, Requested 934. Please try again in 12m50.688s. Need more tokens? Upgrade to Dev Tier today at https://console.groq.com/settings/billing', 'type': 'tokens', 'code': 'rate_limit_exceeded'}}
2026-04-27 12:50:22 | ERROR | babydoc.app | Unhandled error in /chat: Error code: 429 - {'error': {'message': 'Rate limit reached for model `llama-3.3-70b-versatile` in organization `org_01kk3rksfxeh5apr70he72t7p4` service tier `on_demand` on tokens per day (TPD): Limit 100000, Used 99958, Requested 934. Please try again in 12m50.688s. Need more tokens? Upgrade to Dev Tier today at https://console.groq.com/settings/billing', 'type': 'tokens', 'code': 'rate_limit_exceeded'}}
2026-04-27 12:50:25 | INFO | babydoc.app | Incoming query: 'I have breastfeeding problem my nipples got cracked and it hurts'
2026-04-27 12:50:25 | DEBUG | babydoc.app | Retrieval score: 0.930 | top results: 5
2026-04-27 12:50:25 | INFO | babydoc.app | Mode: data | Score: 0.930
2026-04-27 12:50:25 | ERROR | babydoc.app | Groq API error: Error code: 429 - {'error': {'message': 'Rate limit reached for model `llama-3.3-70b-versatile` in organization `org_01kk3rksfxeh5apr70he72t7p4` service tier `on_demand` on tokens per day (TPD): Limit 100000, Used 99955, Requested 776. Please try again in 10m31.584s. Need more tokens? Upgrade to Dev Tier today at https://console.groq.com/settings/billing', 'type': 'tokens', 'code': 'rate_limit_exceeded'}}
2026-04-27 12:50:25 | ERROR | babydoc.app | Unhandled error in /chat: Error code: 429 - {'error': {'message': 'Rate limit reached for model `llama-3.3-70b-versatile` in organization `org_01kk3rksfxeh5apr70he72t7p4` service tier `on_demand` on tokens per day (TPD): Limit 100000, Used 99955, Requested 776. Please try again in 10m31.584s. Need more tokens? Upgrade to Dev Tier today at https://console.groq.com/settings/billing', 'type': 'tokens', 'code': 'rate_limit_exceeded'}}
2026-04-27 12:50:28 | INFO | babydoc.app | Incoming query: 'how to clear blocked milk ducts'
2026-04-27 12:50:28 | DEBUG | babydoc.app | Retrieval score: 0.865 | top results: 5
2026-04-27 12:50:28 | INFO | babydoc.app | Mode: data | Score: 0.865
2026-04-27 12:50:28 | ERROR | babydoc.app | Groq API error: Error code: 429 - {'error': {'message': 'Rate limit reached for model `llama-3.3-70b-versatile` in organization `org_01kk3rksfxeh5apr70he72t7p4` service tier `on_demand` on tokens per day (TPD): Limit 100000, Used 99952, Requested 749. Please try again in 10m5.664s. Need more tokens? Upgrade to Dev Tier today at https://console.groq.com/settings/billing', 'type': 'tokens', 'code': 'rate_limit_exceeded'}}
2026-04-27 12:50:28 | ERROR | babydoc.app | Unhandled error in /chat: Error code: 429 - {'error': {'message': 'Rate limit reached for model `llama-3.3-70b-versatile` in organization `org_01kk3rksfxeh5apr70he72t7p4` service tier `on_demand` on tokens per day (TPD): Limit 100000, Used 99952, Requested 749. Please try again in 10m5.664s. Need more tokens? Upgrade to Dev Tier today at https://console.groq.com/settings/billing', 'type': 'tokens', 'code': 'rate_limit_exceeded'}}
2026-04-27 12:50:30 | INFO | babydoc.app | Incoming query: 'baby has fever what to give'
2026-04-27 12:50:30 | DEBUG | babydoc.app | Retrieval score: 0.838 | top results: 5
2026-04-27 12:50:30 | INFO | babydoc.app | Mode: data | Score: 0.838
2026-04-27 12:50:30 | ERROR | babydoc.app | Groq API error: Error code: 429 - {'error': {'message': 'Rate limit reached for model `llama-3.3-70b-versatile` in organization `org_01kk3rksfxeh5apr70he72t7p4` service tier `on_demand` on tokens per day (TPD): Limit 100000, Used 99949, Requested 802. Please try again in 10m48.864s. Need more tokens? Upgrade to Dev Tier today at https://console.groq.com/settings/billing', 'type': 'tokens', 'code': 'rate_limit_exceeded'}}
2026-04-27 12:50:30 | ERROR | babydoc.app | Unhandled error in /chat: Error code: 429 - {'error': {'message': 'Rate limit reached for model `llama-3.3-70b-versatile` in organization `org_01kk3rksfxeh5apr70he72t7p4` service tier `on_demand` on tokens per day (TPD): Limit 100000, Used 99949, Requested 802. Please try again in 10m48.864s. Need more tokens? Upgrade to Dev Tier today at https://console.groq.com/settings/billing', 'type': 'tokens', 'code': 'rate_limit_exceeded'}}
2026-04-27 12:50:33 | INFO | babydoc.app | Incoming query: 'my baby is constipated what to do'
2026-04-27 12:50:33 | DEBUG | babydoc.app | Retrieval score: 0.888 | top results: 5
2026-04-27 12:50:33 | INFO | babydoc.app | Mode: data | Score: 0.888
2026-04-27 12:50:33 | ERROR | babydoc.app | Groq API error: Error code: 429 - {'error': {'message': 'Rate limit reached for model `llama-3.3-70b-versatile` in organization `org_01kk3rksfxeh5apr70he72t7p4` service tier `on_demand` on tokens per day (TPD): Limit 100000, Used 99946, Requested 810. Please try again in 10m53.184s. Need more tokens? Upgrade to Dev Tier today at https://console.groq.com/settings/billing', 'type': 'tokens', 'code': 'rate_limit_exceeded'}}
2026-04-27 12:50:33 | ERROR | babydoc.app | Unhandled error in /chat: Error code: 429 - {'error': {'message': 'Rate limit reached for model `llama-3.3-70b-versatile` in organization `org_01kk3rksfxeh5apr70he72t7p4` service tier `on_demand` on tokens per day (TPD): Limit 100000, Used 99946, Requested 810. Please try again in 10m53.184s. Need more tokens? Upgrade to Dev Tier today at https://console.groq.com/settings/billing', 'type': 'tokens', 'code': 'rate_limit_exceeded'}}
2026-04-27 12:50:36 | INFO | babydoc.app | Incoming query: 'my baby has loose motions what to do'
2026-04-27 12:50:36 | DEBUG | babydoc.app | Retrieval score: 0.775 | top results: 5
2026-04-27 12:50:36 | INFO | babydoc.app | Mode: data | Score: 0.775
2026-04-27 12:50:36 | ERROR | babydoc.app | Groq API error: Error code: 429 - {'error': {'message': 'Rate limit reached for model `llama-3.3-70b-versatile` in organization `org_01kk3rksfxeh5apr70he72t7p4` service tier `on_demand` on tokens per day (TPD): Limit 100000, Used 99943, Requested 781. Please try again in 10m25.536s. Need more tokens? Upgrade to Dev Tier today at https://console.groq.com/settings/billing', 'type': 'tokens', 'code': 'rate_limit_exceeded'}}
2026-04-27 12:50:36 | ERROR | babydoc.app | Unhandled error in /chat: Error code: 429 - {'error': {'message': 'Rate limit reached for model `llama-3.3-70b-versatile` in organization `org_01kk3rksfxeh5apr70he72t7p4` service tier `on_demand` on tokens per day (TPD): Limit 100000, Used 99943, Requested 781. Please try again in 10m25.536s. Need more tokens? Upgrade to Dev Tier today at https://console.groq.com/settings/billing', 'type': 'tokens', 'code': 'rate_limit_exceeded'}}
2026-04-27 12:50:38 | INFO | babydoc.app | Incoming query: 'when can I start solids for my baby'
2026-04-27 12:50:38 | DEBUG | babydoc.app | Retrieval score: 0.620 | top results: 5
2026-04-27 12:50:38 | INFO | babydoc.app | Mode: data | Score: 0.620
2026-04-27 12:50:39 | ERROR | babydoc.app | Groq API error: Error code: 429 - {'error': {'message': 'Rate limit reached for model `llama-3.3-70b-versatile` in organization `org_01kk3rksfxeh5apr70he72t7p4` service tier `on_demand` on tokens per day (TPD): Limit 100000, Used 99940, Requested 783. Please try again in 10m24.672s. Need more tokens? Upgrade to Dev Tier today at https://console.groq.com/settings/billing', 'type': 'tokens', 'code': 'rate_limit_exceeded'}}
2026-04-27 12:50:39 | ERROR | babydoc.app | Unhandled error in /chat: Error code: 429 - {'error': {'message': 'Rate limit reached for model `llama-3.3-70b-versatile` in organization `org_01kk3rksfxeh5apr70he72t7p4` service tier `on_demand` on tokens per day (TPD): Limit 100000, Used 99940, Requested 783. Please try again in 10m24.672s. Need more tokens? Upgrade to Dev Tier today at https://console.groq.com/settings/billing', 'type': 'tokens', 'code': 'rate_limit_exceeded'}}
2026-04-27 12:50:41 | INFO | babydoc.app | Incoming query: 'how many eggs should a breastfeeding mother eat'
2026-04-27 12:50:41 | DEBUG | babydoc.app | Retrieval score: 0.775 | top results: 5
2026-04-27 12:50:41 | INFO | babydoc.app | Mode: data | Score: 0.775
2026-04-27 12:50:41 | ERROR | babydoc.app | Groq API error: Error code: 429 - {'error': {'message': 'Rate limit reached for model `llama-3.3-70b-versatile` in organization `org_01kk3rksfxeh5apr70he72t7p4` service tier `on_demand` on tokens per day (TPD): Limit 100000, Used 99937, Requested 832. Please try again in 11m4.416s. Need more tokens? Upgrade to Dev Tier today at https://console.groq.com/settings/billing', 'type': 'tokens', 'code': 'rate_limit_exceeded'}}
2026-04-27 12:50:41 | ERROR | babydoc.app | Unhandled error in /chat: Error code: 429 - {'error': {'message': 'Rate limit reached for model `llama-3.3-70b-versatile` in organization `org_01kk3rksfxeh5apr70he72t7p4` service tier `on_demand` on tokens per day (TPD): Limit 100000, Used 99937, Requested 832. Please try again in 11m4.416s. Need more tokens? Upgrade to Dev Tier today at https://console.groq.com/settings/billing', 'type': 'tokens', 'code': 'rate_limit_exceeded'}}
2026-04-27 12:50:44 | INFO | babydoc.app | Incoming query: 'diaper rash treatment'
2026-04-27 12:50:44 | DEBUG | babydoc.app | Retrieval score: 0.855 | top results: 5
2026-04-27 12:50:44 | INFO | babydoc.app | Mode: data | Score: 0.855
2026-04-27 12:50:44 | ERROR | babydoc.app | Groq API error: Error code: 429 - {'error': {'message': 'Rate limit reached for model `llama-3.3-70b-versatile` in organization `org_01kk3rksfxeh5apr70he72t7p4` service tier `on_demand` on tokens per day (TPD): Limit 100000, Used 99934, Requested 830. Please try again in 11m0.096s. Need more tokens? Upgrade to Dev Tier today at https://console.groq.com/settings/billing', 'type': 'tokens', 'code': 'rate_limit_exceeded'}}
2026-04-27 12:50:44 | ERROR | babydoc.app | Unhandled error in /chat: Error code: 429 - {'error': {'message': 'Rate limit reached for model `llama-3.3-70b-versatile` in organization `org_01kk3rksfxeh5apr70he72t7p4` service tier `on_demand` on tokens per day (TPD): Limit 100000, Used 99934, Requested 830. Please try again in 11m0.096s. Need more tokens? Upgrade to Dev Tier today at https://console.groq.com/settings/billing', 'type': 'tokens', 'code': 'rate_limit_exceeded'}}
2026-04-27 12:50:47 | INFO | babydoc.app | Incoming query: 'when does teething start in babies'
2026-04-27 12:50:47 | DEBUG | babydoc.app | Retrieval score: 0.970 | top results: 5
2026-04-27 12:50:47 | INFO | babydoc.app | Mode: data | Score: 0.970
2026-04-27 12:50:47 | ERROR | babydoc.app | Groq API error: Error code: 429 - {'error': {'message': 'Rate limit reached for model `llama-3.3-70b-versatile` in organization `org_01kk3rksfxeh5apr70he72t7p4` service tier `on_demand` on tokens per day (TPD): Limit 100000, Used 99930, Requested 791. Please try again in 10m22.944s. Need more tokens? Upgrade to Dev Tier today at https://console.groq.com/settings/billing', 'type': 'tokens', 'code': 'rate_limit_exceeded'}}
2026-04-27 12:50:47 | ERROR | babydoc.app | Unhandled error in /chat: Error code: 429 - {'error': {'message': 'Rate limit reached for model `llama-3.3-70b-versatile` in organization `org_01kk3rksfxeh5apr70he72t7p4` service tier `on_demand` on tokens per day (TPD): Limit 100000, Used 99930, Requested 791. Please try again in 10m22.944s. Need more tokens? Upgrade to Dev Tier today at https://console.groq.com/settings/billing', 'type': 'tokens', 'code': 'rate_limit_exceeded'}}
2026-04-27 12:50:49 | INFO | babydoc.app | Incoming query: 'postpartum depression mein kya karna chahiye'
2026-04-27 12:50:49 | DEBUG | babydoc.app | Retrieval score: 0.637 | top results: 5
2026-04-27 12:50:49 | INFO | babydoc.app | Mode: data | Score: 0.637
2026-04-27 12:50:49 | ERROR | babydoc.app | Groq API error: Error code: 429 - {'error': {'message': 'Rate limit reached for model `llama-3.3-70b-versatile` in organization `org_01kk3rksfxeh5apr70he72t7p4` service tier `on_demand` on tokens per day (TPD): Limit 100000, Used 99927, Requested 840. Please try again in 11m2.688s. Need more tokens? Upgrade to Dev Tier today at https://console.groq.com/settings/billing', 'type': 'tokens', 'code': 'rate_limit_exceeded'}}
2026-04-27 12:50:49 | ERROR | babydoc.app | Unhandled error in /chat: Error code: 429 - {'error': {'message': 'Rate limit reached for model `llama-3.3-70b-versatile` in organization `org_01kk3rksfxeh5apr70he72t7p4` service tier `on_demand` on tokens per day (TPD): Limit 100000, Used 99927, Requested 840. Please try again in 11m2.688s. Need more tokens? Upgrade to Dev Tier today at https://console.groq.com/settings/billing', 'type': 'tokens', 'code': 'rate_limit_exceeded'}}
2026-04-27 12:50:52 | INFO | babydoc.app | Incoming query: 'baby bottle accept nahi kar raha kya karein'
2026-04-27 12:50:53 | DEBUG | babydoc.app | Retrieval score: 0.684 | top results: 5
2026-04-27 12:50:53 | INFO | babydoc.app | Mode: data | Score: 0.684
2026-04-27 12:50:53 | ERROR | babydoc.app | Groq API error: Error code: 429 - {'error': {'message': 'Rate limit reached for model `llama-3.3-70b-versatile` in organization `org_01kk3rksfxeh5apr70he72t7p4` service tier `on_demand` on tokens per day (TPD): Limit 100000, Used 99923, Requested 949. Please try again in 12m33.408s. Need more tokens? Upgrade to Dev Tier today at https://console.groq.com/settings/billing', 'type': 'tokens', 'code': 'rate_limit_exceeded'}}
2026-04-27 12:50:53 | ERROR | babydoc.app | Unhandled error in /chat: Error code: 429 - {'error': {'message': 'Rate limit reached for model `llama-3.3-70b-versatile` in organization `org_01kk3rksfxeh5apr70he72t7p4` service tier `on_demand` on tokens per day (TPD): Limit 100000, Used 99923, Requested 949. Please try again in 12m33.408s. Need more tokens? Upgrade to Dev Tier today at https://console.groq.com/settings/billing', 'type': 'tokens', 'code': 'rate_limit_exceeded'}}
2026-04-27 12:50:55 | INFO | babydoc.app | Incoming query: 'when should I introduce cow milk'
2026-04-27 12:50:55 | DEBUG | babydoc.app | Retrieval score: 0.769 | top results: 5
2026-04-27 12:50:55 | INFO | babydoc.app | Mode: data | Score: 0.769
2026-04-27 12:50:55 | ERROR | babydoc.app | Groq API error: Error code: 429 - {'error': {'message': 'Rate limit reached for model `llama-3.3-70b-versatile` in organization `org_01kk3rksfxeh5apr70he72t7p4` service tier `on_demand` on tokens per day (TPD): Limit 100000, Used 99920, Requested 774. Please try again in 9m59.616s. Need more tokens? Upgrade to Dev Tier today at https://console.groq.com/settings/billing', 'type': 'tokens', 'code': 'rate_limit_exceeded'}}
2026-04-27 12:50:55 | ERROR | babydoc.app | Unhandled error in /chat: Error code: 429 - {'error': {'message': 'Rate limit reached for model `llama-3.3-70b-versatile` in organization `org_01kk3rksfxeh5apr70he72t7p4` service tier `on_demand` on tokens per day (TPD): Limit 100000, Used 99920, Requested 774. Please try again in 9m59.616s. Need more tokens? Upgrade to Dev Tier today at https://console.groq.com/settings/billing', 'type': 'tokens', 'code': 'rate_limit_exceeded'}}
2026-04-27 12:50:58 | INFO | babydoc.app | Incoming query: 'what supplements should breastfeeding mother take after c section'
2026-04-27 12:50:58 | DEBUG | babydoc.app | Retrieval score: 0.868 | top results: 5
2026-04-27 12:50:58 | INFO | babydoc.app | Mode: data | Score: 0.868
2026-04-27 12:50:58 | ERROR | babydoc.app | Groq API error: Error code: 429 - {'error': {'message': 'Rate limit reached for model `llama-3.3-70b-versatile` in organization `org_01kk3rksfxeh5apr70he72t7p4` service tier `on_demand` on tokens per day (TPD): Limit 100000, Used 99917, Requested 815. Please try again in 10m32.448s. Need more tokens? Upgrade to Dev Tier today at https://console.groq.com/settings/billing', 'type': 'tokens', 'code': 'rate_limit_exceeded'}}
2026-04-27 12:50:58 | ERROR | babydoc.app | Unhandled error in /chat: Error code: 429 - {'error': {'message': 'Rate limit reached for model `llama-3.3-70b-versatile` in organization `org_01kk3rksfxeh5apr70he72t7p4` service tier `on_demand` on tokens per day (TPD): Limit 100000, Used 99917, Requested 815. Please try again in 10m32.448s. Need more tokens? Upgrade to Dev Tier today at https://console.groq.com/settings/billing', 'type': 'tokens', 'code': 'rate_limit_exceeded'}}
2026-04-27 12:51:01 | INFO | babydoc.app | Incoming query: 'can I give dry fruits to 8 month old baby'
2026-04-27 12:51:01 | DEBUG | babydoc.app | Retrieval score: 0.844 | top results: 5
2026-04-27 12:51:01 | INFO | babydoc.app | Mode: data | Score: 0.844
2026-04-27 12:51:01 | ERROR | babydoc.app | Groq API error: Error code: 429 - {'error': {'message': 'Rate limit reached for model `llama-3.3-70b-versatile` in organization `org_01kk3rksfxeh5apr70he72t7p4` service tier `on_demand` on tokens per day (TPD): Limit 100000, Used 99914, Requested 834. Please try again in 10m46.271999999s. Need more tokens? Upgrade to Dev Tier today at https://console.groq.com/settings/billing', 'type': 'tokens', 'code': 'rate_limit_exceeded'}}
2026-04-27 12:51:01 | ERROR | babydoc.app | Unhandled error in /chat: Error code: 429 - {'error': {'message': 'Rate limit reached for model `llama-3.3-70b-versatile` in organization `org_01kk3rksfxeh5apr70he72t7p4` service tier `on_demand` on tokens per day (TPD): Limit 100000, Used 99914, Requested 834. Please try again in 10m46.271999999s. Need more tokens? Upgrade to Dev Tier today at https://console.groq.com/settings/billing', 'type': 'tokens', 'code': 'rate_limit_exceeded'}}
2026-04-27 12:51:03 | INFO | babydoc.app | Incoming query: 'breastfeeding se weight loss hoti hai kya'
2026-04-27 12:51:03 | DEBUG | babydoc.app | Retrieval score: 0.707 | top results: 5
2026-04-27 12:51:03 | INFO | babydoc.app | Mode: data | Score: 0.707
2026-04-27 12:51:03 | ERROR | babydoc.app | Groq API error: Error code: 429 - {'error': {'message': 'Rate limit reached for model `llama-3.3-70b-versatile` in organization `org_01kk3rksfxeh5apr70he72t7p4` service tier `on_demand` on tokens per day (TPD): Limit 100000, Used 99911, Requested 807. Please try again in 10m20.352s. Need more tokens? Upgrade to Dev Tier today at https://console.groq.com/settings/billing', 'type': 'tokens', 'code': 'rate_limit_exceeded'}}
2026-04-27 12:51:03 | ERROR | babydoc.app | Unhandled error in /chat: Error code: 429 - {'error': {'message': 'Rate limit reached for model `llama-3.3-70b-versatile` in organization `org_01kk3rksfxeh5apr70he72t7p4` service tier `on_demand` on tokens per day (TPD): Limit 100000, Used 99911, Requested 807. Please try again in 10m20.352s. Need more tokens? Upgrade to Dev Tier today at https://console.groq.com/settings/billing', 'type': 'tokens', 'code': 'rate_limit_exceeded'}}
2026-04-27 12:51:06 | INFO | babydoc.app | Incoming query: 'baby ki dry skin pe kya lagayein'
2026-04-27 12:51:06 | DEBUG | babydoc.app | Retrieval score: 0.653 | top results: 5
2026-04-27 12:51:06 | INFO | babydoc.app | Mode: data | Score: 0.653
2026-04-27 12:51:06 | ERROR | babydoc.app | Groq API error: Error code: 429 - {'error': {'message': 'Rate limit reached for model `llama-3.3-70b-versatile` in organization `org_01kk3rksfxeh5apr70he72t7p4` service tier `on_demand` on tokens per day (TPD): Limit 100000, Used 99908, Requested 787. Please try again in 10m0.48s. Need more tokens? Upgrade to Dev Tier today at https://console.groq.com/settings/billing', 'type': 'tokens', 'code': 'rate_limit_exceeded'}}
2026-04-27 12:51:06 | ERROR | babydoc.app | Unhandled error in /chat: Error code: 429 - {'error': {'message': 'Rate limit reached for model `llama-3.3-70b-versatile` in organization `org_01kk3rksfxeh5apr70he72t7p4` service tier `on_demand` on tokens per day (TPD): Limit 100000, Used 99908, Requested 787. Please try again in 10m0.48s. Need more tokens? Upgrade to Dev Tier today at https://console.groq.com/settings/billing', 'type': 'tokens', 'code': 'rate_limit_exceeded'}}
2026-04-27 12:51:09 | INFO | babydoc.app | Incoming query: 'nasal congestion mein kya karein'
2026-04-27 12:51:09 | DEBUG | babydoc.app | Retrieval score: 0.604 | top results: 5
2026-04-27 12:51:09 | INFO | babydoc.app | Mode: data | Score: 0.604
2026-04-27 12:51:09 | ERROR | babydoc.app | Groq API error: Error code: 429 - {'error': {'message': 'Rate limit reached for model `llama-3.3-70b-versatile` in organization `org_01kk3rksfxeh5apr70he72t7p4` service tier `on_demand` on tokens per day (TPD): Limit 100000, Used 99905, Requested 856. Please try again in 10m57.504s. Need more tokens? Upgrade to Dev Tier today at https://console.groq.com/settings/billing', 'type': 'tokens', 'code': 'rate_limit_exceeded'}}
2026-04-27 12:51:09 | ERROR | babydoc.app | Unhandled error in /chat: Error code: 429 - {'error': {'message': 'Rate limit reached for model `llama-3.3-70b-versatile` in organization `org_01kk3rksfxeh5apr70he72t7p4` service tier `on_demand` on tokens per day (TPD): Limit 100000, Used 99905, Requested 856. Please try again in 10m57.504s. Need more tokens? Upgrade to Dev Tier today at https://console.groq.com/settings/billing', 'type': 'tokens', 'code': 'rate_limit_exceeded'}}
2026-04-27 12:51:11 | INFO | babydoc.app | Incoming query: 'kitne ghante tak doodh bahar rakh sakte hain'
2026-04-27 12:51:11 | DEBUG | babydoc.app | Retrieval score: 0.801 | top results: 5
2026-04-27 12:51:11 | INFO | babydoc.app | Mode: data | Score: 0.801
2026-04-27 12:51:12 | ERROR | babydoc.app | Groq API error: Error code: 429 - {'error': {'message': 'Rate limit reached for model `llama-3.3-70b-versatile` in organization `org_01kk3rksfxeh5apr70he72t7p4` service tier `on_demand` on tokens per day (TPD): Limit 100000, Used 99902, Requested 779. Please try again in 9m48.384s. Need more tokens? Upgrade to Dev Tier today at https://console.groq.com/settings/billing', 'type': 'tokens', 'code': 'rate_limit_exceeded'}}
2026-04-27 12:51:12 | ERROR | babydoc.app | Unhandled error in /chat: Error code: 429 - {'error': {'message': 'Rate limit reached for model `llama-3.3-70b-versatile` in organization `org_01kk3rksfxeh5apr70he72t7p4` service tier `on_demand` on tokens per day (TPD): Limit 100000, Used 99902, Requested 779. Please try again in 9m48.384s. Need more tokens? Upgrade to Dev Tier today at https://console.groq.com/settings/billing', 'type': 'tokens', 'code': 'rate_limit_exceeded'}}
2026-04-27 12:51:14 | INFO | babydoc.app | Incoming query: 'breast mein doodh kam aa raha hai kaise badhayein'
2026-04-27 12:51:14 | DEBUG | babydoc.app | Retrieval score: 0.833 | top results: 5
2026-04-27 12:51:14 | INFO | babydoc.app | Mode: data | Score: 0.833
2026-04-27 12:51:14 | ERROR | babydoc.app | Groq API error: Error code: 429 - {'error': {'message': 'Rate limit reached for model `llama-3.3-70b-versatile` in organization `org_01kk3rksfxeh5apr70he72t7p4` service tier `on_demand` on tokens per day (TPD): Limit 100000, Used 99898, Requested 847. Please try again in 10m43.68s. Need more tokens? Upgrade to Dev Tier today at https://console.groq.com/settings/billing', 'type': 'tokens', 'code': 'rate_limit_exceeded'}}
2026-04-27 12:51:14 | ERROR | babydoc.app | Unhandled error in /chat: Error code: 429 - {'error': {'message': 'Rate limit reached for model `llama-3.3-70b-versatile` in organization `org_01kk3rksfxeh5apr70he72t7p4` service tier `on_demand` on tokens per day (TPD): Limit 100000, Used 99898, Requested 847. Please try again in 10m43.68s. Need more tokens? Upgrade to Dev Tier today at https://console.groq.com/settings/billing', 'type': 'tokens', 'code': 'rate_limit_exceeded'}}
2026-04-27 12:51:17 | INFO | babydoc.app | Incoming query: 'baby ka temperature high hai kya dena chahiye'
2026-04-27 12:51:17 | DEBUG | babydoc.app | Retrieval score: 0.735 | top results: 5
2026-04-27 12:51:17 | INFO | babydoc.app | Mode: data | Score: 0.735
2026-04-27 12:51:17 | ERROR | babydoc.app | Groq API error: Error code: 429 - {'error': {'message': 'Rate limit reached for model `llama-3.3-70b-versatile` in organization `org_01kk3rksfxeh5apr70he72t7p4` service tier `on_demand` on tokens per day (TPD): Limit 100000, Used 99895, Requested 809. Please try again in 10m8.256s. Need more tokens? Upgrade to Dev Tier today at https://console.groq.com/settings/billing', 'type': 'tokens', 'code': 'rate_limit_exceeded'}}
2026-04-27 12:51:17 | ERROR | babydoc.app | Unhandled error in /chat: Error code: 429 - {'error': {'message': 'Rate limit reached for model `llama-3.3-70b-versatile` in organization `org_01kk3rksfxeh5apr70he72t7p4` service tier `on_demand` on tokens per day (TPD): Limit 100000, Used 99895, Requested 809. Please try again in 10m8.256s. Need more tokens? Upgrade to Dev Tier today at https://console.groq.com/settings/billing', 'type': 'tokens', 'code': 'rate_limit_exceeded'}}
2026-04-27 12:51:20 | INFO | babydoc.app | Incoming query: 'infant is not passing stool for 3 days'
2026-04-27 12:51:20 | DEBUG | babydoc.app | Retrieval score: 0.768 | top results: 5
2026-04-27 12:51:20 | INFO | babydoc.app | Mode: data | Score: 0.768
2026-04-27 12:51:20 | ERROR | babydoc.app | Groq API error: Error code: 429 - {'error': {'message': 'Rate limit reached for model `llama-3.3-70b-versatile` in organization `org_01kk3rksfxeh5apr70he72t7p4` service tier `on_demand` on tokens per day (TPD): Limit 100000, Used 99892, Requested 857. Please try again in 10m47.136s. Need more tokens? Upgrade to Dev Tier today at https://console.groq.com/settings/billing', 'type': 'tokens', 'code': 'rate_limit_exceeded'}}
2026-04-27 12:51:20 | ERROR | babydoc.app | Unhandled error in /chat: Error code: 429 - {'error': {'message': 'Rate limit reached for model `llama-3.3-70b-versatile` in organization `org_01kk3rksfxeh5apr70he72t7p4` service tier `on_demand` on tokens per day (TPD): Limit 100000, Used 99892, Requested 857. Please try again in 10m47.136s. Need more tokens? Upgrade to Dev Tier today at https://console.groq.com/settings/billing', 'type': 'tokens', 'code': 'rate_limit_exceeded'}}
2026-04-27 12:51:23 | INFO | babydoc.app | Incoming query: 'can I give ragi to my 6 month old baby'
2026-04-27 12:51:23 | DEBUG | babydoc.app | Retrieval score: 0.918 | top results: 5
2026-04-27 12:51:23 | INFO | babydoc.app | Mode: data | Score: 0.918
2026-04-27 12:51:23 | ERROR | babydoc.app | Groq API error: Error code: 429 - {'error': {'message': 'Rate limit reached for model `llama-3.3-70b-versatile` in organization `org_01kk3rksfxeh5apr70he72t7p4` service tier `on_demand` on tokens per day (TPD): Limit 100000, Used 99889, Requested 759. Please try again in 9m19.872s. Need more tokens? Upgrade to Dev Tier today at https://console.groq.com/settings/billing', 'type': 'tokens', 'code': 'rate_limit_exceeded'}}
2026-04-27 12:51:23 | ERROR | babydoc.app | Unhandled error in /chat: Error code: 429 - {'error': {'message': 'Rate limit reached for model `llama-3.3-70b-versatile` in organization `org_01kk3rksfxeh5apr70he72t7p4` service tier `on_demand` on tokens per day (TPD): Limit 100000, Used 99889, Requested 759. Please try again in 9m19.872s. Need more tokens? Upgrade to Dev Tier today at https://console.groq.com/settings/billing', 'type': 'tokens', 'code': 'rate_limit_exceeded'}}
2026-04-27 12:51:25 | INFO | babydoc.app | Incoming query: 'how much water should I give to a 7 month old baby'
2026-04-27 12:51:25 | DEBUG | babydoc.app | Retrieval score: 0.943 | top results: 5
2026-04-27 12:51:25 | INFO | babydoc.app | Mode: data | Score: 0.943
2026-04-27 12:51:25 | ERROR | babydoc.app | Groq API error: Error code: 429 - {'error': {'message': 'Rate limit reached for model `llama-3.3-70b-versatile` in organization `org_01kk3rksfxeh5apr70he72t7p4` service tier `on_demand` on tokens per day (TPD): Limit 100000, Used 99886, Requested 781. Please try again in 9m36.288s. Need more tokens? Upgrade to Dev Tier today at https://console.groq.com/settings/billing', 'type': 'tokens', 'code': 'rate_limit_exceeded'}}
2026-04-27 12:51:25 | ERROR | babydoc.app | Unhandled error in /chat: Error code: 429 - {'error': {'message': 'Rate limit reached for model `llama-3.3-70b-versatile` in organization `org_01kk3rksfxeh5apr70he72t7p4` service tier `on_demand` on tokens per day (TPD): Limit 100000, Used 99886, Requested 781. Please try again in 9m36.288s. Need more tokens? Upgrade to Dev Tier today at https://console.groq.com/settings/billing', 'type': 'tokens', 'code': 'rate_limit_exceeded'}}
2026-04-27 12:51:28 | INFO | babydoc.app | Incoming query: 'baby ko colic hai kya karein'
2026-04-27 12:51:28 | DEBUG | babydoc.app | Retrieval score: 0.836 | top results: 5
2026-04-27 12:51:28 | INFO | babydoc.app | Mode: data | Score: 0.836
2026-04-27 12:51:28 | ERROR | babydoc.app | Groq API error: Error code: 429 - {'error': {'message': 'Rate limit reached for model `llama-3.3-70b-versatile` in organization `org_01kk3rksfxeh5apr70he72t7p4` service tier `on_demand` on tokens per day (TPD): Limit 100000, Used 99883, Requested 798. Please try again in 9m48.384s. Need more tokens? Upgrade to Dev Tier today at https://console.groq.com/settings/billing', 'type': 'tokens', 'code': 'rate_limit_exceeded'}}
2026-04-27 12:51:28 | ERROR | babydoc.app | Unhandled error in /chat: Error code: 429 - {'error': {'message': 'Rate limit reached for model `llama-3.3-70b-versatile` in organization `org_01kk3rksfxeh5apr70he72t7p4` service tier `on_demand` on tokens per day (TPD): Limit 100000, Used 99883, Requested 798. Please try again in 9m48.384s. Need more tokens? Upgrade to Dev Tier today at https://console.groq.com/settings/billing', 'type': 'tokens', 'code': 'rate_limit_exceeded'}}
2026-04-27 12:51:31 | INFO | babydoc.app | Incoming query: 'baby 1 year 10 kg fever 101 F'
2026-04-27 12:51:31 | DEBUG | babydoc.app | Retrieval score: 0.741 | top results: 5
2026-04-27 12:51:31 | INFO | babydoc.app | Mode: data | Score: 0.741
2026-04-27 12:51:31 | ERROR | babydoc.app | Groq API error: Error code: 429 - {'error': {'message': 'Rate limit reached for model `llama-3.3-70b-versatile` in organization `org_01kk3rksfxeh5apr70he72t7p4` service tier `on_demand` on tokens per day (TPD): Limit 100000, Used 99879, Requested 764. Please try again in 9m15.552s. Need more tokens? Upgrade to Dev Tier today at https://console.groq.com/settings/billing', 'type': 'tokens', 'code': 'rate_limit_exceeded'}}
2026-04-27 12:51:31 | ERROR | babydoc.app | Unhandled error in /chat: Error code: 429 - {'error': {'message': 'Rate limit reached for model `llama-3.3-70b-versatile` in organization `org_01kk3rksfxeh5apr70he72t7p4` service tier `on_demand` on tokens per day (TPD): Limit 100000, Used 99879, Requested 764. Please try again in 9m15.552s. Need more tokens? Upgrade to Dev Tier today at https://console.groq.com/settings/billing', 'type': 'tokens', 'code': 'rate_limit_exceeded'}}
2026-04-27 12:51:33 | INFO | babydoc.app | Incoming query: 'baby 8 months 8 kg fever 100 F'
2026-04-27 12:51:33 | DEBUG | babydoc.app | Retrieval score: 0.733 | top results: 5
2026-04-27 12:51:33 | INFO | babydoc.app | Mode: data | Score: 0.733
2026-04-27 12:51:33 | ERROR | babydoc.app | Groq API error: Error code: 429 - {'error': {'message': 'Rate limit reached for model `llama-3.3-70b-versatile` in organization `org_01kk3rksfxeh5apr70he72t7p4` service tier `on_demand` on tokens per day (TPD): Limit 100000, Used 99876, Requested 801. Please try again in 9m44.928s. Need more tokens? Upgrade to Dev Tier today at https://console.groq.com/settings/billing', 'type': 'tokens', 'code': 'rate_limit_exceeded'}}
2026-04-27 12:51:33 | ERROR | babydoc.app | Unhandled error in /chat: Error code: 429 - {'error': {'message': 'Rate limit reached for model `llama-3.3-70b-versatile` in organization `org_01kk3rksfxeh5apr70he72t7p4` service tier `on_demand` on tokens per day (TPD): Limit 100000, Used 99876, Requested 801. Please try again in 9m44.928s. Need more tokens? Upgrade to Dev Tier today at https://console.groq.com/settings/billing', 'type': 'tokens', 'code': 'rate_limit_exceeded'}}
2026-04-27 12:51:36 | INFO | babydoc.app | Incoming query: 'baby has fever'
2026-04-27 12:51:36 | DEBUG | babydoc.app | Retrieval score: 0.876 | top results: 5
2026-04-27 12:51:36 | INFO | babydoc.app | Mode: data | Score: 0.876
2026-04-27 12:51:36 | ERROR | babydoc.app | Groq API error: Error code: 429 - {'error': {'message': 'Rate limit reached for model `llama-3.3-70b-versatile` in organization `org_01kk3rksfxeh5apr70he72t7p4` service tier `on_demand` on tokens per day (TPD): Limit 100000, Used 99873, Requested 792. Please try again in 9m34.56s. Need more tokens? Upgrade to Dev Tier today at https://console.groq.com/settings/billing', 'type': 'tokens', 'code': 'rate_limit_exceeded'}}
2026-04-27 12:51:36 | ERROR | babydoc.app | Unhandled error in /chat: Error code: 429 - {'error': {'message': 'Rate limit reached for model `llama-3.3-70b-versatile` in organization `org_01kk3rksfxeh5apr70he72t7p4` service tier `on_demand` on tokens per day (TPD): Limit 100000, Used 99873, Requested 792. Please try again in 9m34.56s. Need more tokens? Upgrade to Dev Tier today at https://console.groq.com/settings/billing', 'type': 'tokens', 'code': 'rate_limit_exceeded'}}
2026-04-27 12:51:39 | INFO | babydoc.app | Incoming query: 'my 2 month old baby has fever'
2026-04-27 12:51:39 | WARNING | babydoc.app | Safety triggered for query: 'my 2 month old baby has fever'
2026-04-27 12:51:41 | INFO | babydoc.app | Incoming query: 'baby not breathing properly'
2026-04-27 12:51:41 | WARNING | babydoc.app | Safety triggered for query: 'baby not breathing properly'
2026-04-27 12:52:28 | INFO | babydoc.app | Momify API shutting down.
2026-04-27 12:52:42 | INFO | babydoc.app | Momify API starting up...
2026-04-27 12:52:47 | INFO | babydoc.app | Loaded 493 Q&A pairs from data\ALLQA_cleaned.json
2026-04-27 12:54:04 | INFO | babydoc.app | Incoming query: 'how long breast milk can be stored'
2026-04-27 12:54:04 | DEBUG | babydoc.app | Retrieval score: 0.919 | top results: 5
2026-04-27 12:54:04 | INFO | babydoc.app | Mode: data | Score: 0.919
2026-04-27 12:54:04 | ERROR | babydoc.app | Groq API error: Error code: 429 - {'error': {'message': 'Rate limit reached for model `llama-3.3-70b-versatile` in organization `org_01kk3rksfxeh5apr70he72t7p4` service tier `on_demand` on tokens per day (TPD): Limit 100000, Used 99702, Requested 1733. Please try again in 20m39.84s. Need more tokens? Upgrade to Dev Tier today at https://console.groq.com/settings/billing', 'type': 'tokens', 'code': 'rate_limit_exceeded'}}
2026-04-27 12:54:04 | ERROR | babydoc.app | Unhandled error in /chat: Error code: 429 - {'error': {'message': 'Rate limit reached for model `llama-3.3-70b-versatile` in organization `org_01kk3rksfxeh5apr70he72t7p4` service tier `on_demand` on tokens per day (TPD): Limit 100000, Used 99702, Requested 1733. Please try again in 20m39.84s. Need more tokens? Upgrade to Dev Tier today at https://console.groq.com/settings/billing', 'type': 'tokens', 'code': 'rate_limit_exceeded'}}
2026-04-27 12:54:07 | INFO | babydoc.app | Incoming query: 'my milk supply is low how to increase'
2026-04-27 12:54:07 | DEBUG | babydoc.app | Retrieval score: 0.968 | top results: 5
2026-04-27 12:54:07 | INFO | babydoc.app | Mode: data | Score: 0.968
2026-04-27 12:54:07 | ERROR | babydoc.app | Groq API error: Error code: 429 - {'error': {'message': 'Rate limit reached for model `llama-3.3-70b-versatile` in organization `org_01kk3rksfxeh5apr70he72t7p4` service tier `on_demand` on tokens per day (TPD): Limit 100000, Used 99698, Requested 1754. Please try again in 20m54.528s. Need more tokens? Upgrade to Dev Tier today at https://console.groq.com/settings/billing', 'type': 'tokens', 'code': 'rate_limit_exceeded'}}
2026-04-27 12:54:07 | ERROR | babydoc.app | Unhandled error in /chat: Error code: 429 - {'error': {'message': 'Rate limit reached for model `llama-3.3-70b-versatile` in organization `org_01kk3rksfxeh5apr70he72t7p4` service tier `on_demand` on tokens per day (TPD): Limit 100000, Used 99698, Requested 1754. Please try again in 20m54.528s. Need more tokens? Upgrade to Dev Tier today at https://console.groq.com/settings/billing', 'type': 'tokens', 'code': 'rate_limit_exceeded'}}
2026-04-27 12:54:10 | INFO | babydoc.app | Incoming query: 'my baby is not latching what can I do'
2026-04-27 12:54:10 | DEBUG | babydoc.app | Retrieval score: 0.778 | top results: 5
2026-04-27 12:54:10 | INFO | babydoc.app | Mode: data | Score: 0.778
2026-04-27 12:54:10 | ERROR | babydoc.app | Groq API error: Error code: 429 - {'error': {'message': 'Rate limit reached for model `llama-3.3-70b-versatile` in organization `org_01kk3rksfxeh5apr70he72t7p4` service tier `on_demand` on tokens per day (TPD): Limit 100000, Used 99695, Requested 1898. Please try again in 22m56.351999999s. Need more tokens? Upgrade to Dev Tier today at https://console.groq.com/settings/billing', 'type': 'tokens', 'code': 'rate_limit_exceeded'}}
2026-04-27 12:54:10 | ERROR | babydoc.app | Unhandled error in /chat: Error code: 429 - {'error': {'message': 'Rate limit reached for model `llama-3.3-70b-versatile` in organization `org_01kk3rksfxeh5apr70he72t7p4` service tier `on_demand` on tokens per day (TPD): Limit 100000, Used 99695, Requested 1898. Please try again in 22m56.351999999s. Need more tokens? Upgrade to Dev Tier today at https://console.groq.com/settings/billing', 'type': 'tokens', 'code': 'rate_limit_exceeded'}}
2026-04-27 12:54:12 | INFO | babydoc.app | Incoming query: 'I have breastfeeding problem my nipples got cracked and it hurts'
2026-04-27 12:54:12 | DEBUG | babydoc.app | Retrieval score: 0.930 | top results: 5
2026-04-27 12:54:12 | INFO | babydoc.app | Mode: data | Score: 0.930
2026-04-27 12:54:12 | ERROR | babydoc.app | Groq API error: Error code: 429 - {'error': {'message': 'Rate limit reached for model `llama-3.3-70b-versatile` in organization `org_01kk3rksfxeh5apr70he72t7p4` service tier `on_demand` on tokens per day (TPD): Limit 100000, Used 99692, Requested 1750. Please try again in 20m45.888s. Need more tokens? Upgrade to Dev Tier today at https://console.groq.com/settings/billing', 'type': 'tokens', 'code': 'rate_limit_exceeded'}}
2026-04-27 12:54:12 | ERROR | babydoc.app | Unhandled error in /chat: Error code: 429 - {'error': {'message': 'Rate limit reached for model `llama-3.3-70b-versatile` in organization `org_01kk3rksfxeh5apr70he72t7p4` service tier `on_demand` on tokens per day (TPD): Limit 100000, Used 99692, Requested 1750. Please try again in 20m45.888s. Need more tokens? Upgrade to Dev Tier today at https://console.groq.com/settings/billing', 'type': 'tokens', 'code': 'rate_limit_exceeded'}}
2026-04-27 12:54:23 | INFO | babydoc.app | Momify API shutting down.
2026-04-27 12:54:36 | INFO | babydoc.app | Momify API starting up...
2026-04-27 12:54:39 | INFO | babydoc.app | Loaded 493 Q&A pairs from data\ALLQA_cleaned.json
2026-04-27 12:56:06 | INFO | babydoc.app | Incoming query: 'how long breast milk can be stored'
2026-04-27 12:56:06 | DEBUG | babydoc.app | Retrieval score: 0.919 | top results: 5
2026-04-27 12:56:06 | INFO | babydoc.app | Mode: data | Score: 0.919
2026-04-27 12:56:06 | ERROR | babydoc.app | Groq API error: Error code: 429 - {'error': {'message': 'Rate limit reached for model `llama-3.3-70b-versatile` in organization `org_01kk3rksfxeh5apr70he72t7p4` service tier `on_demand` on tokens per day (TPD): Limit 100000, Used 99561, Requested 773. Please try again in 4m48.576s. Need more tokens? Upgrade to Dev Tier today at https://console.groq.com/settings/billing', 'type': 'tokens', 'code': 'rate_limit_exceeded'}}
2026-04-27 12:56:06 | ERROR | babydoc.app | Unhandled error in /chat: Error code: 429 - {'error': {'message': 'Rate limit reached for model `llama-3.3-70b-versatile` in organization `org_01kk3rksfxeh5apr70he72t7p4` service tier `on_demand` on tokens per day (TPD): Limit 100000, Used 99561, Requested 773. Please try again in 4m48.576s. Need more tokens? Upgrade to Dev Tier today at https://console.groq.com/settings/billing', 'type': 'tokens', 'code': 'rate_limit_exceeded'}}
2026-04-27 12:56:48 | INFO | babydoc.app | Incoming query: 'hi'
2026-04-27 12:56:48 | DEBUG | babydoc.app | Retrieval score: 0.519 | top results: 5
2026-04-27 12:56:48 | INFO | babydoc.app | Mode: weak | Score: 0.519
2026-04-27 12:56:49 | ERROR | babydoc.app | Groq API error: Error code: 429 - {'error': {'message': 'Rate limit reached for model `llama-3.3-70b-versatile` in organization `org_01kk3rksfxeh5apr70he72t7p4` service tier `on_demand` on tokens per day (TPD): Limit 100000, Used 99511, Requested 1760. Please try again in 18m18.144s. Need more tokens? Upgrade to Dev Tier today at https://console.groq.com/settings/billing', 'type': 'tokens', 'code': 'rate_limit_exceeded'}}
2026-04-27 12:56:49 | ERROR | babydoc.app | Unhandled error in /chat: Error code: 429 - {'error': {'message': 'Rate limit reached for model `llama-3.3-70b-versatile` in organization `org_01kk3rksfxeh5apr70he72t7p4` service tier `on_demand` on tokens per day (TPD): Limit 100000, Used 99511, Requested 1760. Please try again in 18m18.144s. Need more tokens? Upgrade to Dev Tier today at https://console.groq.com/settings/billing', 'type': 'tokens', 'code': 'rate_limit_exceeded'}}
2026-04-27 12:57:06 | INFO | babydoc.app | Incoming query: 'my milk supply is low how to increase'
2026-04-27 12:57:06 | DEBUG | babydoc.app | Retrieval score: 0.968 | top results: 5
2026-04-27 12:57:06 | INFO | babydoc.app | Mode: data | Score: 0.968
2026-04-27 12:57:06 | ERROR | babydoc.app | Groq API error: Error code: 429 - {'error': {'message': 'Rate limit reached for model `llama-3.3-70b-versatile` in organization `org_01kk3rksfxeh5apr70he72t7p4` service tier `on_demand` on tokens per day (TPD): Limit 100000, Used 99997, Requested 1754. Please try again in 25m12.864s. Need more tokens? Upgrade to Dev Tier today at https://console.groq.com/settings/billing', 'type': 'tokens', 'code': 'rate_limit_exceeded'}}
2026-04-27 12:57:06 | ERROR | babydoc.app | Unhandled error in /chat: Error code: 429 - {'error': {'message': 'Rate limit reached for model `llama-3.3-70b-versatile` in organization `org_01kk3rksfxeh5apr70he72t7p4` service tier `on_demand` on tokens per day (TPD): Limit 100000, Used 99997, Requested 1754. Please try again in 25m12.864s. Need more tokens? Upgrade to Dev Tier today at https://console.groq.com/settings/billing', 'type': 'tokens', 'code': 'rate_limit_exceeded'}}
2026-04-27 12:57:09 | INFO | babydoc.app | Incoming query: 'my baby is not latching what can I do'
2026-04-27 12:57:09 | DEBUG | babydoc.app | Retrieval score: 0.778 | top results: 5
2026-04-27 12:57:09 | INFO | babydoc.app | Mode: data | Score: 0.778
2026-04-27 12:57:09 | ERROR | babydoc.app | Groq API error: Error code: 429 - {'error': {'message': 'Rate limit reached for model `llama-3.3-70b-versatile` in organization `org_01kk3rksfxeh5apr70he72t7p4` service tier `on_demand` on tokens per day (TPD): Limit 100000, Used 99994, Requested 1898. Please try again in 27m14.687999999s. Need more tokens? Upgrade to Dev Tier today at https://console.groq.com/settings/billing', 'type': 'tokens', 'code': 'rate_limit_exceeded'}}
2026-04-27 12:57:09 | ERROR | babydoc.app | Unhandled error in /chat: Error code: 429 - {'error': {'message': 'Rate limit reached for model `llama-3.3-70b-versatile` in organization `org_01kk3rksfxeh5apr70he72t7p4` service tier `on_demand` on tokens per day (TPD): Limit 100000, Used 99994, Requested 1898. Please try again in 27m14.687999999s. Need more tokens? Upgrade to Dev Tier today at https://console.groq.com/settings/billing', 'type': 'tokens', 'code': 'rate_limit_exceeded'}}
2026-04-27 12:57:11 | INFO | babydoc.app | Incoming query: 'I have breastfeeding problem my nipples got cracked and it hurts'
2026-04-27 12:57:11 | DEBUG | babydoc.app | Retrieval score: 0.930 | top results: 5
2026-04-27 12:57:11 | INFO | babydoc.app | Mode: data | Score: 0.930
2026-04-27 12:57:11 | ERROR | babydoc.app | Groq API error: Error code: 429 - {'error': {'message': 'Rate limit reached for model `llama-3.3-70b-versatile` in organization `org_01kk3rksfxeh5apr70he72t7p4` service tier `on_demand` on tokens per day (TPD): Limit 100000, Used 99991, Requested 1750. Please try again in 25m4.224s. Need more tokens? Upgrade to Dev Tier today at https://console.groq.com/settings/billing', 'type': 'tokens', 'code': 'rate_limit_exceeded'}}
2026-04-27 12:57:11 | ERROR | babydoc.app | Unhandled error in /chat: Error code: 429 - {'error': {'message': 'Rate limit reached for model `llama-3.3-70b-versatile` in organization `org_01kk3rksfxeh5apr70he72t7p4` service tier `on_demand` on tokens per day (TPD): Limit 100000, Used 99991, Requested 1750. Please try again in 25m4.224s. Need more tokens? Upgrade to Dev Tier today at https://console.groq.com/settings/billing', 'type': 'tokens', 'code': 'rate_limit_exceeded'}}
2026-04-27 12:57:14 | INFO | babydoc.app | Incoming query: 'how to clear blocked milk ducts'
2026-04-27 12:57:14 | DEBUG | babydoc.app | Retrieval score: 0.865 | top results: 5
2026-04-27 12:57:14 | INFO | babydoc.app | Mode: data | Score: 0.865
2026-04-27 12:57:14 | ERROR | babydoc.app | Groq API error: Error code: 429 - {'error': {'message': 'Rate limit reached for model `llama-3.3-70b-versatile` in organization `org_01kk3rksfxeh5apr70he72t7p4` service tier `on_demand` on tokens per day (TPD): Limit 100000, Used 99988, Requested 1713. Please try again in 24m29.664s. Need more tokens? Upgrade to Dev Tier today at https://console.groq.com/settings/billing', 'type': 'tokens', 'code': 'rate_limit_exceeded'}}
2026-04-27 12:57:14 | ERROR | babydoc.app | Unhandled error in /chat: Error code: 429 - {'error': {'message': 'Rate limit reached for model `llama-3.3-70b-versatile` in organization `org_01kk3rksfxeh5apr70he72t7p4` service tier `on_demand` on tokens per day (TPD): Limit 100000, Used 99988, Requested 1713. Please try again in 24m29.664s. Need more tokens? Upgrade to Dev Tier today at https://console.groq.com/settings/billing', 'type': 'tokens', 'code': 'rate_limit_exceeded'}}
2026-04-27 12:57:17 | INFO | babydoc.app | Incoming query: 'baby has fever what to give'
2026-04-27 12:57:17 | DEBUG | babydoc.app | Retrieval score: 0.838 | top results: 5
2026-04-27 12:57:17 | INFO | babydoc.app | Mode: data | Score: 0.838
2026-04-27 12:57:17 | ERROR | babydoc.app | Groq API error: Error code: 429 - {'error': {'message': 'Rate limit reached for model `llama-3.3-70b-versatile` in organization `org_01kk3rksfxeh5apr70he72t7p4` service tier `on_demand` on tokens per day (TPD): Limit 100000, Used 99985, Requested 1766. Please try again in 25m12.864s. Need more tokens? Upgrade to Dev Tier today at https://console.groq.com/settings/billing', 'type': 'tokens', 'code': 'rate_limit_exceeded'}}
2026-04-27 12:57:17 | ERROR | babydoc.app | Unhandled error in /chat: Error code: 429 - {'error': {'message': 'Rate limit reached for model `llama-3.3-70b-versatile` in organization `org_01kk3rksfxeh5apr70he72t7p4` service tier `on_demand` on tokens per day (TPD): Limit 100000, Used 99985, Requested 1766. Please try again in 25m12.864s. Need more tokens? Upgrade to Dev Tier today at https://console.groq.com/settings/billing', 'type': 'tokens', 'code': 'rate_limit_exceeded'}}
2026-04-27 12:57:19 | INFO | babydoc.app | Incoming query: 'my baby is constipated what to do'
2026-04-27 12:57:19 | DEBUG | babydoc.app | Retrieval score: 0.888 | top results: 5
2026-04-27 12:57:19 | INFO | babydoc.app | Mode: data | Score: 0.888
2026-04-27 12:57:19 | ERROR | babydoc.app | Groq API error: Error code: 429 - {'error': {'message': 'Rate limit reached for model `llama-3.3-70b-versatile` in organization `org_01kk3rksfxeh5apr70he72t7p4` service tier `on_demand` on tokens per day (TPD): Limit 100000, Used 99982, Requested 1784. Please try again in 25m25.823999999s. Need more tokens? Upgrade to Dev Tier today at https://console.groq.com/settings/billing', 'type': 'tokens', 'code': 'rate_limit_exceeded'}}
2026-04-27 12:57:19 | ERROR | babydoc.app | Unhandled error in /chat: Error code: 429 - {'error': {'message': 'Rate limit reached for model `llama-3.3-70b-versatile` in organization `org_01kk3rksfxeh5apr70he72t7p4` service tier `on_demand` on tokens per day (TPD): Limit 100000, Used 99982, Requested 1784. Please try again in 25m25.823999999s. Need more tokens? Upgrade to Dev Tier today at https://console.groq.com/settings/billing', 'type': 'tokens', 'code': 'rate_limit_exceeded'}}
2026-04-27 12:57:22 | INFO | babydoc.app | Incoming query: 'my baby has loose motions what to do'
2026-04-27 12:57:22 | DEBUG | babydoc.app | Retrieval score: 0.775 | top results: 5
2026-04-27 12:57:22 | INFO | babydoc.app | Mode: data | Score: 0.775
2026-04-27 12:57:22 | ERROR | babydoc.app | Groq API error: Error code: 429 - {'error': {'message': 'Rate limit reached for model `llama-3.3-70b-versatile` in organization `org_01kk3rksfxeh5apr70he72t7p4` service tier `on_demand` on tokens per day (TPD): Limit 100000, Used 99979, Requested 1755. Please try again in 24m58.176s. Need more tokens? Upgrade to Dev Tier today at https://console.groq.com/settings/billing', 'type': 'tokens', 'code': 'rate_limit_exceeded'}}
2026-04-27 12:57:22 | ERROR | babydoc.app | Unhandled error in /chat: Error code: 429 - {'error': {'message': 'Rate limit reached for model `llama-3.3-70b-versatile` in organization `org_01kk3rksfxeh5apr70he72t7p4` service tier `on_demand` on tokens per day (TPD): Limit 100000, Used 99979, Requested 1755. Please try again in 24m58.176s. Need more tokens? Upgrade to Dev Tier today at https://console.groq.com/settings/billing', 'type': 'tokens', 'code': 'rate_limit_exceeded'}}
2026-04-27 12:57:25 | INFO | babydoc.app | Incoming query: 'when can I start solids for my baby'
2026-04-27 12:57:25 | DEBUG | babydoc.app | Retrieval score: 0.620 | top results: 5
2026-04-27 12:57:25 | INFO | babydoc.app | Mode: data | Score: 0.620
2026-04-27 12:57:25 | ERROR | babydoc.app | Groq API error: Error code: 429 - {'error': {'message': 'Rate limit reached for model `llama-3.3-70b-versatile` in organization `org_01kk3rksfxeh5apr70he72t7p4` service tier `on_demand` on tokens per day (TPD): Limit 100000, Used 99976, Requested 1747. Please try again in 24m48.671999999s. Need more tokens? Upgrade to Dev Tier today at https://console.groq.com/settings/billing', 'type': 'tokens', 'code': 'rate_limit_exceeded'}}
2026-04-27 12:57:25 | ERROR | babydoc.app | Unhandled error in /chat: Error code: 429 - {'error': {'message': 'Rate limit reached for model `llama-3.3-70b-versatile` in organization `org_01kk3rksfxeh5apr70he72t7p4` service tier `on_demand` on tokens per day (TPD): Limit 100000, Used 99976, Requested 1747. Please try again in 24m48.671999999s. Need more tokens? Upgrade to Dev Tier today at https://console.groq.com/settings/billing', 'type': 'tokens', 'code': 'rate_limit_exceeded'}}
2026-04-27 12:57:27 | INFO | babydoc.app | Incoming query: 'how many eggs should a breastfeeding mother eat'
2026-04-27 12:57:27 | DEBUG | babydoc.app | Retrieval score: 0.775 | top results: 5
2026-04-27 12:57:27 | INFO | babydoc.app | Mode: data | Score: 0.775
2026-04-27 12:57:27 | ERROR | babydoc.app | Groq API error: Error code: 429 - {'error': {'message': 'Rate limit reached for model `llama-3.3-70b-versatile` in organization `org_01kk3rksfxeh5apr70he72t7p4` service tier `on_demand` on tokens per day (TPD): Limit 100000, Used 99973, Requested 1792. Please try again in 25m24.959999999s. Need more tokens? Upgrade to Dev Tier today at https://console.groq.com/settings/billing', 'type': 'tokens', 'code': 'rate_limit_exceeded'}}
2026-04-27 12:57:27 | ERROR | babydoc.app | Unhandled error in /chat: Error code: 429 - {'error': {'message': 'Rate limit reached for model `llama-3.3-70b-versatile` in organization `org_01kk3rksfxeh5apr70he72t7p4` service tier `on_demand` on tokens per day (TPD): Limit 100000, Used 99973, Requested 1792. Please try again in 25m24.959999999s. Need more tokens? Upgrade to Dev Tier today at https://console.groq.com/settings/billing', 'type': 'tokens', 'code': 'rate_limit_exceeded'}}
2026-04-27 12:57:30 | INFO | babydoc.app | Incoming query: 'diaper rash treatment'
2026-04-27 12:57:30 | DEBUG | babydoc.app | Retrieval score: 0.855 | top results: 5
2026-04-27 12:57:30 | INFO | babydoc.app | Mode: data | Score: 0.855
2026-04-27 12:57:30 | ERROR | babydoc.app | Groq API error: Error code: 429 - {'error': {'message': 'Rate limit reached for model `llama-3.3-70b-versatile` in organization `org_01kk3rksfxeh5apr70he72t7p4` service tier `on_demand` on tokens per day (TPD): Limit 100000, Used 99970, Requested 1790. Please try again in 25m20.64s. Need more tokens? Upgrade to Dev Tier today at https://console.groq.com/settings/billing', 'type': 'tokens', 'code': 'rate_limit_exceeded'}}
2026-04-27 12:57:30 | ERROR | babydoc.app | Unhandled error in /chat: Error code: 429 - {'error': {'message': 'Rate limit reached for model `llama-3.3-70b-versatile` in organization `org_01kk3rksfxeh5apr70he72t7p4` service tier `on_demand` on tokens per day (TPD): Limit 100000, Used 99970, Requested 1790. Please try again in 25m20.64s. Need more tokens? Upgrade to Dev Tier today at https://console.groq.com/settings/billing', 'type': 'tokens', 'code': 'rate_limit_exceeded'}}
2026-04-27 12:57:33 | INFO | babydoc.app | Incoming query: 'when does teething start in babies'
2026-04-27 12:57:33 | DEBUG | babydoc.app | Retrieval score: 0.970 | top results: 5
2026-04-27 12:57:33 | INFO | babydoc.app | Mode: data | Score: 0.970
2026-04-27 12:57:33 | ERROR | babydoc.app | Groq API error: Error code: 429 - {'error': {'message': 'Rate limit reached for model `llama-3.3-70b-versatile` in organization `org_01kk3rksfxeh5apr70he72t7p4` service tier `on_demand` on tokens per day (TPD): Limit 100000, Used 99966, Requested 1755. Please try again in 24m46.944s. Need more tokens? Upgrade to Dev Tier today at https://console.groq.com/settings/billing', 'type': 'tokens', 'code': 'rate_limit_exceeded'}}
2026-04-27 12:57:33 | ERROR | babydoc.app | Unhandled error in /chat: Error code: 429 - {'error': {'message': 'Rate limit reached for model `llama-3.3-70b-versatile` in organization `org_01kk3rksfxeh5apr70he72t7p4` service tier `on_demand` on tokens per day (TPD): Limit 100000, Used 99966, Requested 1755. Please try again in 24m46.944s. Need more tokens? Upgrade to Dev Tier today at https://console.groq.com/settings/billing', 'type': 'tokens', 'code': 'rate_limit_exceeded'}}
2026-04-27 12:57:35 | INFO | babydoc.app | Incoming query: 'postpartum depression mein kya karna chahiye'
2026-04-27 12:57:35 | DEBUG | babydoc.app | Retrieval score: 0.637 | top results: 5
2026-04-27 12:57:35 | INFO | babydoc.app | Mode: data | Score: 0.637
2026-04-27 12:57:35 | ERROR | babydoc.app | Groq API error: Error code: 429 - {'error': {'message': 'Rate limit reached for model `llama-3.3-70b-versatile` in organization `org_01kk3rksfxeh5apr70he72t7p4` service tier `on_demand` on tokens per day (TPD): Limit 100000, Used 99963, Requested 799. Please try again in 10m58.368s. Need more tokens? Upgrade to Dev Tier today at https://console.groq.com/settings/billing', 'type': 'tokens', 'code': 'rate_limit_exceeded'}}
2026-04-27 12:57:35 | ERROR | babydoc.app | Unhandled error in /chat: Error code: 429 - {'error': {'message': 'Rate limit reached for model `llama-3.3-70b-versatile` in organization `org_01kk3rksfxeh5apr70he72t7p4` service tier `on_demand` on tokens per day (TPD): Limit 100000, Used 99963, Requested 799. Please try again in 10m58.368s. Need more tokens? Upgrade to Dev Tier today at https://console.groq.com/settings/billing', 'type': 'tokens', 'code': 'rate_limit_exceeded'}}
2026-04-27 12:57:38 | INFO | babydoc.app | Incoming query: 'baby bottle accept nahi kar raha kya karein'
2026-04-27 12:57:38 | DEBUG | babydoc.app | Retrieval score: 0.684 | top results: 5
2026-04-27 12:57:38 | INFO | babydoc.app | Mode: data | Score: 0.684
2026-04-27 12:57:38 | ERROR | babydoc.app | Groq API error: Error code: 429 - {'error': {'message': 'Rate limit reached for model `llama-3.3-70b-versatile` in organization `org_01kk3rksfxeh5apr70he72t7p4` service tier `on_demand` on tokens per day (TPD): Limit 100000, Used 99960, Requested 1909. Please try again in 26m54.815999999s. Need more tokens? Upgrade to Dev Tier today at https://console.groq.com/settings/billing', 'type': 'tokens', 'code': 'rate_limit_exceeded'}}
2026-04-27 12:57:38 | ERROR | babydoc.app | Unhandled error in /chat: Error code: 429 - {'error': {'message': 'Rate limit reached for model `llama-3.3-70b-versatile` in organization `org_01kk3rksfxeh5apr70he72t7p4` service tier `on_demand` on tokens per day (TPD): Limit 100000, Used 99960, Requested 1909. Please try again in 26m54.815999999s. Need more tokens? Upgrade to Dev Tier today at https://console.groq.com/settings/billing', 'type': 'tokens', 'code': 'rate_limit_exceeded'}}
2026-04-27 12:57:41 | INFO | babydoc.app | Incoming query: 'when should I introduce cow milk'
2026-04-27 12:57:41 | DEBUG | babydoc.app | Retrieval score: 0.769 | top results: 5
2026-04-27 12:57:41 | INFO | babydoc.app | Mode: data | Score: 0.769
2026-04-27 12:57:41 | ERROR | babydoc.app | Groq API error: Error code: 429 - {'error': {'message': 'Rate limit reached for model `llama-3.3-70b-versatile` in organization `org_01kk3rksfxeh5apr70he72t7p4` service tier `on_demand` on tokens per day (TPD): Limit 100000, Used 99957, Requested 1738. Please try again in 24m24.48s. Need more tokens? Upgrade to Dev Tier today at https://console.groq.com/settings/billing', 'type': 'tokens', 'code': 'rate_limit_exceeded'}}
2026-04-27 12:57:41 | ERROR | babydoc.app | Unhandled error in /chat: Error code: 429 - {'error': {'message': 'Rate limit reached for model `llama-3.3-70b-versatile` in organization `org_01kk3rksfxeh5apr70he72t7p4` service tier `on_demand` on tokens per day (TPD): Limit 100000, Used 99957, Requested 1738. Please try again in 24m24.48s. Need more tokens? Upgrade to Dev Tier today at https://console.groq.com/settings/billing', 'type': 'tokens', 'code': 'rate_limit_exceeded'}}
2026-04-27 12:57:43 | INFO | babydoc.app | Incoming query: 'what supplements should breastfeeding mother take after c section'
2026-04-27 12:57:43 | DEBUG | babydoc.app | Retrieval score: 0.868 | top results: 5
2026-04-27 12:57:43 | INFO | babydoc.app | Mode: data | Score: 0.868
2026-04-27 12:57:43 | ERROR | babydoc.app | Groq API error: Error code: 429 - {'error': {'message': 'Rate limit reached for model `llama-3.3-70b-versatile` in organization `org_01kk3rksfxeh5apr70he72t7p4` service tier `on_demand` on tokens per day (TPD): Limit 100000, Used 99954, Requested 784. Please try again in 10m37.632s. Need more tokens? Upgrade to Dev Tier today at https://console.groq.com/settings/billing', 'type': 'tokens', 'code': 'rate_limit_exceeded'}}
2026-04-27 12:57:43 | ERROR | babydoc.app | Unhandled error in /chat: Error code: 429 - {'error': {'message': 'Rate limit reached for model `llama-3.3-70b-versatile` in organization `org_01kk3rksfxeh5apr70he72t7p4` service tier `on_demand` on tokens per day (TPD): Limit 100000, Used 99954, Requested 784. Please try again in 10m37.632s. Need more tokens? Upgrade to Dev Tier today at https://console.groq.com/settings/billing', 'type': 'tokens', 'code': 'rate_limit_exceeded'}}
2026-04-27 12:57:46 | INFO | babydoc.app | Incoming query: 'can I give dry fruits to 8 month old baby'
2026-04-27 12:57:46 | DEBUG | babydoc.app | Retrieval score: 0.844 | top results: 5
2026-04-27 12:57:46 | INFO | babydoc.app | Mode: data | Score: 0.844
2026-04-27 12:57:46 | ERROR | babydoc.app | Groq API error: Error code: 429 - {'error': {'message': 'Rate limit reached for model `llama-3.3-70b-versatile` in organization `org_01kk3rksfxeh5apr70he72t7p4` service tier `on_demand` on tokens per day (TPD): Limit 100000, Used 99951, Requested 1798. Please try again in 25m11.136s. Need more tokens? Upgrade to Dev Tier today at https://console.groq.com/settings/billing', 'type': 'tokens', 'code': 'rate_limit_exceeded'}}
2026-04-27 12:57:46 | ERROR | babydoc.app | Unhandled error in /chat: Error code: 429 - {'error': {'message': 'Rate limit reached for model `llama-3.3-70b-versatile` in organization `org_01kk3rksfxeh5apr70he72t7p4` service tier `on_demand` on tokens per day (TPD): Limit 100000, Used 99951, Requested 1798. Please try again in 25m11.136s. Need more tokens? Upgrade to Dev Tier today at https://console.groq.com/settings/billing', 'type': 'tokens', 'code': 'rate_limit_exceeded'}}
2026-04-27 12:57:49 | INFO | babydoc.app | Incoming query: 'breastfeeding se weight loss hoti hai kya'
2026-04-27 12:57:49 | DEBUG | babydoc.app | Retrieval score: 0.707 | top results: 5
2026-04-27 12:57:49 | INFO | babydoc.app | Mode: data | Score: 0.707
2026-04-27 12:57:49 | ERROR | babydoc.app | Groq API error: Error code: 429 - {'error': {'message': 'Rate limit reached for model `llama-3.3-70b-versatile` in organization `org_01kk3rksfxeh5apr70he72t7p4` service tier `on_demand` on tokens per day (TPD): Limit 100000, Used 99948, Requested 776. Please try again in 10m25.536s. Need more tokens? Upgrade to Dev Tier today at https://console.groq.com/settings/billing', 'type': 'tokens', 'code': 'rate_limit_exceeded'}}
2026-04-27 12:57:49 | ERROR | babydoc.app | Unhandled error in /chat: Error code: 429 - {'error': {'message': 'Rate limit reached for model `llama-3.3-70b-versatile` in organization `org_01kk3rksfxeh5apr70he72t7p4` service tier `on_demand` on tokens per day (TPD): Limit 100000, Used 99948, Requested 776. Please try again in 10m25.536s. Need more tokens? Upgrade to Dev Tier today at https://console.groq.com/settings/billing', 'type': 'tokens', 'code': 'rate_limit_exceeded'}}
2026-04-27 12:57:51 | INFO | babydoc.app | Incoming query: 'baby ki dry skin pe kya lagayein'
2026-04-27 12:57:51 | DEBUG | babydoc.app | Retrieval score: 0.653 | top results: 5
2026-04-27 12:57:51 | INFO | babydoc.app | Mode: data | Score: 0.653
2026-04-27 12:57:51 | ERROR | babydoc.app | Groq API error: Error code: 429 - {'error': {'message': 'Rate limit reached for model `llama-3.3-70b-versatile` in organization `org_01kk3rksfxeh5apr70he72t7p4` service tier `on_demand` on tokens per day (TPD): Limit 100000, Used 99945, Requested 1751. Please try again in 24m25.344s. Need more tokens? Upgrade to Dev Tier today at https://console.groq.com/settings/billing', 'type': 'tokens', 'code': 'rate_limit_exceeded'}}
2026-04-27 12:57:51 | ERROR | babydoc.app | Unhandled error in /chat: Error code: 429 - {'error': {'message': 'Rate limit reached for model `llama-3.3-70b-versatile` in organization `org_01kk3rksfxeh5apr70he72t7p4` service tier `on_demand` on tokens per day (TPD): Limit 100000, Used 99945, Requested 1751. Please try again in 24m25.344s. Need more tokens? Upgrade to Dev Tier today at https://console.groq.com/settings/billing', 'type': 'tokens', 'code': 'rate_limit_exceeded'}}
2026-04-27 12:57:54 | INFO | babydoc.app | Incoming query: 'nasal congestion mein kya karein'
2026-04-27 12:57:54 | DEBUG | babydoc.app | Retrieval score: 0.604 | top results: 5
2026-04-27 12:57:54 | INFO | babydoc.app | Mode: data | Score: 0.604
2026-04-27 12:57:54 | ERROR | babydoc.app | Groq API error: Error code: 429 - {'error': {'message': 'Rate limit reached for model `llama-3.3-70b-versatile` in organization `org_01kk3rksfxeh5apr70he72t7p4` service tier `on_demand` on tokens per day (TPD): Limit 100000, Used 99942, Requested 1816. Please try again in 25m18.911999999s. Need more tokens? Upgrade to Dev Tier today at https://console.groq.com/settings/billing', 'type': 'tokens', 'code': 'rate_limit_exceeded'}}
2026-04-27 12:57:54 | ERROR | babydoc.app | Unhandled error in /chat: Error code: 429 - {'error': {'message': 'Rate limit reached for model `llama-3.3-70b-versatile` in organization `org_01kk3rksfxeh5apr70he72t7p4` service tier `on_demand` on tokens per day (TPD): Limit 100000, Used 99942, Requested 1816. Please try again in 25m18.911999999s. Need more tokens? Upgrade to Dev Tier today at https://console.groq.com/settings/billing', 'type': 'tokens', 'code': 'rate_limit_exceeded'}}
2026-04-27 12:57:57 | INFO | babydoc.app | Incoming query: 'kitne ghante tak doodh bahar rakh sakte hain'
2026-04-27 12:57:57 | DEBUG | babydoc.app | Retrieval score: 0.801 | top results: 5
2026-04-27 12:57:57 | INFO | babydoc.app | Mode: data | Score: 0.801
2026-04-27 12:57:57 | ERROR | babydoc.app | Groq API error: Error code: 429 - {'error': {'message': 'Rate limit reached for model `llama-3.3-70b-versatile` in organization `org_01kk3rksfxeh5apr70he72t7p4` service tier `on_demand` on tokens per day (TPD): Limit 100000, Used 99939, Requested 1753. Please try again in 24m21.888s. Need more tokens? Upgrade to Dev Tier today at https://console.groq.com/settings/billing', 'type': 'tokens', 'code': 'rate_limit_exceeded'}}
2026-04-27 12:57:57 | ERROR | babydoc.app | Unhandled error in /chat: Error code: 429 - {'error': {'message': 'Rate limit reached for model `llama-3.3-70b-versatile` in organization `org_01kk3rksfxeh5apr70he72t7p4` service tier `on_demand` on tokens per day (TPD): Limit 100000, Used 99939, Requested 1753. Please try again in 24m21.888s. Need more tokens? Upgrade to Dev Tier today at https://console.groq.com/settings/billing', 'type': 'tokens', 'code': 'rate_limit_exceeded'}}
2026-04-27 12:57:59 | INFO | babydoc.app | Incoming query: 'breast mein doodh kam aa raha hai kaise badhayein'
2026-04-27 12:57:59 | DEBUG | babydoc.app | Retrieval score: 0.833 | top results: 5
2026-04-27 12:57:59 | INFO | babydoc.app | Mode: data | Score: 0.833
2026-04-27 12:57:59 | ERROR | babydoc.app | Groq API error: Error code: 429 - {'error': {'message': 'Rate limit reached for model `llama-3.3-70b-versatile` in organization `org_01kk3rksfxeh5apr70he72t7p4` service tier `on_demand` on tokens per day (TPD): Limit 100000, Used 99936, Requested 816. Please try again in 10m49.728s. Need more tokens? Upgrade to Dev Tier today at https://console.groq.com/settings/billing', 'type': 'tokens', 'code': 'rate_limit_exceeded'}}
2026-04-27 12:57:59 | ERROR | babydoc.app | Unhandled error in /chat: Error code: 429 - {'error': {'message': 'Rate limit reached for model `llama-3.3-70b-versatile` in organization `org_01kk3rksfxeh5apr70he72t7p4` service tier `on_demand` on tokens per day (TPD): Limit 100000, Used 99936, Requested 816. Please try again in 10m49.728s. Need more tokens? Upgrade to Dev Tier today at https://console.groq.com/settings/billing', 'type': 'tokens', 'code': 'rate_limit_exceeded'}}
2026-04-27 12:58:02 | INFO | babydoc.app | Incoming query: 'baby ka temperature high hai kya dena chahiye'
2026-04-27 12:58:02 | DEBUG | babydoc.app | Retrieval score: 0.735 | top results: 5
2026-04-27 12:58:02 | INFO | babydoc.app | Mode: data | Score: 0.735
2026-04-27 12:58:02 | ERROR | babydoc.app | Groq API error: Error code: 429 - {'error': {'message': 'Rate limit reached for model `llama-3.3-70b-versatile` in organization `org_01kk3rksfxeh5apr70he72t7p4` service tier `on_demand` on tokens per day (TPD): Limit 100000, Used 99933, Requested 1769. Please try again in 24m30.528s. Need more tokens? Upgrade to Dev Tier today at https://console.groq.com/settings/billing', 'type': 'tokens', 'code': 'rate_limit_exceeded'}}
2026-04-27 12:58:02 | ERROR | babydoc.app | Unhandled error in /chat: Error code: 429 - {'error': {'message': 'Rate limit reached for model `llama-3.3-70b-versatile` in organization `org_01kk3rksfxeh5apr70he72t7p4` service tier `on_demand` on tokens per day (TPD): Limit 100000, Used 99933, Requested 1769. Please try again in 24m30.528s. Need more tokens? Upgrade to Dev Tier today at https://console.groq.com/settings/billing', 'type': 'tokens', 'code': 'rate_limit_exceeded'}}
2026-04-27 12:58:05 | INFO | babydoc.app | Incoming query: 'infant is not passing stool for 3 days'
2026-04-27 12:58:05 | DEBUG | babydoc.app | Retrieval score: 0.768 | top results: 5
2026-04-27 12:58:05 | INFO | babydoc.app | Mode: data | Score: 0.768
2026-04-27 12:58:05 | ERROR | babydoc.app | Groq API error: Error code: 429 - {'error': {'message': 'Rate limit reached for model `llama-3.3-70b-versatile` in organization `org_01kk3rksfxeh5apr70he72t7p4` service tier `on_demand` on tokens per day (TPD): Limit 100000, Used 99929, Requested 1817. Please try again in 25m8.544s. Need more tokens? Upgrade to Dev Tier today at https://console.groq.com/settings/billing', 'type': 'tokens', 'code': 'rate_limit_exceeded'}}
2026-04-27 12:58:05 | ERROR | babydoc.app | Unhandled error in /chat: Error code: 429 - {'error': {'message': 'Rate limit reached for model `llama-3.3-70b-versatile` in organization `org_01kk3rksfxeh5apr70he72t7p4` service tier `on_demand` on tokens per day (TPD): Limit 100000, Used 99929, Requested 1817. Please try again in 25m8.544s. Need more tokens? Upgrade to Dev Tier today at https://console.groq.com/settings/billing', 'type': 'tokens', 'code': 'rate_limit_exceeded'}}
2026-04-27 12:58:07 | INFO | babydoc.app | Incoming query: 'can I give ragi to my 6 month old baby'
2026-04-27 12:58:07 | DEBUG | babydoc.app | Retrieval score: 0.918 | top results: 5
2026-04-27 12:58:07 | INFO | babydoc.app | Mode: data | Score: 0.918
2026-04-27 12:58:07 | ERROR | babydoc.app | Groq API error: Error code: 429 - {'error': {'message': 'Rate limit reached for model `llama-3.3-70b-versatile` in organization `org_01kk3rksfxeh5apr70he72t7p4` service tier `on_demand` on tokens per day (TPD): Limit 100000, Used 99926, Requested 1719. Please try again in 23m41.28s. Need more tokens? Upgrade to Dev Tier today at https://console.groq.com/settings/billing', 'type': 'tokens', 'code': 'rate_limit_exceeded'}}
2026-04-27 12:58:07 | ERROR | babydoc.app | Unhandled error in /chat: Error code: 429 - {'error': {'message': 'Rate limit reached for model `llama-3.3-70b-versatile` in organization `org_01kk3rksfxeh5apr70he72t7p4` service tier `on_demand` on tokens per day (TPD): Limit 100000, Used 99926, Requested 1719. Please try again in 23m41.28s. Need more tokens? Upgrade to Dev Tier today at https://console.groq.com/settings/billing', 'type': 'tokens', 'code': 'rate_limit_exceeded'}}
2026-04-27 12:58:10 | INFO | babydoc.app | Incoming query: 'how much water should I give to a 7 month old baby'
2026-04-27 12:58:10 | DEBUG | babydoc.app | Retrieval score: 0.943 | top results: 5
2026-04-27 12:58:10 | INFO | babydoc.app | Mode: data | Score: 0.943
2026-04-27 12:58:10 | ERROR | babydoc.app | Groq API error: Error code: 429 - {'error': {'message': 'Rate limit reached for model `llama-3.3-70b-versatile` in organization `org_01kk3rksfxeh5apr70he72t7p4` service tier `on_demand` on tokens per day (TPD): Limit 100000, Used 99923, Requested 1745. Please try again in 24m1.152s. Need more tokens? Upgrade to Dev Tier today at https://console.groq.com/settings/billing', 'type': 'tokens', 'code': 'rate_limit_exceeded'}}
2026-04-27 12:58:10 | ERROR | babydoc.app | Unhandled error in /chat: Error code: 429 - {'error': {'message': 'Rate limit reached for model `llama-3.3-70b-versatile` in organization `org_01kk3rksfxeh5apr70he72t7p4` service tier `on_demand` on tokens per day (TPD): Limit 100000, Used 99923, Requested 1745. Please try again in 24m1.152s. Need more tokens? Upgrade to Dev Tier today at https://console.groq.com/settings/billing', 'type': 'tokens', 'code': 'rate_limit_exceeded'}}
2026-04-27 12:58:13 | INFO | babydoc.app | Incoming query: 'baby ko colic hai kya karein'
2026-04-27 12:58:13 | DEBUG | babydoc.app | Retrieval score: 0.836 | top results: 5
2026-04-27 12:58:13 | INFO | babydoc.app | Mode: data | Score: 0.836
2026-04-27 12:58:13 | ERROR | babydoc.app | Groq API error: Error code: 429 - {'error': {'message': 'Rate limit reached for model `llama-3.3-70b-versatile` in organization `org_01kk3rksfxeh5apr70he72t7p4` service tier `on_demand` on tokens per day (TPD): Limit 100000, Used 99920, Requested 1758. Please try again in 24m9.792s. Need more tokens? Upgrade to Dev Tier today at https://console.groq.com/settings/billing', 'type': 'tokens', 'code': 'rate_limit_exceeded'}}
2026-04-27 12:58:13 | ERROR | babydoc.app | Unhandled error in /chat: Error code: 429 - {'error': {'message': 'Rate limit reached for model `llama-3.3-70b-versatile` in organization `org_01kk3rksfxeh5apr70he72t7p4` service tier `on_demand` on tokens per day (TPD): Limit 100000, Used 99920, Requested 1758. Please try again in 24m9.792s. Need more tokens? Upgrade to Dev Tier today at https://console.groq.com/settings/billing', 'type': 'tokens', 'code': 'rate_limit_exceeded'}}
2026-04-27 12:58:15 | INFO | babydoc.app | Incoming query: 'baby 1 year 10 kg fever 101 F'
2026-04-27 12:58:15 | DEBUG | babydoc.app | Retrieval score: 0.741 | top results: 5
2026-04-27 12:58:15 | INFO | babydoc.app | Mode: data | Score: 0.741
2026-04-27 12:58:16 | ERROR | babydoc.app | Groq API error: Error code: 429 - {'error': {'message': 'Rate limit reached for model `llama-3.3-70b-versatile` in organization `org_01kk3rksfxeh5apr70he72t7p4` service tier `on_demand` on tokens per day (TPD): Limit 100000, Used 99917, Requested 1738. Please try again in 23m49.919999999s. Need more tokens? Upgrade to Dev Tier today at https://console.groq.com/settings/billing', 'type': 'tokens', 'code': 'rate_limit_exceeded'}}
2026-04-27 12:58:16 | ERROR | babydoc.app | Unhandled error in /chat: Error code: 429 - {'error': {'message': 'Rate limit reached for model `llama-3.3-70b-versatile` in organization `org_01kk3rksfxeh5apr70he72t7p4` service tier `on_demand` on tokens per day (TPD): Limit 100000, Used 99917, Requested 1738. Please try again in 23m49.919999999s. Need more tokens? Upgrade to Dev Tier today at https://console.groq.com/settings/billing', 'type': 'tokens', 'code': 'rate_limit_exceeded'}}
2026-04-27 12:58:18 | INFO | babydoc.app | Incoming query: 'baby 8 months 8 kg fever 100 F'
2026-04-27 12:58:18 | DEBUG | babydoc.app | Retrieval score: 0.733 | top results: 5
2026-04-27 12:58:18 | INFO | babydoc.app | Mode: data | Score: 0.733
2026-04-27 12:58:18 | ERROR | babydoc.app | Groq API error: Error code: 429 - {'error': {'message': 'Rate limit reached for model `llama-3.3-70b-versatile` in organization `org_01kk3rksfxeh5apr70he72t7p4` service tier `on_demand` on tokens per day (TPD): Limit 100000, Used 99914, Requested 760. Please try again in 9m42.336s. Need more tokens? Upgrade to Dev Tier today at https://console.groq.com/settings/billing', 'type': 'tokens', 'code': 'rate_limit_exceeded'}}
2026-04-27 12:58:18 | ERROR | babydoc.app | Unhandled error in /chat: Error code: 429 - {'error': {'message': 'Rate limit reached for model `llama-3.3-70b-versatile` in organization `org_01kk3rksfxeh5apr70he72t7p4` service tier `on_demand` on tokens per day (TPD): Limit 100000, Used 99914, Requested 760. Please try again in 9m42.336s. Need more tokens? Upgrade to Dev Tier today at https://console.groq.com/settings/billing', 'type': 'tokens', 'code': 'rate_limit_exceeded'}}
2026-04-27 12:58:21 | INFO | babydoc.app | Incoming query: 'baby has fever'
2026-04-27 12:58:21 | DEBUG | babydoc.app | Retrieval score: 0.876 | top results: 5
2026-04-27 12:58:21 | INFO | babydoc.app | Mode: data | Score: 0.876
2026-04-27 12:58:21 | ERROR | babydoc.app | Groq API error: Error code: 429 - {'error': {'message': 'Rate limit reached for model `llama-3.3-70b-versatile` in organization `org_01kk3rksfxeh5apr70he72t7p4` service tier `on_demand` on tokens per day (TPD): Limit 100000, Used 99911, Requested 1756. Please try again in 24m0.288s. Need more tokens? Upgrade to Dev Tier today at https://console.groq.com/settings/billing', 'type': 'tokens', 'code': 'rate_limit_exceeded'}}
2026-04-27 12:58:21 | ERROR | babydoc.app | Unhandled error in /chat: Error code: 429 - {'error': {'message': 'Rate limit reached for model `llama-3.3-70b-versatile` in organization `org_01kk3rksfxeh5apr70he72t7p4` service tier `on_demand` on tokens per day (TPD): Limit 100000, Used 99911, Requested 1756. Please try again in 24m0.288s. Need more tokens? Upgrade to Dev Tier today at https://console.groq.com/settings/billing', 'type': 'tokens', 'code': 'rate_limit_exceeded'}}
2026-04-27 12:58:24 | INFO | babydoc.app | Incoming query: 'my 2 month old baby has fever'
2026-04-27 12:58:24 | WARNING | babydoc.app | Safety triggered for query: 'my 2 month old baby has fever'
2026-04-27 12:58:26 | INFO | babydoc.app | Incoming query: 'baby not breathing properly'
2026-04-27 12:58:26 | WARNING | babydoc.app | Safety triggered for query: 'baby not breathing properly'
2026-04-27 13:01:54 | INFO | babydoc.app | Momify API shutting down.
2026-04-27 13:02:09 | INFO | babydoc.app | Momify API starting up...
2026-04-27 13:02:13 | INFO | babydoc.app | Loaded 493 Q&A pairs from data\ALLQA_cleaned.json
2026-04-27 14:05:52 | INFO | babydoc.app | Incoming query: 'how long breast milk can be stored'
2026-04-27 14:05:52 | DEBUG | babydoc.app | Retrieval score: 0.919 | top results: 5
2026-04-27 14:05:52 | INFO | babydoc.app | Mode: data | Score: 0.919
2026-04-27 14:05:52 | ERROR | babydoc.app | Groq API error: Error code: 404 - {'error': {'message': 'The model `llama-3.3-8b-versatile` does not exist or you do not have access to it.', 'type': 'invalid_request_error', 'code': 'model_not_found'}}
2026-04-27 14:05:52 | ERROR | babydoc.app | Unhandled error in /chat: Error code: 404 - {'error': {'message': 'The model `llama-3.3-8b-versatile` does not exist or you do not have access to it.', 'type': 'invalid_request_error', 'code': 'model_not_found'}}
2026-04-27 14:05:55 | INFO | babydoc.app | Incoming query: 'my milk supply is low how to increase'
2026-04-27 14:05:55 | DEBUG | babydoc.app | Retrieval score: 0.968 | top results: 5
2026-04-27 14:05:55 | INFO | babydoc.app | Mode: data | Score: 0.968
2026-04-27 14:05:55 | ERROR | babydoc.app | Groq API error: Error code: 404 - {'error': {'message': 'The model `llama-3.3-8b-versatile` does not exist or you do not have access to it.', 'type': 'invalid_request_error', 'code': 'model_not_found'}}
2026-04-27 14:05:55 | ERROR | babydoc.app | Unhandled error in /chat: Error code: 404 - {'error': {'message': 'The model `llama-3.3-8b-versatile` does not exist or you do not have access to it.', 'type': 'invalid_request_error', 'code': 'model_not_found'}}
2026-04-27 14:05:57 | INFO | babydoc.app | Incoming query: 'my baby is not latching what can I do'
2026-04-27 14:05:57 | DEBUG | babydoc.app | Retrieval score: 0.778 | top results: 5
2026-04-27 14:05:57 | INFO | babydoc.app | Mode: data | Score: 0.778
2026-04-27 14:05:57 | ERROR | babydoc.app | Groq API error: Error code: 404 - {'error': {'message': 'The model `llama-3.3-8b-versatile` does not exist or you do not have access to it.', 'type': 'invalid_request_error', 'code': 'model_not_found'}}
2026-04-27 14:05:57 | ERROR | babydoc.app | Unhandled error in /chat: Error code: 404 - {'error': {'message': 'The model `llama-3.3-8b-versatile` does not exist or you do not have access to it.', 'type': 'invalid_request_error', 'code': 'model_not_found'}}
2026-04-27 14:07:35 | INFO | babydoc.app | Momify API shutting down.
2026-04-27 14:07:52 | INFO | babydoc.app | Momify API starting up...
2026-04-27 14:07:55 | INFO | babydoc.app | Loaded 493 Q&A pairs from data\ALLQA_cleaned.json
2026-04-27 14:07:55 | INFO | babydoc.app | Momify API shutting down.
2026-04-27 14:08:09 | INFO | babydoc.app | Momify API starting up...
2026-04-27 14:08:12 | INFO | babydoc.app | Loaded 493 Q&A pairs from data\ALLQA_cleaned.json
2026-04-27 14:08:12 | INFO | babydoc.app | Momify API shutting down.
2026-04-27 14:08:26 | INFO | babydoc.app | Momify API starting up...
2026-04-27 14:08:29 | INFO | babydoc.app | Loaded 493 Q&A pairs from data\ALLQA_cleaned.json
2026-04-27 14:08:29 | INFO | babydoc.app | Incoming query: 'how long breast milk can be stored'
2026-04-27 14:08:30 | DEBUG | babydoc.app | Retrieval score: 0.919 | top results: 5
2026-04-27 14:08:30 | INFO | babydoc.app | Mode: data | Score: 0.919
2026-04-27 14:08:30 | INFO | babydoc.app | Response time: 550ms
2026-04-27 14:08:33 | INFO | babydoc.app | Incoming query: 'my milk supply is low how to increase'
2026-04-27 14:08:33 | DEBUG | babydoc.app | Retrieval score: 0.968 | top results: 5
2026-04-27 14:08:33 | INFO | babydoc.app | Mode: data | Score: 0.968
2026-04-27 14:08:34 | INFO | babydoc.app | Response time: 555ms
2026-04-27 14:08:37 | INFO | babydoc.app | Incoming query: 'my baby is not latching what can I do'
2026-04-27 14:08:37 | DEBUG | babydoc.app | Retrieval score: 0.778 | top results: 5
2026-04-27 14:08:37 | INFO | babydoc.app | Mode: data | Score: 0.778
2026-04-27 14:08:37 | INFO | babydoc.app | Response time: 349ms
2026-04-27 14:08:40 | INFO | babydoc.app | Incoming query: 'I have breastfeeding problem my nipples got cracked and it hurts'
2026-04-27 14:08:40 | DEBUG | babydoc.app | Retrieval score: 0.930 | top results: 5
2026-04-27 14:08:40 | INFO | babydoc.app | Mode: data | Score: 0.930
2026-04-27 14:08:40 | ERROR | babydoc.app | Groq API error: Error code: 429 - {'error': {'message': 'Rate limit reached for model `llama-3.3-70b-versatile` in organization `org_01kk3rksfxeh5apr70he72t7p4` service tier `on_demand` on tokens per day (TPD): Limit 100000, Used 99658, Requested 780. Please try again in 6m18.432s. Need more tokens? Upgrade to Dev Tier today at https://console.groq.com/settings/billing', 'type': 'tokens', 'code': 'rate_limit_exceeded'}}
2026-04-27 14:08:40 | ERROR | babydoc.app | Unhandled error in /chat: Error code: 429 - {'error': {'message': 'Rate limit reached for model `llama-3.3-70b-versatile` in organization `org_01kk3rksfxeh5apr70he72t7p4` service tier `on_demand` on tokens per day (TPD): Limit 100000, Used 99658, Requested 780. Please try again in 6m18.432s. Need more tokens? Upgrade to Dev Tier today at https://console.groq.com/settings/billing', 'type': 'tokens', 'code': 'rate_limit_exceeded'}}
2026-04-27 14:09:37 | INFO | babydoc.app | Incoming query: 'how to clear blocked milk ducts'
2026-04-27 14:09:37 | DEBUG | babydoc.app | Retrieval score: 0.865 | top results: 5
2026-04-27 14:09:37 | INFO | babydoc.app | Mode: data | Score: 0.865
2026-04-27 14:09:37 | ERROR | babydoc.app | Groq API error: Error code: 429 - {'error': {'message': 'Rate limit reached for model `llama-3.3-70b-versatile` in organization `org_01kk3rksfxeh5apr70he72t7p4` service tier `on_demand` on tokens per day (TPD): Limit 100000, Used 99591, Requested 731. Please try again in 4m38.208s. Need more tokens? Upgrade to Dev Tier today at https://console.groq.com/settings/billing', 'type': 'tokens', 'code': 'rate_limit_exceeded'}}
2026-04-27 14:09:37 | ERROR | babydoc.app | Unhandled error in /chat: Error code: 429 - {'error': {'message': 'Rate limit reached for model `llama-3.3-70b-versatile` in organization `org_01kk3rksfxeh5apr70he72t7p4` service tier `on_demand` on tokens per day (TPD): Limit 100000, Used 99591, Requested 731. Please try again in 4m38.208s. Need more tokens? Upgrade to Dev Tier today at https://console.groq.com/settings/billing', 'type': 'tokens', 'code': 'rate_limit_exceeded'}}
2026-04-27 14:09:40 | INFO | babydoc.app | Incoming query: 'baby has fever what to give'
2026-04-27 14:09:40 | DEBUG | babydoc.app | Retrieval score: 0.838 | top results: 5
2026-04-27 14:09:40 | INFO | babydoc.app | Mode: data | Score: 0.838
2026-04-27 14:09:40 | ERROR | babydoc.app | Groq API error: Error code: 429 - {'error': {'message': 'Rate limit reached for model `llama-3.3-70b-versatile` in organization `org_01kk3rksfxeh5apr70he72t7p4` service tier `on_demand` on tokens per day (TPD): Limit 100000, Used 99956, Requested 784. Please try again in 10m39.36s. Need more tokens? Upgrade to Dev Tier today at https://console.groq.com/settings/billing', 'type': 'tokens', 'code': 'rate_limit_exceeded'}}
2026-04-27 14:09:40 | ERROR | babydoc.app | Unhandled error in /chat: Error code: 429 - {'error': {'message': 'Rate limit reached for model `llama-3.3-70b-versatile` in organization `org_01kk3rksfxeh5apr70he72t7p4` service tier `on_demand` on tokens per day (TPD): Limit 100000, Used 99956, Requested 784. Please try again in 10m39.36s. Need more tokens? Upgrade to Dev Tier today at https://console.groq.com/settings/billing', 'type': 'tokens', 'code': 'rate_limit_exceeded'}}
2026-04-27 14:09:43 | INFO | babydoc.app | Incoming query: 'my baby is constipated what to do'
2026-04-27 14:09:43 | DEBUG | babydoc.app | Retrieval score: 0.888 | top results: 5
2026-04-27 14:09:43 | INFO | babydoc.app | Mode: data | Score: 0.888
2026-04-27 14:09:43 | ERROR | babydoc.app | Groq API error: Error code: 429 - {'error': {'message': 'Rate limit reached for model `llama-3.3-70b-versatile` in organization `org_01kk3rksfxeh5apr70he72t7p4` service tier `on_demand` on tokens per day (TPD): Limit 100000, Used 99953, Requested 1784. Please try again in 25m0.768s. Need more tokens? Upgrade to Dev Tier today at https://console.groq.com/settings/billing', 'type': 'tokens', 'code': 'rate_limit_exceeded'}}
2026-04-27 14:09:43 | ERROR | babydoc.app | Unhandled error in /chat: Error code: 429 - {'error': {'message': 'Rate limit reached for model `llama-3.3-70b-versatile` in organization `org_01kk3rksfxeh5apr70he72t7p4` service tier `on_demand` on tokens per day (TPD): Limit 100000, Used 99953, Requested 1784. Please try again in 25m0.768s. Need more tokens? Upgrade to Dev Tier today at https://console.groq.com/settings/billing', 'type': 'tokens', 'code': 'rate_limit_exceeded'}}
2026-04-27 14:09:46 | INFO | babydoc.app | Incoming query: 'my baby has loose motions what to do'
2026-04-27 14:09:46 | DEBUG | babydoc.app | Retrieval score: 0.775 | top results: 5
2026-04-27 14:09:46 | INFO | babydoc.app | Mode: data | Score: 0.775
2026-04-27 14:09:46 | ERROR | babydoc.app | Groq API error: Error code: 429 - {'error': {'message': 'Rate limit reached for model `llama-3.3-70b-versatile` in organization `org_01kk3rksfxeh5apr70he72t7p4` service tier `on_demand` on tokens per day (TPD): Limit 100000, Used 99950, Requested 785. Please try again in 10m35.04s. Need more tokens? Upgrade to Dev Tier today at https://console.groq.com/settings/billing', 'type': 'tokens', 'code': 'rate_limit_exceeded'}}
2026-04-27 14:09:46 | ERROR | babydoc.app | Unhandled error in /chat: Error code: 429 - {'error': {'message': 'Rate limit reached for model `llama-3.3-70b-versatile` in organization `org_01kk3rksfxeh5apr70he72t7p4` service tier `on_demand` on tokens per day (TPD): Limit 100000, Used 99950, Requested 785. Please try again in 10m35.04s. Need more tokens? Upgrade to Dev Tier today at https://console.groq.com/settings/billing', 'type': 'tokens', 'code': 'rate_limit_exceeded'}}
2026-04-27 14:09:48 | INFO | babydoc.app | Incoming query: 'when can I start solids for my baby'
2026-04-27 14:09:48 | DEBUG | babydoc.app | Retrieval score: 0.620 | top results: 5
2026-04-27 14:09:48 | INFO | babydoc.app | Mode: data | Score: 0.620
2026-04-27 14:09:48 | ERROR | babydoc.app | Groq API error: Error code: 429 - {'error': {'message': 'Rate limit reached for model `llama-3.3-70b-versatile` in organization `org_01kk3rksfxeh5apr70he72t7p4` service tier `on_demand` on tokens per day (TPD): Limit 100000, Used 99947, Requested 765. Please try again in 10m15.168s. Need more tokens? Upgrade to Dev Tier today at https://console.groq.com/settings/billing', 'type': 'tokens', 'code': 'rate_limit_exceeded'}}
2026-04-27 14:09:48 | ERROR | babydoc.app | Unhandled error in /chat: Error code: 429 - {'error': {'message': 'Rate limit reached for model `llama-3.3-70b-versatile` in organization `org_01kk3rksfxeh5apr70he72t7p4` service tier `on_demand` on tokens per day (TPD): Limit 100000, Used 99947, Requested 765. Please try again in 10m15.168s. Need more tokens? Upgrade to Dev Tier today at https://console.groq.com/settings/billing', 'type': 'tokens', 'code': 'rate_limit_exceeded'}}
2026-04-27 14:09:51 | INFO | babydoc.app | Incoming query: 'how many eggs should a breastfeeding mother eat'
2026-04-27 14:09:51 | DEBUG | babydoc.app | Retrieval score: 0.775 | top results: 5
2026-04-27 14:09:51 | INFO | babydoc.app | Mode: data | Score: 0.775
2026-04-27 14:09:51 | ERROR | babydoc.app | Groq API error: Error code: 429 - {'error': {'message': 'Rate limit reached for model `llama-3.3-70b-versatile` in organization `org_01kk3rksfxeh5apr70he72t7p4` service tier `on_demand` on tokens per day (TPD): Limit 100000, Used 99944, Requested 822. Please try again in 11m1.824s. Need more tokens? Upgrade to Dev Tier today at https://console.groq.com/settings/billing', 'type': 'tokens', 'code': 'rate_limit_exceeded'}}
2026-04-27 14:09:51 | ERROR | babydoc.app | Unhandled error in /chat: Error code: 429 - {'error': {'message': 'Rate limit reached for model `llama-3.3-70b-versatile` in organization `org_01kk3rksfxeh5apr70he72t7p4` service tier `on_demand` on tokens per day (TPD): Limit 100000, Used 99944, Requested 822. Please try again in 11m1.824s. Need more tokens? Upgrade to Dev Tier today at https://console.groq.com/settings/billing', 'type': 'tokens', 'code': 'rate_limit_exceeded'}}
2026-04-27 14:09:54 | INFO | babydoc.app | Incoming query: 'diaper rash treatment'
2026-04-27 14:09:54 | DEBUG | babydoc.app | Retrieval score: 0.855 | top results: 5
2026-04-27 14:09:54 | INFO | babydoc.app | Mode: data | Score: 0.855
2026-04-27 14:09:54 | ERROR | babydoc.app | Groq API error: Error code: 429 - {'error': {'message': 'Rate limit reached for model `llama-3.3-70b-versatile` in organization `org_01kk3rksfxeh5apr70he72t7p4` service tier `on_demand` on tokens per day (TPD): Limit 100000, Used 99941, Requested 808. Please try again in 10m47.136s. Need more tokens? Upgrade to Dev Tier today at https://console.groq.com/settings/billing', 'type': 'tokens', 'code': 'rate_limit_exceeded'}}
2026-04-27 14:09:54 | ERROR | babydoc.app | Unhandled error in /chat: Error code: 429 - {'error': {'message': 'Rate limit reached for model `llama-3.3-70b-versatile` in organization `org_01kk3rksfxeh5apr70he72t7p4` service tier `on_demand` on tokens per day (TPD): Limit 100000, Used 99941, Requested 808. Please try again in 10m47.136s. Need more tokens? Upgrade to Dev Tier today at https://console.groq.com/settings/billing', 'type': 'tokens', 'code': 'rate_limit_exceeded'}}
2026-04-27 14:10:20 | INFO | babydoc.app | Momify API shutting down.
2026-04-27 14:10:35 | INFO | babydoc.app | Momify API starting up...
2026-04-27 14:10:40 | INFO | babydoc.app | Loaded 493 Q&A pairs from data\ALLQA_cleaned.json
2026-04-27 14:10:41 | INFO | babydoc.app | Momify API shutting down.
2026-04-27 14:10:57 | INFO | babydoc.app | Momify API starting up...
2026-04-27 14:11:01 | INFO | babydoc.app | Loaded 493 Q&A pairs from data\ALLQA_cleaned.json
2026-04-27 14:11:38 | INFO | babydoc.app | Momify API shutting down.
2026-04-27 14:11:51 | INFO | babydoc.app | Momify API starting up...
2026-04-27 14:11:54 | INFO | babydoc.app | Loaded 493 Q&A pairs from data\ALLQA_cleaned.json
2026-04-27 14:11:55 | INFO | babydoc.app | Momify API shutting down.
2026-04-27 14:12:08 | INFO | babydoc.app | Momify API starting up...
2026-04-27 14:12:11 | INFO | babydoc.app | Loaded 493 Q&A pairs from data\ALLQA_cleaned.json
2026-04-27 14:12:12 | INFO | babydoc.app | Momify API shutting down.
2026-04-27 14:12:25 | INFO | babydoc.app | Momify API starting up...
2026-04-27 14:12:28 | INFO | babydoc.app | Loaded 493 Q&A pairs from data\ALLQA_cleaned.json
2026-04-27 14:12:29 | INFO | babydoc.app | Momify API shutting down.
2026-04-27 14:12:42 | INFO | babydoc.app | Momify API starting up...
2026-04-27 14:12:45 | INFO | babydoc.app | Loaded 493 Q&A pairs from data\ALLQA_cleaned.json
2026-04-27 14:12:47 | INFO | babydoc.app | Incoming query: 'how long breast milk can be stored'
2026-04-27 14:12:47 | DEBUG | babydoc.app | Retrieval score: 0.919 | top results: 5
2026-04-27 14:12:47 | INFO | babydoc.app | Mode: data | Score: 0.919
2026-04-27 14:12:47 | ERROR | babydoc.app | Groq API error: Error code: 429 - {'error': {'message': 'Rate limit reached for model `llama-3.3-70b-versatile` in organization `org_01kk3rksfxeh5apr70he72t7p4` service tier `on_demand` on tokens per day (TPD): Limit 100000, Used 99740, Requested 763. Please try again in 7m14.592s. Need more tokens? Upgrade to Dev Tier today at https://console.groq.com/settings/billing', 'type': 'tokens', 'code': 'rate_limit_exceeded'}}
2026-04-27 14:12:47 | ERROR | babydoc.app | Unhandled error in /chat: Error code: 429 - {'error': {'message': 'Rate limit reached for model `llama-3.3-70b-versatile` in organization `org_01kk3rksfxeh5apr70he72t7p4` service tier `on_demand` on tokens per day (TPD): Limit 100000, Used 99740, Requested 763. Please try again in 7m14.592s. Need more tokens? Upgrade to Dev Tier today at https://console.groq.com/settings/billing', 'type': 'tokens', 'code': 'rate_limit_exceeded'}}
2026-04-27 14:12:50 | INFO | babydoc.app | Incoming query: 'my milk supply is low how to increase'
2026-04-27 14:12:50 | DEBUG | babydoc.app | Retrieval score: 0.968 | top results: 5
2026-04-27 14:12:50 | INFO | babydoc.app | Mode: data | Score: 0.968
2026-04-27 14:12:50 | ERROR | babydoc.app | Groq API error: Error code: 429 - {'error': {'message': 'Rate limit reached for model `llama-3.3-70b-versatile` in organization `org_01kk3rksfxeh5apr70he72t7p4` service tier `on_demand` on tokens per day (TPD): Limit 100000, Used 99737, Requested 784. Please try again in 7m30.144s. Need more tokens? Upgrade to Dev Tier today at https://console.groq.com/settings/billing', 'type': 'tokens', 'code': 'rate_limit_exceeded'}}
2026-04-27 14:12:50 | ERROR | babydoc.app | Unhandled error in /chat: Error code: 429 - {'error': {'message': 'Rate limit reached for model `llama-3.3-70b-versatile` in organization `org_01kk3rksfxeh5apr70he72t7p4` service tier `on_demand` on tokens per day (TPD): Limit 100000, Used 99737, Requested 784. Please try again in 7m30.144s. Need more tokens? Upgrade to Dev Tier today at https://console.groq.com/settings/billing', 'type': 'tokens', 'code': 'rate_limit_exceeded'}}
2026-04-27 14:12:53 | INFO | babydoc.app | Incoming query: 'my baby is not latching what can I do'
2026-04-27 14:12:53 | DEBUG | babydoc.app | Retrieval score: 0.778 | top results: 5
2026-04-27 14:12:53 | INFO | babydoc.app | Mode: data | Score: 0.778
2026-04-27 14:12:53 | ERROR | babydoc.app | Groq API error: Error code: 429 - {'error': {'message': 'Rate limit reached for model `llama-3.3-70b-versatile` in organization `org_01kk3rksfxeh5apr70he72t7p4` service tier `on_demand` on tokens per day (TPD): Limit 100000, Used 99734, Requested 928. Please try again in 9m31.968s. Need more tokens? Upgrade to Dev Tier today at https://console.groq.com/settings/billing', 'type': 'tokens', 'code': 'rate_limit_exceeded'}}
2026-04-27 14:12:53 | ERROR | babydoc.app | Unhandled error in /chat: Error code: 429 - {'error': {'message': 'Rate limit reached for model `llama-3.3-70b-versatile` in organization `org_01kk3rksfxeh5apr70he72t7p4` service tier `on_demand` on tokens per day (TPD): Limit 100000, Used 99734, Requested 928. Please try again in 9m31.968s. Need more tokens? Upgrade to Dev Tier today at https://console.groq.com/settings/billing', 'type': 'tokens', 'code': 'rate_limit_exceeded'}}
2026-04-27 14:12:56 | INFO | babydoc.app | Incoming query: 'I have breastfeeding problem my nipples got cracked and it hurts'
2026-04-27 14:12:56 | DEBUG | babydoc.app | Retrieval score: 0.930 | top results: 5
2026-04-27 14:12:56 | INFO | babydoc.app | Mode: data | Score: 0.930
2026-04-27 14:12:56 | ERROR | babydoc.app | Groq API error: Error code: 429 - {'error': {'message': 'Rate limit reached for model `llama-3.3-70b-versatile` in organization `org_01kk3rksfxeh5apr70he72t7p4` service tier `on_demand` on tokens per day (TPD): Limit 100000, Used 99730, Requested 1750. Please try again in 21m18.72s. Need more tokens? Upgrade to Dev Tier today at https://console.groq.com/settings/billing', 'type': 'tokens', 'code': 'rate_limit_exceeded'}}
2026-04-27 14:12:56 | ERROR | babydoc.app | Unhandled error in /chat: Error code: 429 - {'error': {'message': 'Rate limit reached for model `llama-3.3-70b-versatile` in organization `org_01kk3rksfxeh5apr70he72t7p4` service tier `on_demand` on tokens per day (TPD): Limit 100000, Used 99730, Requested 1750. Please try again in 21m18.72s. Need more tokens? Upgrade to Dev Tier today at https://console.groq.com/settings/billing', 'type': 'tokens', 'code': 'rate_limit_exceeded'}}
2026-04-27 14:12:59 | INFO | babydoc.app | Incoming query: 'how to clear blocked milk ducts'
2026-04-27 14:12:59 | DEBUG | babydoc.app | Retrieval score: 0.865 | top results: 5
2026-04-27 14:12:59 | INFO | babydoc.app | Mode: data | Score: 0.865
2026-04-27 14:12:59 | ERROR | babydoc.app | Groq API error: Error code: 429 - {'error': {'message': 'Rate limit reached for model `llama-3.3-70b-versatile` in organization `org_01kk3rksfxeh5apr70he72t7p4` service tier `on_demand` on tokens per day (TPD): Limit 100000, Used 99727, Requested 743. Please try again in 6m46.08s. Need more tokens? Upgrade to Dev Tier today at https://console.groq.com/settings/billing', 'type': 'tokens', 'code': 'rate_limit_exceeded'}}
2026-04-27 14:12:59 | ERROR | babydoc.app | Unhandled error in /chat: Error code: 429 - {'error': {'message': 'Rate limit reached for model `llama-3.3-70b-versatile` in organization `org_01kk3rksfxeh5apr70he72t7p4` service tier `on_demand` on tokens per day (TPD): Limit 100000, Used 99727, Requested 743. Please try again in 6m46.08s. Need more tokens? Upgrade to Dev Tier today at https://console.groq.com/settings/billing', 'type': 'tokens', 'code': 'rate_limit_exceeded'}}
2026-04-27 14:13:01 | INFO | babydoc.app | Incoming query: 'baby has fever what to give'
2026-04-27 14:13:01 | DEBUG | babydoc.app | Retrieval score: 0.838 | top results: 5
2026-04-27 14:13:01 | INFO | babydoc.app | Mode: data | Score: 0.838
2026-04-27 14:13:02 | ERROR | babydoc.app | Groq API error: Error code: 429 - {'error': {'message': 'Rate limit reached for model `llama-3.3-70b-versatile` in organization `org_01kk3rksfxeh5apr70he72t7p4` service tier `on_demand` on tokens per day (TPD): Limit 100000, Used 99724, Requested 796. Please try again in 7m29.28s. Need more tokens? Upgrade to Dev Tier today at https://console.groq.com/settings/billing', 'type': 'tokens', 'code': 'rate_limit_exceeded'}}
2026-04-27 14:13:02 | ERROR | babydoc.app | Unhandled error in /chat: Error code: 429 - {'error': {'message': 'Rate limit reached for model `llama-3.3-70b-versatile` in organization `org_01kk3rksfxeh5apr70he72t7p4` service tier `on_demand` on tokens per day (TPD): Limit 100000, Used 99724, Requested 796. Please try again in 7m29.28s. Need more tokens? Upgrade to Dev Tier today at https://console.groq.com/settings/billing', 'type': 'tokens', 'code': 'rate_limit_exceeded'}}
2026-04-27 14:13:04 | INFO | babydoc.app | Incoming query: 'my baby is constipated what to do'
2026-04-27 14:13:04 | DEBUG | babydoc.app | Retrieval score: 0.888 | top results: 5
2026-04-27 14:13:04 | INFO | babydoc.app | Mode: data | Score: 0.888
2026-04-27 14:13:04 | ERROR | babydoc.app | Groq API error: Error code: 429 - {'error': {'message': 'Rate limit reached for model `llama-3.3-70b-versatile` in organization `org_01kk3rksfxeh5apr70he72t7p4` service tier `on_demand` on tokens per day (TPD): Limit 100000, Used 99720, Requested 814. Please try again in 7m41.376s. Need more tokens? Upgrade to Dev Tier today at https://console.groq.com/settings/billing', 'type': 'tokens', 'code': 'rate_limit_exceeded'}}
2026-04-27 14:13:04 | ERROR | babydoc.app | Unhandled error in /chat: Error code: 429 - {'error': {'message': 'Rate limit reached for model `llama-3.3-70b-versatile` in organization `org_01kk3rksfxeh5apr70he72t7p4` service tier `on_demand` on tokens per day (TPD): Limit 100000, Used 99720, Requested 814. Please try again in 7m41.376s. Need more tokens? Upgrade to Dev Tier today at https://console.groq.com/settings/billing', 'type': 'tokens', 'code': 'rate_limit_exceeded'}}
2026-04-27 14:13:07 | INFO | babydoc.app | Incoming query: 'my baby has loose motions what to do'
2026-04-27 14:13:07 | DEBUG | babydoc.app | Retrieval score: 0.775 | top results: 5
2026-04-27 14:13:07 | INFO | babydoc.app | Mode: data | Score: 0.775
2026-04-27 14:13:07 | ERROR | babydoc.app | Groq API error: Error code: 429 - {'error': {'message': 'Rate limit reached for model `llama-3.3-70b-versatile` in organization `org_01kk3rksfxeh5apr70he72t7p4` service tier `on_demand` on tokens per day (TPD): Limit 100000, Used 99717, Requested 1755. Please try again in 21m11.808s. Need more tokens? Upgrade to Dev Tier today at https://console.groq.com/settings/billing', 'type': 'tokens', 'code': 'rate_limit_exceeded'}}
2026-04-27 14:13:07 | ERROR | babydoc.app | Unhandled error in /chat: Error code: 429 - {'error': {'message': 'Rate limit reached for model `llama-3.3-70b-versatile` in organization `org_01kk3rksfxeh5apr70he72t7p4` service tier `on_demand` on tokens per day (TPD): Limit 100000, Used 99717, Requested 1755. Please try again in 21m11.808s. Need more tokens? Upgrade to Dev Tier today at https://console.groq.com/settings/billing', 'type': 'tokens', 'code': 'rate_limit_exceeded'}}
2026-04-27 14:13:10 | INFO | babydoc.app | Incoming query: 'when can I start solids for my baby'
2026-04-27 14:13:10 | DEBUG | babydoc.app | Retrieval score: 0.620 | top results: 5
2026-04-27 14:13:10 | INFO | babydoc.app | Mode: data | Score: 0.620
2026-04-27 14:13:10 | ERROR | babydoc.app | Groq API error: Error code: 429 - {'error': {'message': 'Rate limit reached for model `llama-3.3-70b-versatile` in organization `org_01kk3rksfxeh5apr70he72t7p4` service tier `on_demand` on tokens per day (TPD): Limit 100000, Used 99714, Requested 777. Please try again in 7m4.224s. Need more tokens? Upgrade to Dev Tier today at https://console.groq.com/settings/billing', 'type': 'tokens', 'code': 'rate_limit_exceeded'}}
2026-04-27 14:13:10 | ERROR | babydoc.app | Unhandled error in /chat: Error code: 429 - {'error': {'message': 'Rate limit reached for model `llama-3.3-70b-versatile` in organization `org_01kk3rksfxeh5apr70he72t7p4` service tier `on_demand` on tokens per day (TPD): Limit 100000, Used 99714, Requested 777. Please try again in 7m4.224s. Need more tokens? Upgrade to Dev Tier today at https://console.groq.com/settings/billing', 'type': 'tokens', 'code': 'rate_limit_exceeded'}}
2026-04-27 14:13:13 | INFO | babydoc.app | Incoming query: 'how many eggs should a breastfeeding mother eat'
2026-04-27 14:13:13 | DEBUG | babydoc.app | Retrieval score: 0.775 | top results: 5
2026-04-27 14:13:13 | INFO | babydoc.app | Mode: data | Score: 0.775
2026-04-27 14:13:13 | ERROR | babydoc.app | Groq API error: Error code: 429 - {'error': {'message': 'Rate limit reached for model `llama-3.3-70b-versatile` in organization `org_01kk3rksfxeh5apr70he72t7p4` service tier `on_demand` on tokens per day (TPD): Limit 100000, Used 99711, Requested 1792. Please try again in 21m38.592s. Need more tokens? Upgrade to Dev Tier today at https://console.groq.com/settings/billing', 'type': 'tokens', 'code': 'rate_limit_exceeded'}}
2026-04-27 14:13:13 | ERROR | babydoc.app | Unhandled error in /chat: Error code: 429 - {'error': {'message': 'Rate limit reached for model `llama-3.3-70b-versatile` in organization `org_01kk3rksfxeh5apr70he72t7p4` service tier `on_demand` on tokens per day (TPD): Limit 100000, Used 99711, Requested 1792. Please try again in 21m38.592s. Need more tokens? Upgrade to Dev Tier today at https://console.groq.com/settings/billing', 'type': 'tokens', 'code': 'rate_limit_exceeded'}}
2026-04-27 14:13:15 | INFO | babydoc.app | Incoming query: 'diaper rash treatment'
2026-04-27 14:13:16 | DEBUG | babydoc.app | Retrieval score: 0.855 | top results: 5
2026-04-27 14:13:16 | INFO | babydoc.app | Mode: data | Score: 0.855
2026-04-27 14:13:16 | ERROR | babydoc.app | Groq API error: Error code: 429 - {'error': {'message': 'Rate limit reached for model `llama-3.3-70b-versatile` in organization `org_01kk3rksfxeh5apr70he72t7p4` service tier `on_demand` on tokens per day (TPD): Limit 100000, Used 99707, Requested 820. Please try again in 7m35.328s. Need more tokens? Upgrade to Dev Tier today at https://console.groq.com/settings/billing', 'type': 'tokens', 'code': 'rate_limit_exceeded'}}
2026-04-27 14:13:16 | ERROR | babydoc.app | Unhandled error in /chat: Error code: 429 - {'error': {'message': 'Rate limit reached for model `llama-3.3-70b-versatile` in organization `org_01kk3rksfxeh5apr70he72t7p4` service tier `on_demand` on tokens per day (TPD): Limit 100000, Used 99707, Requested 820. Please try again in 7m35.328s. Need more tokens? Upgrade to Dev Tier today at https://console.groq.com/settings/billing', 'type': 'tokens', 'code': 'rate_limit_exceeded'}}
2026-04-27 14:13:18 | INFO | babydoc.app | Incoming query: 'when does teething start in babies'
2026-04-27 14:13:18 | DEBUG | babydoc.app | Retrieval score: 0.970 | top results: 5
2026-04-27 14:13:18 | INFO | babydoc.app | Mode: data | Score: 0.970
2026-04-27 14:13:18 | ERROR | babydoc.app | Groq API error: Error code: 429 - {'error': {'message': 'Rate limit reached for model `llama-3.3-70b-versatile` in organization `org_01kk3rksfxeh5apr70he72t7p4` service tier `on_demand` on tokens per day (TPD): Limit 100000, Used 99704, Requested 785. Please try again in 7m2.496s. Need more tokens? Upgrade to Dev Tier today at https://console.groq.com/settings/billing', 'type': 'tokens', 'code': 'rate_limit_exceeded'}}
2026-04-27 14:13:18 | ERROR | babydoc.app | Unhandled error in /chat: Error code: 429 - {'error': {'message': 'Rate limit reached for model `llama-3.3-70b-versatile` in organization `org_01kk3rksfxeh5apr70he72t7p4` service tier `on_demand` on tokens per day (TPD): Limit 100000, Used 99704, Requested 785. Please try again in 7m2.496s. Need more tokens? Upgrade to Dev Tier today at https://console.groq.com/settings/billing', 'type': 'tokens', 'code': 'rate_limit_exceeded'}}
2026-04-27 14:13:21 | INFO | babydoc.app | Incoming query: 'postpartum depression mein kya karna chahiye'
2026-04-27 14:13:21 | DEBUG | babydoc.app | Retrieval score: 0.637 | top results: 5
2026-04-27 14:13:21 | INFO | babydoc.app | Mode: data | Score: 0.637
2026-04-27 14:13:21 | ERROR | babydoc.app | Groq API error: Error code: 429 - {'error': {'message': 'Rate limit reached for model `llama-3.3-70b-versatile` in organization `org_01kk3rksfxeh5apr70he72t7p4` service tier `on_demand` on tokens per day (TPD): Limit 100000, Used 99701, Requested 834. Please try again in 7m42.239999999s. Need more tokens? Upgrade to Dev Tier today at https://console.groq.com/settings/billing', 'type': 'tokens', 'code': 'rate_limit_exceeded'}}
2026-04-27 14:13:21 | ERROR | babydoc.app | Unhandled error in /chat: Error code: 429 - {'error': {'message': 'Rate limit reached for model `llama-3.3-70b-versatile` in organization `org_01kk3rksfxeh5apr70he72t7p4` service tier `on_demand` on tokens per day (TPD): Limit 100000, Used 99701, Requested 834. Please try again in 7m42.239999999s. Need more tokens? Upgrade to Dev Tier today at https://console.groq.com/settings/billing', 'type': 'tokens', 'code': 'rate_limit_exceeded'}}
2026-04-27 14:13:21 | INFO | babydoc.app | Incoming query: 'hi'
2026-04-27 14:13:21 | DEBUG | babydoc.app | Retrieval score: 0.519 | top results: 5
2026-04-27 14:13:21 | INFO | babydoc.app | Mode: weak | Score: 0.519
2026-04-27 14:13:21 | ERROR | babydoc.app | Groq API error: Error code: 429 - {'error': {'message': 'Rate limit reached for model `llama-3.3-70b-versatile` in organization `org_01kk3rksfxeh5apr70he72t7p4` service tier `on_demand` on tokens per day (TPD): Limit 100000, Used 99701, Requested 1760. Please try again in 21m2.304s. Need more tokens? Upgrade to Dev Tier today at https://console.groq.com/settings/billing', 'type': 'tokens', 'code': 'rate_limit_exceeded'}}
2026-04-27 14:13:21 | ERROR | babydoc.app | Unhandled error in /chat: Error code: 429 - {'error': {'message': 'Rate limit reached for model `llama-3.3-70b-versatile` in organization `org_01kk3rksfxeh5apr70he72t7p4` service tier `on_demand` on tokens per day (TPD): Limit 100000, Used 99701, Requested 1760. Please try again in 21m2.304s. Need more tokens? Upgrade to Dev Tier today at https://console.groq.com/settings/billing', 'type': 'tokens', 'code': 'rate_limit_exceeded'}}
2026-04-27 14:13:24 | INFO | babydoc.app | Incoming query: 'baby bottle accept nahi kar raha kya karein'
2026-04-27 14:13:24 | DEBUG | babydoc.app | Retrieval score: 0.684 | top results: 5
2026-04-27 14:13:24 | INFO | babydoc.app | Mode: data | Score: 0.684
2026-04-27 14:13:24 | ERROR | babydoc.app | Groq API error: Error code: 429 - {'error': {'message': 'Rate limit reached for model `llama-3.3-70b-versatile` in organization `org_01kk3rksfxeh5apr70he72t7p4` service tier `on_demand` on tokens per day (TPD): Limit 100000, Used 99698, Requested 1909. Please try again in 23m8.448s. Need more tokens? Upgrade to Dev Tier today at https://console.groq.com/settings/billing', 'type': 'tokens', 'code': 'rate_limit_exceeded'}}
2026-04-27 14:13:24 | ERROR | babydoc.app | Unhandled error in /chat: Error code: 429 - {'error': {'message': 'Rate limit reached for model `llama-3.3-70b-versatile` in organization `org_01kk3rksfxeh5apr70he72t7p4` service tier `on_demand` on tokens per day (TPD): Limit 100000, Used 99698, Requested 1909. Please try again in 23m8.448s. Need more tokens? Upgrade to Dev Tier today at https://console.groq.com/settings/billing', 'type': 'tokens', 'code': 'rate_limit_exceeded'}}
2026-04-27 14:13:27 | INFO | babydoc.app | Incoming query: 'when should I introduce cow milk'
2026-04-27 14:13:27 | DEBUG | babydoc.app | Retrieval score: 0.769 | top results: 5
2026-04-27 14:13:27 | INFO | babydoc.app | Mode: data | Score: 0.769
2026-04-27 14:13:27 | ERROR | babydoc.app | Groq API error: Error code: 429 - {'error': {'message': 'Rate limit reached for model `llama-3.3-70b-versatile` in organization `org_01kk3rksfxeh5apr70he72t7p4` service tier `on_demand` on tokens per day (TPD): Limit 100000, Used 99694, Requested 768. Please try again in 6m39.168s. Need more tokens? Upgrade to Dev Tier today at https://console.groq.com/settings/billing', 'type': 'tokens', 'code': 'rate_limit_exceeded'}}
2026-04-27 14:13:27 | ERROR | babydoc.app | Unhandled error in /chat: Error code: 429 - {'error': {'message': 'Rate limit reached for model `llama-3.3-70b-versatile` in organization `org_01kk3rksfxeh5apr70he72t7p4` service tier `on_demand` on tokens per day (TPD): Limit 100000, Used 99694, Requested 768. Please try again in 6m39.168s. Need more tokens? Upgrade to Dev Tier today at https://console.groq.com/settings/billing', 'type': 'tokens', 'code': 'rate_limit_exceeded'}}
2026-04-27 14:13:30 | INFO | babydoc.app | Incoming query: 'what supplements should breastfeeding mother take after c section'
2026-04-27 14:13:30 | DEBUG | babydoc.app | Retrieval score: 0.868 | top results: 5
2026-04-27 14:13:30 | INFO | babydoc.app | Mode: data | Score: 0.868
2026-04-27 14:13:30 | ERROR | babydoc.app | Groq API error: Error code: 429 - {'error': {'message': 'Rate limit reached for model `llama-3.3-70b-versatile` in organization `org_01kk3rksfxeh5apr70he72t7p4` service tier `on_demand` on tokens per day (TPD): Limit 100000, Used 99691, Requested 819. Please try again in 7m20.64s. Need more tokens? Upgrade to Dev Tier today at https://console.groq.com/settings/billing', 'type': 'tokens', 'code': 'rate_limit_exceeded'}}
2026-04-27 14:13:30 | ERROR | babydoc.app | Unhandled error in /chat: Error code: 429 - {'error': {'message': 'Rate limit reached for model `llama-3.3-70b-versatile` in organization `org_01kk3rksfxeh5apr70he72t7p4` service tier `on_demand` on tokens per day (TPD): Limit 100000, Used 99691, Requested 819. Please try again in 7m20.64s. Need more tokens? Upgrade to Dev Tier today at https://console.groq.com/settings/billing', 'type': 'tokens', 'code': 'rate_limit_exceeded'}}
2026-04-27 14:13:33 | INFO | babydoc.app | Incoming query: 'can I give dry fruits to 8 month old baby'
2026-04-27 14:13:33 | DEBUG | babydoc.app | Retrieval score: 0.844 | top results: 5
2026-04-27 14:13:33 | INFO | babydoc.app | Mode: data | Score: 0.844
2026-04-27 14:13:33 | ERROR | babydoc.app | Groq API error: Error code: 429 - {'error': {'message': 'Rate limit reached for model `llama-3.3-70b-versatile` in organization `org_01kk3rksfxeh5apr70he72t7p4` service tier `on_demand` on tokens per day (TPD): Limit 100000, Used 99688, Requested 1798. Please try again in 21m23.904s. Need more tokens? Upgrade to Dev Tier today at https://console.groq.com/settings/billing', 'type': 'tokens', 'code': 'rate_limit_exceeded'}}
2026-04-27 14:13:33 | ERROR | babydoc.app | Unhandled error in /chat: Error code: 429 - {'error': {'message': 'Rate limit reached for model `llama-3.3-70b-versatile` in organization `org_01kk3rksfxeh5apr70he72t7p4` service tier `on_demand` on tokens per day (TPD): Limit 100000, Used 99688, Requested 1798. Please try again in 21m23.904s. Need more tokens? Upgrade to Dev Tier today at https://console.groq.com/settings/billing', 'type': 'tokens', 'code': 'rate_limit_exceeded'}}
2026-04-27 14:13:35 | INFO | babydoc.app | Incoming query: 'breastfeeding se weight loss hoti hai kya'
2026-04-27 14:13:35 | DEBUG | babydoc.app | Retrieval score: 0.707 | top results: 5
2026-04-27 14:13:35 | INFO | babydoc.app | Mode: data | Score: 0.707
2026-04-27 14:13:35 | ERROR | babydoc.app | Groq API error: Error code: 429 - {'error': {'message': 'Rate limit reached for model `llama-3.3-70b-versatile` in organization `org_01kk3rksfxeh5apr70he72t7p4` service tier `on_demand` on tokens per day (TPD): Limit 100000, Used 99684, Requested 799. Please try again in 6m57.312s. Need more tokens? Upgrade to Dev Tier today at https://console.groq.com/settings/billing', 'type': 'tokens', 'code': 'rate_limit_exceeded'}}
2026-04-27 14:13:35 | ERROR | babydoc.app | Unhandled error in /chat: Error code: 429 - {'error': {'message': 'Rate limit reached for model `llama-3.3-70b-versatile` in organization `org_01kk3rksfxeh5apr70he72t7p4` service tier `on_demand` on tokens per day (TPD): Limit 100000, Used 99684, Requested 799. Please try again in 6m57.312s. Need more tokens? Upgrade to Dev Tier today at https://console.groq.com/settings/billing', 'type': 'tokens', 'code': 'rate_limit_exceeded'}}
2026-04-27 14:14:38 | INFO | babydoc.app | Momify API shutting down.
2026-04-27 14:14:52 | INFO | babydoc.app | Momify API starting up...
2026-04-27 14:14:57 | INFO | babydoc.app | Loaded 493 Q&A pairs from data\ALLQA_cleaned.json
2026-04-27 14:58:03 | INFO | babydoc.app | Incoming query: 'how long breast milk can be stored'
2026-04-27 14:58:03 | DEBUG | babydoc.app | Retrieval score: 0.919 | top results: 5
2026-04-27 14:58:03 | INFO | babydoc.app | Mode: data | Score: 0.919
2026-04-27 14:58:04 | INFO | babydoc.app | Response time: 902ms
2026-04-27 14:58:07 | INFO | babydoc.app | Incoming query: 'my milk supply is low how to increase'
2026-04-27 14:58:07 | DEBUG | babydoc.app | Retrieval score: 0.968 | top results: 5
2026-04-27 14:58:07 | INFO | babydoc.app | Mode: data | Score: 0.968
2026-04-27 14:58:07 | ERROR | babydoc.app | Groq API error: Error code: 429 - {'error': {'message': 'Rate limit reached for model `llama-3.3-70b-versatile` in organization `org_01kk3rksfxeh5apr70he72t7p4` service tier `on_demand` on tokens per day (TPD): Limit 100000, Used 98389, Requested 1754. Please try again in 2m3.552s. Need more tokens? Upgrade to Dev Tier today at https://console.groq.com/settings/billing', 'type': 'tokens', 'code': 'rate_limit_exceeded'}}
2026-04-27 14:58:07 | ERROR | babydoc.app | Unhandled error in /chat: Error code: 429 - {'error': {'message': 'Rate limit reached for model `llama-3.3-70b-versatile` in organization `org_01kk3rksfxeh5apr70he72t7p4` service tier `on_demand` on tokens per day (TPD): Limit 100000, Used 98389, Requested 1754. Please try again in 2m3.552s. Need more tokens? Upgrade to Dev Tier today at https://console.groq.com/settings/billing', 'type': 'tokens', 'code': 'rate_limit_exceeded'}}
2026-04-27 14:58:09 | INFO | babydoc.app | Incoming query: 'my baby is not latching what can I do'
2026-04-27 14:58:09 | DEBUG | babydoc.app | Retrieval score: 0.778 | top results: 5
2026-04-27 14:58:09 | INFO | babydoc.app | Mode: data | Score: 0.778
2026-04-27 14:58:10 | INFO | babydoc.app | Response time: 592ms
2026-04-27 14:58:13 | INFO | babydoc.app | Incoming query: 'I have breastfeeding problem my nipples got cracked and it hurts'
2026-04-27 14:58:13 | DEBUG | babydoc.app | Retrieval score: 0.930 | top results: 5
2026-04-27 14:58:13 | INFO | babydoc.app | Mode: data | Score: 0.930
2026-04-27 14:58:13 | ERROR | babydoc.app | Groq API error: Error code: 429 - {'error': {'message': 'Rate limit reached for model `llama-3.3-70b-versatile` in organization `org_01kk3rksfxeh5apr70he72t7p4` service tier `on_demand` on tokens per day (TPD): Limit 100000, Used 99309, Requested 788. Please try again in 1m23.808s. Need more tokens? Upgrade to Dev Tier today at https://console.groq.com/settings/billing', 'type': 'tokens', 'code': 'rate_limit_exceeded'}}
2026-04-27 14:58:13 | ERROR | babydoc.app | Unhandled error in /chat: Error code: 429 - {'error': {'message': 'Rate limit reached for model `llama-3.3-70b-versatile` in organization `org_01kk3rksfxeh5apr70he72t7p4` service tier `on_demand` on tokens per day (TPD): Limit 100000, Used 99309, Requested 788. Please try again in 1m23.808s. Need more tokens? Upgrade to Dev Tier today at https://console.groq.com/settings/billing', 'type': 'tokens', 'code': 'rate_limit_exceeded'}}
2026-04-27 14:58:16 | INFO | babydoc.app | Incoming query: 'how to clear blocked milk ducts'
2026-04-27 14:58:16 | DEBUG | babydoc.app | Retrieval score: 0.865 | top results: 5
2026-04-27 14:58:16 | INFO | babydoc.app | Mode: data | Score: 0.865
2026-04-27 14:58:16 | ERROR | babydoc.app | Groq API error: Error code: 429 - {'error': {'message': 'Rate limit reached for model `llama-3.3-70b-versatile` in organization `org_01kk3rksfxeh5apr70he72t7p4` service tier `on_demand` on tokens per day (TPD): Limit 100000, Used 99306, Requested 1713. Please try again in 14m40.416s. Need more tokens? Upgrade to Dev Tier today at https://console.groq.com/settings/billing', 'type': 'tokens', 'code': 'rate_limit_exceeded'}}
2026-04-27 14:58:16 | ERROR | babydoc.app | Unhandled error in /chat: Error code: 429 - {'error': {'message': 'Rate limit reached for model `llama-3.3-70b-versatile` in organization `org_01kk3rksfxeh5apr70he72t7p4` service tier `on_demand` on tokens per day (TPD): Limit 100000, Used 99306, Requested 1713. Please try again in 14m40.416s. Need more tokens? Upgrade to Dev Tier today at https://console.groq.com/settings/billing', 'type': 'tokens', 'code': 'rate_limit_exceeded'}}
2026-04-27 14:58:18 | INFO | babydoc.app | Incoming query: 'baby has fever what to give'
2026-04-27 14:58:18 | DEBUG | babydoc.app | Retrieval score: 0.838 | top results: 5
2026-04-27 14:58:18 | INFO | babydoc.app | Mode: data | Score: 0.838
2026-04-27 14:58:18 | ERROR | babydoc.app | Groq API error: Error code: 429 - {'error': {'message': 'Rate limit reached for model `llama-3.3-70b-versatile` in organization `org_01kk3rksfxeh5apr70he72t7p4` service tier `on_demand` on tokens per day (TPD): Limit 100000, Used 99303, Requested 1766. Please try again in 15m23.616s. Need more tokens? Upgrade to Dev Tier today at https://console.groq.com/settings/billing', 'type': 'tokens', 'code': 'rate_limit_exceeded'}}
2026-04-27 14:58:18 | ERROR | babydoc.app | Unhandled error in /chat: Error code: 429 - {'error': {'message': 'Rate limit reached for model `llama-3.3-70b-versatile` in organization `org_01kk3rksfxeh5apr70he72t7p4` service tier `on_demand` on tokens per day (TPD): Limit 100000, Used 99303, Requested 1766. Please try again in 15m23.616s. Need more tokens? Upgrade to Dev Tier today at https://console.groq.com/settings/billing', 'type': 'tokens', 'code': 'rate_limit_exceeded'}}
2026-04-27 14:58:21 | INFO | babydoc.app | Incoming query: 'my baby is constipated what to do'
2026-04-27 14:58:21 | DEBUG | babydoc.app | Retrieval score: 0.888 | top results: 5
2026-04-27 14:58:21 | INFO | babydoc.app | Mode: data | Score: 0.888
2026-04-27 14:58:21 | ERROR | babydoc.app | Groq API error: Error code: 429 - {'error': {'message': 'Rate limit reached for model `llama-3.3-70b-versatile` in organization `org_01kk3rksfxeh5apr70he72t7p4` service tier `on_demand` on tokens per day (TPD): Limit 100000, Used 99300, Requested 1784. Please try again in 15m36.576s. Need more tokens? Upgrade to Dev Tier today at https://console.groq.com/settings/billing', 'type': 'tokens', 'code': 'rate_limit_exceeded'}}
2026-04-27 14:58:21 | ERROR | babydoc.app | Unhandled error in /chat: Error code: 429 - {'error': {'message': 'Rate limit reached for model `llama-3.3-70b-versatile` in organization `org_01kk3rksfxeh5apr70he72t7p4` service tier `on_demand` on tokens per day (TPD): Limit 100000, Used 99300, Requested 1784. Please try again in 15m36.576s. Need more tokens? Upgrade to Dev Tier today at https://console.groq.com/settings/billing', 'type': 'tokens', 'code': 'rate_limit_exceeded'}}
2026-04-27 14:58:24 | INFO | babydoc.app | Incoming query: 'my baby has loose motions what to do'
2026-04-27 14:58:24 | DEBUG | babydoc.app | Retrieval score: 0.775 | top results: 5
2026-04-27 14:58:24 | INFO | babydoc.app | Mode: data | Score: 0.775
2026-04-27 14:58:24 | ERROR | babydoc.app | Groq API error: Error code: 429 - {'error': {'message': 'Rate limit reached for model `llama-3.3-70b-versatile` in organization `org_01kk3rksfxeh5apr70he72t7p4` service tier `on_demand` on tokens per day (TPD): Limit 100000, Used 99296, Requested 793. Please try again in 1m16.896s. Need more tokens? Upgrade to Dev Tier today at https://console.groq.com/settings/billing', 'type': 'tokens', 'code': 'rate_limit_exceeded'}}
2026-04-27 14:58:24 | ERROR | babydoc.app | Unhandled error in /chat: Error code: 429 - {'error': {'message': 'Rate limit reached for model `llama-3.3-70b-versatile` in organization `org_01kk3rksfxeh5apr70he72t7p4` service tier `on_demand` on tokens per day (TPD): Limit 100000, Used 99296, Requested 793. Please try again in 1m16.896s. Need more tokens? Upgrade to Dev Tier today at https://console.groq.com/settings/billing', 'type': 'tokens', 'code': 'rate_limit_exceeded'}}
2026-04-27 14:58:27 | INFO | babydoc.app | Incoming query: 'when can I start solids for my baby'
2026-04-27 14:58:27 | DEBUG | babydoc.app | Retrieval score: 0.620 | top results: 5
2026-04-27 14:58:27 | INFO | babydoc.app | Mode: data | Score: 0.620
2026-04-27 14:58:27 | ERROR | babydoc.app | Groq API error: Error code: 429 - {'error': {'message': 'Rate limit reached for model `llama-3.3-70b-versatile` in organization `org_01kk3rksfxeh5apr70he72t7p4` service tier `on_demand` on tokens per day (TPD): Limit 100000, Used 99293, Requested 785. Please try again in 1m7.391999999s. Need more tokens? Upgrade to Dev Tier today at https://console.groq.com/settings/billing', 'type': 'tokens', 'code': 'rate_limit_exceeded'}}
2026-04-27 14:58:27 | ERROR | babydoc.app | Unhandled error in /chat: Error code: 429 - {'error': {'message': 'Rate limit reached for model `llama-3.3-70b-versatile` in organization `org_01kk3rksfxeh5apr70he72t7p4` service tier `on_demand` on tokens per day (TPD): Limit 100000, Used 99293, Requested 785. Please try again in 1m7.391999999s. Need more tokens? Upgrade to Dev Tier today at https://console.groq.com/settings/billing', 'type': 'tokens', 'code': 'rate_limit_exceeded'}}
2026-04-27 14:58:29 | INFO | babydoc.app | Incoming query: 'how many eggs should a breastfeeding mother eat'
2026-04-27 14:58:29 | DEBUG | babydoc.app | Retrieval score: 0.775 | top results: 5
2026-04-27 14:58:29 | INFO | babydoc.app | Mode: data | Score: 0.775
2026-04-27 14:58:30 | ERROR | babydoc.app | Groq API error: Error code: 429 - {'error': {'message': 'Rate limit reached for model `llama-3.3-70b-versatile` in organization `org_01kk3rksfxeh5apr70he72t7p4` service tier `on_demand` on tokens per day (TPD): Limit 100000, Used 99290, Requested 830. Please try again in 1m43.68s. Need more tokens? Upgrade to Dev Tier today at https://console.groq.com/settings/billing', 'type': 'tokens', 'code': 'rate_limit_exceeded'}}
2026-04-27 14:58:30 | ERROR | babydoc.app | Unhandled error in /chat: Error code: 429 - {'error': {'message': 'Rate limit reached for model `llama-3.3-70b-versatile` in organization `org_01kk3rksfxeh5apr70he72t7p4` service tier `on_demand` on tokens per day (TPD): Limit 100000, Used 99290, Requested 830. Please try again in 1m43.68s. Need more tokens? Upgrade to Dev Tier today at https://console.groq.com/settings/billing', 'type': 'tokens', 'code': 'rate_limit_exceeded'}}
2026-04-27 14:58:31 | INFO | babydoc.app | Incoming query: 'hi'
2026-04-27 14:58:31 | DEBUG | babydoc.app | Retrieval score: 0.519 | top results: 5
2026-04-27 14:58:31 | INFO | babydoc.app | Mode: weak | Score: 0.519
2026-04-27 14:58:31 | ERROR | babydoc.app | Groq API error: Error code: 429 - {'error': {'message': 'Rate limit reached for model `llama-3.3-70b-versatile` in organization `org_01kk3rksfxeh5apr70he72t7p4` service tier `on_demand` on tokens per day (TPD): Limit 100000, Used 99289, Requested 1760. Please try again in 15m6.335999999s. Need more tokens? Upgrade to Dev Tier today at https://console.groq.com/settings/billing', 'type': 'tokens', 'code': 'rate_limit_exceeded'}}
2026-04-27 14:58:31 | ERROR | babydoc.app | Unhandled error in /chat: Error code: 429 - {'error': {'message': 'Rate limit reached for model `llama-3.3-70b-versatile` in organization `org_01kk3rksfxeh5apr70he72t7p4` service tier `on_demand` on tokens per day (TPD): Limit 100000, Used 99289, Requested 1760. Please try again in 15m6.335999999s. Need more tokens? Upgrade to Dev Tier today at https://console.groq.com/settings/billing', 'type': 'tokens', 'code': 'rate_limit_exceeded'}}
2026-04-27 14:58:32 | INFO | babydoc.app | Incoming query: 'diaper rash treatment'
2026-04-27 14:58:32 | DEBUG | babydoc.app | Retrieval score: 0.855 | top results: 5
2026-04-27 14:58:32 | INFO | babydoc.app | Mode: data | Score: 0.855
2026-04-27 14:58:32 | ERROR | babydoc.app | Groq API error: Error code: 429 - {'error': {'message': 'Rate limit reached for model `llama-3.3-70b-versatile` in organization `org_01kk3rksfxeh5apr70he72t7p4` service tier `on_demand` on tokens per day (TPD): Limit 100000, Used 99287, Requested 1790. Please try again in 15m30.528s. Need more tokens? Upgrade to Dev Tier today at https://console.groq.com/settings/billing', 'type': 'tokens', 'code': 'rate_limit_exceeded'}}
2026-04-27 14:58:32 | ERROR | babydoc.app | Unhandled error in /chat: Error code: 429 - {'error': {'message': 'Rate limit reached for model `llama-3.3-70b-versatile` in organization `org_01kk3rksfxeh5apr70he72t7p4` service tier `on_demand` on tokens per day (TPD): Limit 100000, Used 99287, Requested 1790. Please try again in 15m30.528s. Need more tokens? Upgrade to Dev Tier today at https://console.groq.com/settings/billing', 'type': 'tokens', 'code': 'rate_limit_exceeded'}}
2026-04-27 14:58:35 | INFO | babydoc.app | Incoming query: 'when does teething start in babies'
2026-04-27 14:58:35 | DEBUG | babydoc.app | Retrieval score: 0.970 | top results: 5
2026-04-27 14:58:35 | INFO | babydoc.app | Mode: data | Score: 0.970
2026-04-27 14:58:35 | ERROR | babydoc.app | Groq API error: Error code: 429 - {'error': {'message': 'Rate limit reached for model `llama-3.3-70b-versatile` in organization `org_01kk3rksfxeh5apr70he72t7p4` service tier `on_demand` on tokens per day (TPD): Limit 100000, Used 99284, Requested 1755. Please try again in 14m57.696s. Need more tokens? Upgrade to Dev Tier today at https://console.groq.com/settings/billing', 'type': 'tokens', 'code': 'rate_limit_exceeded'}}
2026-04-27 14:58:35 | ERROR | babydoc.app | Unhandled error in /chat: Error code: 429 - {'error': {'message': 'Rate limit reached for model `llama-3.3-70b-versatile` in organization `org_01kk3rksfxeh5apr70he72t7p4` service tier `on_demand` on tokens per day (TPD): Limit 100000, Used 99284, Requested 1755. Please try again in 14m57.696s. Need more tokens? Upgrade to Dev Tier today at https://console.groq.com/settings/billing', 'type': 'tokens', 'code': 'rate_limit_exceeded'}}
2026-04-27 14:58:38 | INFO | babydoc.app | Incoming query: 'postpartum depression mein kya karna chahiye'
2026-04-27 14:58:38 | DEBUG | babydoc.app | Retrieval score: 0.637 | top results: 5
2026-04-27 14:58:38 | INFO | babydoc.app | Mode: data | Score: 0.637
2026-04-27 14:58:38 | ERROR | babydoc.app | Groq API error: Error code: 429 - {'error': {'message': 'Rate limit reached for model `llama-3.3-70b-versatile` in organization `org_01kk3rksfxeh5apr70he72t7p4` service tier `on_demand` on tokens per day (TPD): Limit 100000, Used 99280, Requested 1804. Please try again in 15m36.576s. Need more tokens? Upgrade to Dev Tier today at https://console.groq.com/settings/billing', 'type': 'tokens', 'code': 'rate_limit_exceeded'}}
2026-04-27 14:58:38 | ERROR | babydoc.app | Unhandled error in /chat: Error code: 429 - {'error': {'message': 'Rate limit reached for model `llama-3.3-70b-versatile` in organization `org_01kk3rksfxeh5apr70he72t7p4` service tier `on_demand` on tokens per day (TPD): Limit 100000, Used 99280, Requested 1804. Please try again in 15m36.576s. Need more tokens? Upgrade to Dev Tier today at https://console.groq.com/settings/billing', 'type': 'tokens', 'code': 'rate_limit_exceeded'}}
2026-04-27 14:58:41 | INFO | babydoc.app | Incoming query: 'baby bottle accept nahi kar raha kya karein'
2026-04-27 14:58:41 | DEBUG | babydoc.app | Retrieval score: 0.684 | top results: 5
2026-04-27 14:58:41 | INFO | babydoc.app | Mode: data | Score: 0.684
2026-04-27 14:58:41 | ERROR | babydoc.app | Groq API error: Error code: 429 - {'error': {'message': 'Rate limit reached for model `llama-3.3-70b-versatile` in organization `org_01kk3rksfxeh5apr70he72t7p4` service tier `on_demand` on tokens per day (TPD): Limit 100000, Used 99277, Requested 1909. Please try again in 17m4.704s. Need more tokens? Upgrade to Dev Tier today at https://console.groq.com/settings/billing', 'type': 'tokens', 'code': 'rate_limit_exceeded'}}
2026-04-27 14:58:41 | ERROR | babydoc.app | Unhandled error in /chat: Error code: 429 - {'error': {'message': 'Rate limit reached for model `llama-3.3-70b-versatile` in organization `org_01kk3rksfxeh5apr70he72t7p4` service tier `on_demand` on tokens per day (TPD): Limit 100000, Used 99277, Requested 1909. Please try again in 17m4.704s. Need more tokens? Upgrade to Dev Tier today at https://console.groq.com/settings/billing', 'type': 'tokens', 'code': 'rate_limit_exceeded'}}
2026-04-27 14:58:43 | INFO | babydoc.app | Incoming query: 'when should I introduce cow milk'
2026-04-27 14:58:43 | DEBUG | babydoc.app | Retrieval score: 0.769 | top results: 5
2026-04-27 14:58:43 | INFO | babydoc.app | Mode: data | Score: 0.769
2026-04-27 14:59:28 | ERROR | babydoc.app | Groq API error: Error code: 429 - {'error': {'message': 'Rate limit reached for model `llama-3.3-70b-versatile` in organization `org_01kk3rksfxeh5apr70he72t7p4` service tier `on_demand` on tokens per day (TPD): Limit 100000, Used 99223, Requested 1738. Please try again in 13m50.304s. Need more tokens? Upgrade to Dev Tier today at https://console.groq.com/settings/billing', 'type': 'tokens', 'code': 'rate_limit_exceeded'}}
2026-04-27 14:59:28 | ERROR | babydoc.app | Unhandled error in /chat: Error code: 429 - {'error': {'message': 'Rate limit reached for model `llama-3.3-70b-versatile` in organization `org_01kk3rksfxeh5apr70he72t7p4` service tier `on_demand` on tokens per day (TPD): Limit 100000, Used 99223, Requested 1738. Please try again in 13m50.304s. Need more tokens? Upgrade to Dev Tier today at https://console.groq.com/settings/billing', 'type': 'tokens', 'code': 'rate_limit_exceeded'}}
2026-04-27 14:59:28 | INFO | babydoc.app | Momify API shutting down.
2026-04-27 15:00:01 | INFO | babydoc.app | Momify API starting up...
2026-04-27 15:00:04 | INFO | babydoc.app | Loaded 493 Q&A pairs from data\ALLQA_cleaned.json
2026-04-27 15:00:04 | INFO | babydoc.app | Incoming query: 'what supplements should breastfeeding mother take after c section'
2026-04-27 15:00:04 | INFO | babydoc.app | Incoming query: 'hii'
2026-04-27 15:00:04 | DEBUG | babydoc.app | Retrieval score: 0.514 | top results: 5
2026-04-27 15:00:04 | INFO | babydoc.app | Mode: weak | Score: 0.514
2026-04-27 15:00:04 | DEBUG | babydoc.app | Retrieval score: 0.868 | top results: 5
2026-04-27 15:00:04 | INFO | babydoc.app | Mode: data | Score: 0.868
2026-04-27 15:00:04 | ERROR | babydoc.app | Groq API error: Error code: 429 - {'error': {'message': 'Rate limit reached for model `llama-3.3-70b-versatile` in organization `org_01kk3rksfxeh5apr70he72t7p4` service tier `on_demand` on tokens per day (TPD): Limit 100000, Used 99956, Requested 1789. Please try again in 25m7.68s. Need more tokens? Upgrade to Dev Tier today at https://console.groq.com/settings/billing', 'type': 'tokens', 'code': 'rate_limit_exceeded'}}
2026-04-27 15:00:04 | ERROR | babydoc.app | Unhandled error in /chat: Error code: 429 - {'error': {'message': 'Rate limit reached for model `llama-3.3-70b-versatile` in organization `org_01kk3rksfxeh5apr70he72t7p4` service tier `on_demand` on tokens per day (TPD): Limit 100000, Used 99956, Requested 1789. Please try again in 25m7.68s. Need more tokens? Upgrade to Dev Tier today at https://console.groq.com/settings/billing', 'type': 'tokens', 'code': 'rate_limit_exceeded'}}
2026-04-27 15:00:05 | INFO | babydoc.app | Response time: 654ms
2026-04-27 15:00:53 | INFO | babydoc.app | Incoming query: 'hi'
2026-04-27 15:00:53 | DEBUG | babydoc.app | Retrieval score: 0.519 | top results: 5
2026-04-27 15:00:53 | INFO | babydoc.app | Mode: weak | Score: 0.519
2026-04-27 15:00:53 | ERROR | babydoc.app | Groq API error: Error code: 429 - {'error': {'message': 'Rate limit reached for model `llama-3.3-70b-versatile` in organization `org_01kk3rksfxeh5apr70he72t7p4` service tier `on_demand` on tokens per day (TPD): Limit 100000, Used 99885, Requested 1760. Please try again in 23m41.28s. Need more tokens? Upgrade to Dev Tier today at https://console.groq.com/settings/billing', 'type': 'tokens', 'code': 'rate_limit_exceeded'}}
2026-04-27 15:00:53 | ERROR | babydoc.app | Unhandled error in /chat: Error code: 429 - {'error': {'message': 'Rate limit reached for model `llama-3.3-70b-versatile` in organization `org_01kk3rksfxeh5apr70he72t7p4` service tier `on_demand` on tokens per day (TPD): Limit 100000, Used 99885, Requested 1760. Please try again in 23m41.28s. Need more tokens? Upgrade to Dev Tier today at https://console.groq.com/settings/billing', 'type': 'tokens', 'code': 'rate_limit_exceeded'}}
2026-04-27 15:01:59 | INFO | babydoc.app | Momify API shutting down.
2026-04-27 15:02:12 | INFO | babydoc.app | Momify API starting up...
2026-04-27 15:02:15 | INFO | babydoc.app | Loaded 493 Q&A pairs from data\ALLQA_cleaned.json
2026-04-27 15:03:29 | INFO | babydoc.app | Incoming query: 'hi'
2026-04-27 15:03:29 | DEBUG | babydoc.app | Retrieval score: 0.519 | top results: 5
2026-04-27 15:03:29 | INFO | babydoc.app | Mode: weak | Score: 0.519
2026-04-27 15:03:29 | ERROR | babydoc.app | Groq API error: Error code: 429 - {'error': {'message': 'Rate limit reached for model `llama-3.3-70b-versatile` in organization `org_01kk3rksfxeh5apr70he72t7p4` service tier `on_demand` on tokens per day (TPD): Limit 100000, Used 99704, Requested 798. Please try again in 7m13.728s. Need more tokens? Upgrade to Dev Tier today at https://console.groq.com/settings/billing', 'type': 'tokens', 'code': 'rate_limit_exceeded'}}
2026-04-27 15:03:29 | ERROR | babydoc.app | Unhandled error in /chat: Error code: 429 - {'error': {'message': 'Rate limit reached for model `llama-3.3-70b-versatile` in organization `org_01kk3rksfxeh5apr70he72t7p4` service tier `on_demand` on tokens per day (TPD): Limit 100000, Used 99704, Requested 798. Please try again in 7m13.728s. Need more tokens? Upgrade to Dev Tier today at https://console.groq.com/settings/billing', 'type': 'tokens', 'code': 'rate_limit_exceeded'}}
2026-04-27 15:04:13 | INFO | babydoc.app | Momify API shutting down.
2026-04-27 15:04:25 | INFO | babydoc.app | Momify API starting up...
2026-04-27 15:04:29 | INFO | babydoc.app | Loaded 493 Q&A pairs from data\ALLQA_cleaned.json
2026-04-27 15:04:38 | INFO | babydoc.app | Incoming query: 'hi'
2026-04-27 15:04:38 | DEBUG | babydoc.app | Retrieval score: 0.519 | top results: 5
2026-04-27 15:04:38 | INFO | babydoc.app | Mode: weak | Score: 0.519
2026-04-27 15:04:39 | INFO | babydoc.app | Response time: 505ms
2026-04-27 15:04:47 | INFO | babydoc.app | Momify API shutting down.
2026-04-27 15:05:01 | INFO | babydoc.app | Momify API starting up...
2026-04-27 15:05:05 | INFO | babydoc.app | Loaded 493 Q&A pairs from data\ALLQA_cleaned.json
2026-04-27 15:05:05 | INFO | babydoc.app | Momify API shutting down.
2026-04-27 15:05:18 | INFO | babydoc.app | Momify API starting up...
2026-04-27 15:05:21 | INFO | babydoc.app | Loaded 493 Q&A pairs from data\ALLQA_cleaned.json
2026-04-27 15:05:21 | INFO | babydoc.app | Incoming query: 'how long breast milk can be stored'
2026-04-27 15:05:21 | DEBUG | babydoc.app | Retrieval score: 0.919 | top results: 5
2026-04-27 15:05:21 | INFO | babydoc.app | Mode: data | Score: 0.919
2026-04-27 15:05:21 | INFO | babydoc.app | Response time: 511ms
2026-04-27 15:05:24 | INFO | babydoc.app | Incoming query: 'my milk supply is low how to increase'
2026-04-27 15:05:24 | DEBUG | babydoc.app | Retrieval score: 0.968 | top results: 5
2026-04-27 15:05:24 | INFO | babydoc.app | Mode: data | Score: 0.968
2026-04-27 15:05:25 | INFO | babydoc.app | Response time: 478ms
2026-04-27 15:05:28 | INFO | babydoc.app | Incoming query: 'my baby is not latching what can I do'
2026-04-27 15:05:28 | DEBUG | babydoc.app | Retrieval score: 0.778 | top results: 5
2026-04-27 15:05:28 | INFO | babydoc.app | Mode: data | Score: 0.778
2026-04-27 15:05:28 | INFO | babydoc.app | Response time: 585ms
2026-04-27 15:05:31 | INFO | babydoc.app | Incoming query: 'I have breastfeeding problem my nipples got cracked and it hurts'
2026-04-27 15:05:31 | DEBUG | babydoc.app | Retrieval score: 0.930 | top results: 5
2026-04-27 15:05:31 | INFO | babydoc.app | Mode: data | Score: 0.930
2026-04-27 15:05:32 | INFO | babydoc.app | Response time: 404ms
2026-04-27 15:05:34 | INFO | babydoc.app | Incoming query: 'how to clear blocked milk ducts'
2026-04-27 15:05:35 | DEBUG | babydoc.app | Retrieval score: 0.865 | top results: 5
2026-04-27 15:05:35 | INFO | babydoc.app | Mode: data | Score: 0.865
2026-04-27 15:05:35 | INFO | babydoc.app | Response time: 310ms
2026-04-27 15:05:38 | INFO | babydoc.app | Incoming query: 'baby has fever what to give'
2026-04-27 15:05:38 | DEBUG | babydoc.app | Retrieval score: 0.838 | top results: 5
2026-04-27 15:05:38 | INFO | babydoc.app | Mode: data | Score: 0.838
2026-04-27 15:05:38 | INFO | babydoc.app | Response time: 344ms
2026-04-27 15:05:42 | INFO | babydoc.app | Incoming query: 'my baby is constipated what to do'
2026-04-27 15:05:42 | DEBUG | babydoc.app | Retrieval score: 0.888 | top results: 5
2026-04-27 15:05:42 | INFO | babydoc.app | Mode: data | Score: 0.888
2026-04-27 15:05:42 | INFO | babydoc.app | Response time: 634ms
2026-04-27 15:05:46 | INFO | babydoc.app | Incoming query: 'my baby has loose motions what to do'
2026-04-27 15:05:46 | DEBUG | babydoc.app | Retrieval score: 0.775 | top results: 5
2026-04-27 15:05:46 | INFO | babydoc.app | Mode: data | Score: 0.775
2026-04-27 15:05:47 | INFO | babydoc.app | Incoming query: "my baby's age is 2 year"
2026-04-27 15:05:47 | DEBUG | babydoc.app | Retrieval score: 0.685 | top results: 5
2026-04-27 15:05:47 | INFO | babydoc.app | Mode: data | Score: 0.685
2026-04-27 15:05:47 | INFO | babydoc.app | Response time: 448ms
2026-04-27 15:05:47 | INFO | babydoc.app | Response time: 419ms
2026-04-27 15:05:50 | INFO | babydoc.app | Incoming query: 'when can I start solids for my baby'
2026-04-27 15:05:50 | DEBUG | babydoc.app | Retrieval score: 0.620 | top results: 5
2026-04-27 15:05:50 | INFO | babydoc.app | Mode: data | Score: 0.620
2026-04-27 15:05:50 | INFO | babydoc.app | Response time: 457ms
2026-04-27 15:05:53 | INFO | babydoc.app | Incoming query: 'how many eggs should a breastfeeding mother eat'
2026-04-27 15:05:53 | DEBUG | babydoc.app | Retrieval score: 0.775 | top results: 5
2026-04-27 15:05:53 | INFO | babydoc.app | Mode: data | Score: 0.775
2026-04-27 15:05:53 | INFO | babydoc.app | Response time: 226ms
2026-04-27 15:05:56 | INFO | babydoc.app | Incoming query: 'diaper rash treatment'
2026-04-27 15:05:56 | DEBUG | babydoc.app | Retrieval score: 0.855 | top results: 5
2026-04-27 15:05:56 | INFO | babydoc.app | Mode: data | Score: 0.855
2026-04-27 15:05:57 | INFO | babydoc.app | Response time: 317ms
2026-04-27 15:05:58 | INFO | babydoc.app | Incoming query: 'he is having fever '
2026-04-27 15:05:58 | DEBUG | babydoc.app | Retrieval score: 0.777 | top results: 5
2026-04-27 15:05:58 | INFO | babydoc.app | Mode: data | Score: 0.777
2026-04-27 15:05:58 | INFO | babydoc.app | Response time: 635ms
2026-04-27 15:06:00 | INFO | babydoc.app | Incoming query: 'when does teething start in babies'
2026-04-27 15:06:00 | DEBUG | babydoc.app | Retrieval score: 0.970 | top results: 5
2026-04-27 15:06:00 | INFO | babydoc.app | Mode: data | Score: 0.970
2026-04-27 15:06:00 | INFO | babydoc.app | Response time: 203ms
2026-04-27 15:06:03 | INFO | babydoc.app | Incoming query: 'postpartum depression mein kya karna chahiye'
2026-04-27 15:06:03 | DEBUG | babydoc.app | Retrieval score: 0.637 | top results: 5
2026-04-27 15:06:03 | INFO | babydoc.app | Mode: data | Score: 0.637
2026-04-27 15:06:03 | INFO | babydoc.app | Response time: 306ms
2026-04-27 15:06:06 | INFO | babydoc.app | Incoming query: '102F'
2026-04-27 15:06:06 | DEBUG | babydoc.app | Retrieval score: 0.536 | top results: 5
2026-04-27 15:06:06 | INFO | babydoc.app | Mode: weak | Score: 0.536
2026-04-27 15:06:06 | INFO | babydoc.app | Incoming query: 'baby bottle accept nahi kar raha kya karein'
2026-04-27 15:06:06 | DEBUG | babydoc.app | Retrieval score: 0.684 | top results: 5
2026-04-27 15:06:06 | INFO | babydoc.app | Mode: data | Score: 0.684
2026-04-27 15:06:06 | INFO | babydoc.app | Response time: 400ms
2026-04-27 15:06:07 | INFO | babydoc.app | Response time: 822ms
2026-04-27 15:06:10 | INFO | babydoc.app | Incoming query: 'when should I introduce cow milk'
2026-04-27 15:06:10 | DEBUG | babydoc.app | Retrieval score: 0.769 | top results: 5
2026-04-27 15:06:10 | INFO | babydoc.app | Mode: data | Score: 0.769
2026-04-27 15:06:10 | INFO | babydoc.app | Response time: 378ms
2026-04-27 15:06:15 | INFO | babydoc.app | Incoming query: 'what supplements should breastfeeding mother take after c section'
2026-04-27 15:06:15 | DEBUG | babydoc.app | Retrieval score: 0.868 | top results: 5
2026-04-27 15:06:15 | INFO | babydoc.app | Mode: data | Score: 0.868
2026-04-27 15:06:16 | INFO | babydoc.app | Response time: 1598ms
2026-04-27 15:06:21 | INFO | babydoc.app | Incoming query: 'can I give dry fruits to 8 month old baby'
2026-04-27 15:06:21 | DEBUG | babydoc.app | Retrieval score: 0.844 | top results: 5
2026-04-27 15:06:21 | INFO | babydoc.app | Mode: data | Score: 0.844
2026-04-27 15:06:22 | INFO | babydoc.app | Response time: 291ms
2026-04-27 15:06:22 | INFO | babydoc.app | Incoming query: 'what medicine should i give?'
2026-04-27 15:06:22 | DEBUG | babydoc.app | Retrieval score: 0.620 | top results: 5
2026-04-27 15:06:22 | INFO | babydoc.app | Mode: data | Score: 0.620
2026-04-27 15:06:27 | INFO | babydoc.app | Incoming query: 'breastfeeding se weight loss hoti hai kya'
2026-04-27 15:06:27 | DEBUG | babydoc.app | Retrieval score: 0.707 | top results: 5
2026-04-27 15:06:27 | INFO | babydoc.app | Mode: data | Score: 0.707
2026-04-27 15:06:29 | ERROR | babydoc.app | Groq API error: Error code: 429 - {'error': {'message': 'Rate limit reached for model `llama-3.3-70b-versatile` in organization `org_01kpwhxcvrezbv6yqrgtat5fds` service tier `on_demand` on tokens per minute (TPM): Limit 12000, Used 11826, Requested 868. Please try again in 3.47s. Need more tokens? Upgrade to Dev Tier today at https://console.groq.com/settings/billing', 'type': 'tokens', 'code': 'rate_limit_exceeded'}}
2026-04-27 15:06:29 | ERROR | babydoc.app | Unhandled error in /chat: Error code: 429 - {'error': {'message': 'Rate limit reached for model `llama-3.3-70b-versatile` in organization `org_01kpwhxcvrezbv6yqrgtat5fds` service tier `on_demand` on tokens per minute (TPM): Limit 12000, Used 11826, Requested 868. Please try again in 3.47s. Need more tokens? Upgrade to Dev Tier today at https://console.groq.com/settings/billing', 'type': 'tokens', 'code': 'rate_limit_exceeded'}}
2026-04-27 15:06:29 | INFO | babydoc.app | Response time: 2040ms
2026-04-27 15:06:34 | INFO | babydoc.app | Incoming query: 'baby ki dry skin pe kya lagayein'
2026-04-27 15:06:34 | DEBUG | babydoc.app | Retrieval score: 0.653 | top results: 5
2026-04-27 15:06:34 | INFO | babydoc.app | Mode: data | Score: 0.653
2026-04-27 15:06:35 | INFO | babydoc.app | Response time: 1487ms
2026-04-27 15:06:40 | INFO | babydoc.app | Incoming query: 'nasal congestion mein kya karein'
2026-04-27 15:06:40 | DEBUG | babydoc.app | Retrieval score: 0.604 | top results: 5
2026-04-27 15:06:40 | INFO | babydoc.app | Mode: data | Score: 0.604
2026-04-27 15:06:42 | INFO | babydoc.app | Response time: 1551ms
2026-04-27 15:06:47 | INFO | babydoc.app | Incoming query: 'kitne ghante tak doodh bahar rakh sakte hain'
2026-04-27 15:06:47 | DEBUG | babydoc.app | Retrieval score: 0.801 | top results: 5
2026-04-27 15:06:47 | INFO | babydoc.app | Mode: data | Score: 0.801
2026-04-27 15:06:48 | INFO | babydoc.app | Response time: 916ms
2026-04-27 15:06:53 | INFO | babydoc.app | Incoming query: 'breast mein doodh kam aa raha hai kaise badhayein'
2026-04-27 15:06:53 | DEBUG | babydoc.app | Retrieval score: 0.833 | top results: 5
2026-04-27 15:06:53 | INFO | babydoc.app | Mode: data | Score: 0.833
2026-04-27 15:06:55 | INFO | babydoc.app | Response time: 2735ms
2026-04-27 15:06:57 | INFO | babydoc.app | Incoming query: '?'
2026-04-27 15:06:57 | DEBUG | babydoc.app | Retrieval score: 0.648 | top results: 5
2026-04-27 15:06:57 | INFO | babydoc.app | Mode: data | Score: 0.648
2026-04-27 15:06:59 | INFO | babydoc.app | Incoming query: 'baby ka temperature high hai kya dena chahiye'
2026-04-27 15:06:59 | DEBUG | babydoc.app | Retrieval score: 0.735 | top results: 5
2026-04-27 15:06:59 | INFO | babydoc.app | Mode: data | Score: 0.735
2026-04-27 15:07:02 | INFO | babydoc.app | Response time: 2089ms
2026-04-27 15:07:06 | ERROR | babydoc.app | Groq API error: Error code: 429 - {'error': {'message': 'Rate limit reached for model `llama-3.3-70b-versatile` in organization `org_01kpwhxcvrezbv6yqrgtat5fds` service tier `on_demand` on tokens per minute (TPM): Limit 12000, Used 11349, Requested 908. Please try again in 1.285s. Need more tokens? Upgrade to Dev Tier today at https://console.groq.com/settings/billing', 'type': 'tokens', 'code': 'rate_limit_exceeded'}}
2026-04-27 15:07:06 | ERROR | babydoc.app | Unhandled error in /chat: Error code: 429 - {'error': {'message': 'Rate limit reached for model `llama-3.3-70b-versatile` in organization `org_01kpwhxcvrezbv6yqrgtat5fds` service tier `on_demand` on tokens per minute (TPM): Limit 12000, Used 11349, Requested 908. Please try again in 1.285s. Need more tokens? Upgrade to Dev Tier today at https://console.groq.com/settings/billing', 'type': 'tokens', 'code': 'rate_limit_exceeded'}}
2026-04-27 15:07:07 | INFO | babydoc.app | Incoming query: 'infant is not passing stool for 3 days'
2026-04-27 15:07:07 | DEBUG | babydoc.app | Retrieval score: 0.768 | top results: 5
2026-04-27 15:07:07 | INFO | babydoc.app | Mode: data | Score: 0.768
2026-04-27 15:07:08 | INFO | babydoc.app | Response time: 1407ms
2026-04-27 15:07:12 | INFO | babydoc.app | Incoming query: 'can I give ragi to my 6 month old baby'
2026-04-27 15:07:12 | DEBUG | babydoc.app | Retrieval score: 0.918 | top results: 5
2026-04-27 15:07:12 | INFO | babydoc.app | Mode: data | Score: 0.918
2026-04-27 15:07:14 | INFO | babydoc.app | Response time: 1492ms
2026-04-27 15:07:18 | INFO | babydoc.app | Incoming query: 'how much water should I give to a 7 month old baby'
2026-04-27 15:07:18 | DEBUG | babydoc.app | Retrieval score: 0.943 | top results: 5
2026-04-27 15:07:18 | INFO | babydoc.app | Mode: data | Score: 0.943
2026-04-27 15:07:19 | INFO | babydoc.app | Response time: 1614ms
2026-04-27 15:07:24 | INFO | babydoc.app | Incoming query: 'baby ko colic hai kya karein'
2026-04-27 15:07:24 | DEBUG | babydoc.app | Retrieval score: 0.836 | top results: 5
2026-04-27 15:07:24 | INFO | babydoc.app | Mode: data | Score: 0.836
2026-04-27 15:07:25 | INFO | babydoc.app | Response time: 669ms
2026-04-27 15:07:30 | INFO | babydoc.app | Incoming query: 'baby 1 year 10 kg fever 101 F'
2026-04-27 15:07:30 | DEBUG | babydoc.app | Retrieval score: 0.741 | top results: 5
2026-04-27 15:07:30 | INFO | babydoc.app | Mode: data | Score: 0.741
2026-04-27 15:07:32 | INFO | babydoc.app | Response time: 1795ms
2026-04-27 15:07:37 | INFO | babydoc.app | Incoming query: 'baby 8 months 8 kg fever 100 F'
2026-04-27 15:07:37 | DEBUG | babydoc.app | Retrieval score: 0.733 | top results: 5
2026-04-27 15:07:37 | INFO | babydoc.app | Mode: data | Score: 0.733
2026-04-27 15:07:39 | INFO | babydoc.app | Response time: 1966ms
2026-04-27 15:07:44 | INFO | babydoc.app | Incoming query: 'baby has fever'
2026-04-27 15:07:44 | DEBUG | babydoc.app | Retrieval score: 0.876 | top results: 5
2026-04-27 15:07:44 | INFO | babydoc.app | Mode: data | Score: 0.876
2026-04-27 15:07:45 | INFO | babydoc.app | Response time: 1321ms
2026-04-27 15:07:49 | INFO | babydoc.app | Incoming query: 'my 2 month old baby has fever'
2026-04-27 15:07:49 | WARNING | babydoc.app | Safety triggered for query: 'my 2 month old baby has fever'
2026-04-27 15:07:52 | INFO | babydoc.app | Incoming query: 'baby not breathing properly'
2026-04-27 15:07:52 | WARNING | babydoc.app | Safety triggered for query: 'baby not breathing properly'
2026-04-27 15:08:53 | INFO | babydoc.app | Incoming query: 'what?'
2026-04-27 15:08:53 | DEBUG | babydoc.app | Retrieval score: 0.384 | top results: 5
2026-04-27 15:08:53 | INFO | babydoc.app | Mode: fallback | Score: 0.384
2026-04-27 15:08:54 | INFO | babydoc.app | Response time: 736ms
2026-04-27 15:09:33 | INFO | babydoc.app | Incoming query: 'when did i say that his weight is 12 kg?'
2026-04-27 15:09:33 | DEBUG | babydoc.app | Retrieval score: 0.542 | top results: 5
2026-04-27 15:09:33 | INFO | babydoc.app | Mode: weak | Score: 0.542
2026-04-27 15:09:33 | INFO | babydoc.app | Response time: 382ms
2026-04-27 15:09:44 | INFO | babydoc.app | Incoming query: '20kg'
2026-04-27 15:09:44 | DEBUG | babydoc.app | Retrieval score: 0.811 | top results: 5
2026-04-27 15:09:44 | INFO | babydoc.app | Mode: data | Score: 0.811
2026-04-27 15:09:45 | INFO | babydoc.app | Response time: 594ms
2026-04-27 15:11:58 | INFO | babydoc.app | Incoming query: 'hi my girl is 1.2 years old'
2026-04-27 15:11:58 | DEBUG | babydoc.app | Retrieval score: 0.586 | top results: 5
2026-04-27 15:11:58 | INFO | babydoc.app | Mode: weak | Score: 0.586
2026-04-27 15:11:58 | INFO | babydoc.app | Response time: 619ms
2026-04-27 16:10:29 | INFO | babydoc.app | Momify API shutting down.
2026-04-27 16:11:15 | INFO | babydoc.app | Momify API starting up...
2026-04-27 16:11:25 | INFO | babydoc.app | Loaded 493 Q&A pairs from data\ALLQA_cleaned.json
2026-04-27 16:33:28 | INFO | babydoc.app | Momify API shutting down.
2026-04-27 16:34:59 | INFO | babydoc.app | Momify API starting up...
2026-04-27 16:35:07 | INFO | babydoc.app | Loaded 493 Q&A pairs from data\ALLQA_cleaned.json
2026-04-27 16:35:07 | INFO | babydoc.app | Momify API shutting down.
2026-04-27 16:35:38 | INFO | babydoc.app | Momify API starting up...
2026-04-27 16:35:47 | INFO | babydoc.app | Loaded 493 Q&A pairs from data\ALLQA_cleaned.json
2026-04-27 16:35:47 | INFO | babydoc.app | Momify API shutting down.
2026-04-27 16:36:13 | INFO | babydoc.app | Momify API starting up...
2026-04-27 16:36:21 | INFO | babydoc.app | Loaded 493 Q&A pairs from data\ALLQA_cleaned.json
2026-04-27 16:36:21 | INFO | babydoc.app | Momify API shutting down.
2026-04-27 16:36:56 | INFO | babydoc.app | Momify API starting up...
2026-04-27 16:37:05 | INFO | babydoc.app | Loaded 493 Q&A pairs from data\ALLQA_cleaned.json
2026-04-27 16:38:49 | INFO | babydoc.app | Incoming query: 'how long breast milk can be stored'
2026-04-27 16:38:49 | DEBUG | babydoc.app | Retrieval score: 0.919 | top results: 5
2026-04-27 16:38:49 | INFO | babydoc.app | Mode: data | Score: 0.919
2026-04-27 16:38:50 | INFO | babydoc.app | Response time: 1300ms
2026-04-27 16:38:54 | INFO | babydoc.app | Incoming query: 'my milk supply is low how to increase'
2026-04-27 16:38:54 | DEBUG | babydoc.app | Retrieval score: 0.968 | top results: 5
2026-04-27 16:38:54 | INFO | babydoc.app | Mode: data | Score: 0.968
2026-04-27 16:38:54 | INFO | babydoc.app | Response time: 589ms
2026-04-27 16:38:57 | INFO | babydoc.app | Incoming query: 'my baby is not latching what can I do'
2026-04-27 16:38:58 | DEBUG | babydoc.app | Retrieval score: 0.778 | top results: 5
2026-04-27 16:38:58 | INFO | babydoc.app | Mode: data | Score: 0.778
2026-04-27 16:38:58 | INFO | babydoc.app | Response time: 535ms
2026-04-27 16:39:01 | INFO | babydoc.app | Incoming query: 'I have breastfeeding problem my nipples got cracked and it hurts'
2026-04-27 16:39:01 | DEBUG | babydoc.app | Retrieval score: 0.930 | top results: 5
2026-04-27 16:39:01 | INFO | babydoc.app | Mode: data | Score: 0.930
2026-04-27 16:39:02 | INFO | babydoc.app | Response time: 819ms
2026-04-27 16:39:05 | INFO | babydoc.app | Incoming query: 'how to clear blocked milk ducts'
2026-04-27 16:39:05 | DEBUG | babydoc.app | Retrieval score: 0.865 | top results: 5
2026-04-27 16:39:05 | INFO | babydoc.app | Mode: data | Score: 0.865
2026-04-27 16:39:06 | INFO | babydoc.app | Response time: 629ms
2026-04-27 16:39:09 | INFO | babydoc.app | Incoming query: 'baby has fever what to give'
2026-04-27 16:39:09 | DEBUG | babydoc.app | Retrieval score: 0.838 | top results: 5
2026-04-27 16:39:09 | INFO | babydoc.app | Mode: data | Score: 0.838
2026-04-27 16:39:09 | INFO | babydoc.app | Response time: 510ms
2026-04-27 16:39:12 | INFO | babydoc.app | Incoming query: 'my baby is constipated what to do'
2026-04-27 16:39:12 | DEBUG | babydoc.app | Retrieval score: 0.888 | top results: 5
2026-04-27 16:39:12 | INFO | babydoc.app | Mode: data | Score: 0.888
2026-04-27 16:39:13 | INFO | babydoc.app | Response time: 485ms
2026-04-27 16:39:16 | INFO | babydoc.app | Incoming query: 'my baby has loose motions what to do'
2026-04-27 16:39:16 | DEBUG | babydoc.app | Retrieval score: 0.775 | top results: 5
2026-04-27 16:39:16 | INFO | babydoc.app | Mode: data | Score: 0.775
2026-04-27 16:39:17 | INFO | babydoc.app | Response time: 723ms
2026-04-27 16:39:20 | INFO | babydoc.app | Incoming query: 'when can I start solids for my baby'
2026-04-27 16:39:20 | DEBUG | babydoc.app | Retrieval score: 0.620 | top results: 5
2026-04-27 16:39:20 | INFO | babydoc.app | Mode: data | Score: 0.620
2026-04-27 16:39:20 | INFO | babydoc.app | Response time: 555ms
2026-04-27 16:39:23 | INFO | babydoc.app | Incoming query: 'how many eggs should a breastfeeding mother eat'
2026-04-27 16:39:23 | DEBUG | babydoc.app | Retrieval score: 0.775 | top results: 5
2026-04-27 16:39:23 | INFO | babydoc.app | Mode: data | Score: 0.775
2026-04-27 16:39:24 | INFO | babydoc.app | Response time: 543ms
2026-04-27 16:39:27 | INFO | babydoc.app | Incoming query: 'diaper rash treatment'
2026-04-27 16:39:27 | DEBUG | babydoc.app | Retrieval score: 0.855 | top results: 5
2026-04-27 16:39:27 | INFO | babydoc.app | Mode: data | Score: 0.855
2026-04-27 16:39:27 | INFO | babydoc.app | Response time: 527ms
2026-04-27 16:39:30 | INFO | babydoc.app | Incoming query: 'when does teething start in babies'
2026-04-27 16:39:30 | DEBUG | babydoc.app | Retrieval score: 0.970 | top results: 5
2026-04-27 16:39:30 | INFO | babydoc.app | Mode: data | Score: 0.970
2026-04-27 16:39:31 | INFO | babydoc.app | Response time: 409ms
2026-04-27 16:39:34 | INFO | babydoc.app | Incoming query: 'postpartum depression mein kya karna chahiye'
2026-04-27 16:39:34 | DEBUG | babydoc.app | Retrieval score: 0.637 | top results: 5
2026-04-27 16:39:34 | INFO | babydoc.app | Mode: data | Score: 0.637
2026-04-27 16:39:35 | INFO | babydoc.app | Response time: 914ms
2026-04-27 16:39:38 | INFO | babydoc.app | Incoming query: 'baby bottle accept nahi kar raha kya karein'
2026-04-27 16:39:38 | DEBUG | babydoc.app | Retrieval score: 0.684 | top results: 5
2026-04-27 16:39:38 | INFO | babydoc.app | Mode: data | Score: 0.684
2026-04-27 16:39:39 | INFO | babydoc.app | Response time: 918ms
2026-04-27 16:39:42 | INFO | babydoc.app | Incoming query: 'when should I introduce cow milk'
2026-04-27 16:39:42 | DEBUG | babydoc.app | Retrieval score: 0.769 | top results: 5
2026-04-27 16:39:42 | INFO | babydoc.app | Mode: data | Score: 0.769
2026-04-27 16:39:42 | INFO | babydoc.app | Response time: 513ms
2026-04-27 16:39:47 | INFO | babydoc.app | Incoming query: 'what supplements should breastfeeding mother take after c section'
2026-04-27 16:39:47 | DEBUG | babydoc.app | Retrieval score: 0.868 | top results: 5
2026-04-27 16:39:47 | INFO | babydoc.app | Mode: data | Score: 0.868
2026-04-27 16:39:49 | INFO | babydoc.app | Response time: 2009ms
2026-04-27 16:39:54 | INFO | babydoc.app | Incoming query: 'can I give dry fruits to 8 month old baby'
2026-04-27 16:39:54 | DEBUG | babydoc.app | Retrieval score: 0.844 | top results: 5
2026-04-27 16:39:54 | INFO | babydoc.app | Mode: data | Score: 0.844
2026-04-27 16:39:56 | INFO | babydoc.app | Response time: 1596ms
2026-04-27 16:40:01 | INFO | babydoc.app | Incoming query: 'breastfeeding se weight loss hoti hai kya'
2026-04-27 16:40:01 | DEBUG | babydoc.app | Retrieval score: 0.707 | top results: 5
2026-04-27 16:40:01 | INFO | babydoc.app | Mode: data | Score: 0.707
2026-04-27 16:40:03 | INFO | babydoc.app | Response time: 1851ms
2026-04-27 16:40:08 | INFO | babydoc.app | Incoming query: 'baby ki dry skin pe kya lagayein'
2026-04-27 16:40:08 | DEBUG | babydoc.app | Retrieval score: 0.653 | top results: 5
2026-04-27 16:40:08 | INFO | babydoc.app | Mode: data | Score: 0.653
2026-04-27 16:40:10 | INFO | babydoc.app | Response time: 1814ms
2026-04-27 16:40:15 | INFO | babydoc.app | Incoming query: 'nasal congestion mein kya karein'
2026-04-27 16:40:15 | DEBUG | babydoc.app | Retrieval score: 0.604 | top results: 5
2026-04-27 16:40:15 | INFO | babydoc.app | Mode: data | Score: 0.604
2026-04-27 16:40:17 | INFO | babydoc.app | Response time: 1652ms
2026-04-27 16:40:21 | INFO | babydoc.app | Incoming query: 'kitne ghante tak doodh bahar rakh sakte hain'
2026-04-27 16:40:21 | DEBUG | babydoc.app | Retrieval score: 0.801 | top results: 5
2026-04-27 16:40:21 | INFO | babydoc.app | Mode: data | Score: 0.801
2026-04-27 16:40:24 | INFO | babydoc.app | Response time: 2883ms
2026-04-27 16:40:29 | INFO | babydoc.app | Incoming query: 'breast mein doodh kam aa raha hai kaise badhayein'
2026-04-27 16:40:29 | DEBUG | babydoc.app | Retrieval score: 0.833 | top results: 5
2026-04-27 16:40:29 | INFO | babydoc.app | Mode: data | Score: 0.833
2026-04-27 16:40:32 | INFO | babydoc.app | Response time: 3037ms
2026-04-27 16:40:37 | INFO | babydoc.app | Incoming query: 'baby ka temperature high hai kya dena chahiye'
2026-04-27 16:40:37 | DEBUG | babydoc.app | Retrieval score: 0.735 | top results: 5
2026-04-27 16:40:37 | INFO | babydoc.app | Mode: data | Score: 0.735
2026-04-27 16:40:38 | INFO | babydoc.app | Response time: 1684ms
2026-04-27 16:40:44 | INFO | babydoc.app | Incoming query: 'infant is not passing stool for 3 days'
2026-04-27 16:40:44 | DEBUG | babydoc.app | Retrieval score: 0.768 | top results: 5
2026-04-27 16:40:44 | INFO | babydoc.app | Mode: data | Score: 0.768
2026-04-27 16:40:45 | INFO | babydoc.app | Response time: 1536ms
2026-04-27 16:40:50 | INFO | babydoc.app | Incoming query: 'can I give ragi to my 6 month old baby'
2026-04-27 16:40:50 | DEBUG | babydoc.app | Retrieval score: 0.918 | top results: 5
2026-04-27 16:40:50 | INFO | babydoc.app | Mode: data | Score: 0.918
2026-04-27 16:40:52 | INFO | babydoc.app | Response time: 1618ms
2026-04-27 16:40:56 | INFO | babydoc.app | Incoming query: 'how much water should I give to a 7 month old baby'
2026-04-27 16:40:56 | DEBUG | babydoc.app | Retrieval score: 0.943 | top results: 5
2026-04-27 16:40:56 | INFO | babydoc.app | Mode: data | Score: 0.943
2026-04-27 16:40:58 | INFO | babydoc.app | Response time: 2460ms
2026-04-27 16:41:02 | INFO | babydoc.app | Incoming query: 'baby ko colic hai kya karein'
2026-04-27 16:41:02 | DEBUG | babydoc.app | Retrieval score: 0.836 | top results: 5
2026-04-27 16:41:02 | INFO | babydoc.app | Mode: data | Score: 0.836
2026-04-27 16:41:05 | INFO | babydoc.app | Response time: 2807ms
2026-04-27 16:41:10 | INFO | babydoc.app | Incoming query: 'baby 1 year 10 kg fever 101 F'
2026-04-27 16:41:10 | DEBUG | babydoc.app | Retrieval score: 0.741 | top results: 5
2026-04-27 16:41:10 | INFO | babydoc.app | Mode: data | Score: 0.741
2026-04-27 16:41:12 | INFO | babydoc.app | Response time: 2362ms
2026-04-27 16:41:18 | INFO | babydoc.app | Incoming query: 'baby 8 months 8 kg fever 100 F'
2026-04-27 16:41:18 | DEBUG | babydoc.app | Retrieval score: 0.733 | top results: 5
2026-04-27 16:41:18 | INFO | babydoc.app | Mode: data | Score: 0.733
2026-04-27 16:41:20 | INFO | babydoc.app | Response time: 2596ms
2026-04-27 16:41:24 | INFO | babydoc.app | Incoming query: 'baby has fever'
2026-04-27 16:41:24 | DEBUG | babydoc.app | Retrieval score: 0.876 | top results: 5
2026-04-27 16:41:24 | INFO | babydoc.app | Mode: data | Score: 0.876
2026-04-27 16:41:27 | INFO | babydoc.app | Response time: 2912ms
2026-04-27 16:41:31 | INFO | babydoc.app | Incoming query: 'my 2 month old baby has fever'
2026-04-27 16:41:31 | WARNING | babydoc.app | Safety triggered for query: 'my 2 month old baby has fever'
2026-04-27 16:41:34 | INFO | babydoc.app | Incoming query: 'baby not breathing properly'
2026-04-27 16:41:34 | WARNING | babydoc.app | Safety triggered for query: 'baby not breathing properly'
2026-04-27 16:48:19 | INFO | babydoc.app | Momify API shutting down.
2026-04-27 16:48:47 | INFO | babydoc.app | Momify API starting up...
2026-04-27 16:48:55 | INFO | babydoc.app | Loaded 493 Q&A pairs from data\ALLQA_cleaned.json
2026-04-27 16:48:55 | INFO | babydoc.app | Momify API shutting down.
2026-04-27 16:49:27 | INFO | babydoc.app | Momify API starting up...
2026-04-27 16:49:36 | INFO | babydoc.app | Loaded 493 Q&A pairs from data\ALLQA_cleaned.json
2026-04-27 16:50:37 | INFO | babydoc.app | Incoming query: 'how long breast milk can be stored'
2026-04-27 16:50:37 | DEBUG | babydoc.app | Retrieval score: 0.919 | top results: 5
2026-04-27 16:50:37 | INFO | babydoc.app | Mode: data | Score: 0.919
2026-04-27 16:50:38 | INFO | babydoc.app | Response time: 1007ms
2026-04-27 16:50:42 | INFO | babydoc.app | Incoming query: 'my milk supply is low how to increase'
2026-04-27 16:50:42 | DEBUG | babydoc.app | Retrieval score: 0.968 | top results: 5
2026-04-27 16:50:42 | INFO | babydoc.app | Mode: data | Score: 0.968
2026-04-27 16:50:42 | INFO | babydoc.app | Response time: 535ms
2026-04-27 16:50:45 | INFO | babydoc.app | Incoming query: 'my baby is not latching what can I do'
2026-04-27 16:50:45 | DEBUG | babydoc.app | Retrieval score: 0.778 | top results: 5
2026-04-27 16:50:45 | INFO | babydoc.app | Mode: data | Score: 0.778
2026-04-27 16:50:46 | INFO | babydoc.app | Response time: 490ms
2026-04-27 16:50:49 | INFO | babydoc.app | Incoming query: 'I have breastfeeding problem my nipples got cracked and it hurts'
2026-04-27 16:50:49 | DEBUG | babydoc.app | Retrieval score: 0.930 | top results: 5
2026-04-27 16:50:49 | INFO | babydoc.app | Mode: data | Score: 0.930
2026-04-27 16:50:49 | INFO | babydoc.app | Response time: 637ms
2026-04-27 16:50:52 | INFO | babydoc.app | Incoming query: 'how to clear blocked milk ducts'
2026-04-27 16:50:52 | DEBUG | babydoc.app | Retrieval score: 0.865 | top results: 5
2026-04-27 16:50:52 | INFO | babydoc.app | Mode: data | Score: 0.865
2026-04-27 16:50:53 | INFO | babydoc.app | Response time: 663ms
2026-04-27 16:50:56 | INFO | babydoc.app | Incoming query: 'baby has fever what to give'
2026-04-27 16:50:56 | DEBUG | babydoc.app | Retrieval score: 0.838 | top results: 5
2026-04-27 16:50:56 | INFO | babydoc.app | Mode: data | Score: 0.838
2026-04-27 16:50:57 | INFO | babydoc.app | Response time: 550ms
2026-04-27 16:51:00 | INFO | babydoc.app | Incoming query: 'my baby is constipated what to do'
2026-04-27 16:51:00 | DEBUG | babydoc.app | Retrieval score: 0.888 | top results: 5
2026-04-27 16:51:00 | INFO | babydoc.app | Mode: data | Score: 0.888
2026-04-27 16:51:01 | INFO | babydoc.app | Response time: 708ms
2026-04-27 16:51:04 | INFO | babydoc.app | Incoming query: 'my baby has loose motions what to do'
2026-04-27 16:51:04 | DEBUG | babydoc.app | Retrieval score: 0.775 | top results: 5
2026-04-27 16:51:04 | INFO | babydoc.app | Mode: data | Score: 0.775
2026-04-27 16:51:04 | INFO | babydoc.app | Response time: 620ms
2026-04-27 16:51:07 | INFO | babydoc.app | Incoming query: 'when can I start solids for my baby'
2026-04-27 16:51:07 | DEBUG | babydoc.app | Retrieval score: 0.620 | top results: 5
2026-04-27 16:51:07 | INFO | babydoc.app | Mode: data | Score: 0.620
2026-04-27 16:51:08 | INFO | babydoc.app | Response time: 559ms
2026-04-27 16:51:11 | INFO | babydoc.app | Incoming query: 'how many eggs should a breastfeeding mother eat'
2026-04-27 16:51:11 | DEBUG | babydoc.app | Retrieval score: 0.775 | top results: 5
2026-04-27 16:51:11 | INFO | babydoc.app | Mode: data | Score: 0.775
2026-04-27 16:51:11 | ERROR | babydoc.app | Groq API error: Error code: 429 - {'error': {'message': 'Rate limit reached for model `llama-3.3-70b-versatile` in organization `org_01kpwhxcvrezbv6yqrgtat5fds` service tier `on_demand` on tokens per day (TPD): Limit 100000, Used 99438, Requested 986. Please try again in 6m6.336s. Need more tokens? Upgrade to Dev Tier today at https://console.groq.com/settings/billing', 'type': 'tokens', 'code': 'rate_limit_exceeded'}}
2026-04-27 16:51:11 | ERROR | babydoc.app | Unhandled error in /chat: Error code: 429 - {'error': {'message': 'Rate limit reached for model `llama-3.3-70b-versatile` in organization `org_01kpwhxcvrezbv6yqrgtat5fds` service tier `on_demand` on tokens per day (TPD): Limit 100000, Used 99438, Requested 986. Please try again in 6m6.336s. Need more tokens? Upgrade to Dev Tier today at https://console.groq.com/settings/billing', 'type': 'tokens', 'code': 'rate_limit_exceeded'}}
2026-04-27 16:51:14 | INFO | babydoc.app | Incoming query: 'diaper rash treatment'
2026-04-27 16:51:14 | DEBUG | babydoc.app | Retrieval score: 0.855 | top results: 5
2026-04-27 16:51:14 | INFO | babydoc.app | Mode: data | Score: 0.855
2026-04-27 16:51:14 | ERROR | babydoc.app | Groq API error: Error code: 429 - {'error': {'message': 'Rate limit reached for model `llama-3.3-70b-versatile` in organization `org_01kpwhxcvrezbv6yqrgtat5fds` service tier `on_demand` on tokens per day (TPD): Limit 100000, Used 99803, Requested 992. Please try again in 11m26.88s. Need more tokens? Upgrade to Dev Tier today at https://console.groq.com/settings/billing', 'type': 'tokens', 'code': 'rate_limit_exceeded'}}
2026-04-27 16:51:14 | ERROR | babydoc.app | Unhandled error in /chat: Error code: 429 - {'error': {'message': 'Rate limit reached for model `llama-3.3-70b-versatile` in organization `org_01kpwhxcvrezbv6yqrgtat5fds` service tier `on_demand` on tokens per day (TPD): Limit 100000, Used 99803, Requested 992. Please try again in 11m26.88s. Need more tokens? Upgrade to Dev Tier today at https://console.groq.com/settings/billing', 'type': 'tokens', 'code': 'rate_limit_exceeded'}}
2026-04-27 16:51:17 | INFO | babydoc.app | Incoming query: 'when does teething start in babies'
2026-04-27 16:51:17 | DEBUG | babydoc.app | Retrieval score: 0.970 | top results: 5
2026-04-27 16:51:17 | INFO | babydoc.app | Mode: data | Score: 0.970
2026-04-27 16:51:17 | ERROR | babydoc.app | Groq API error: Error code: 429 - {'error': {'message': 'Rate limit reached for model `llama-3.3-70b-versatile` in organization `org_01kpwhxcvrezbv6yqrgtat5fds` service tier `on_demand` on tokens per day (TPD): Limit 100000, Used 99800, Requested 957. Please try again in 10m54.048s. Need more tokens? Upgrade to Dev Tier today at https://console.groq.com/settings/billing', 'type': 'tokens', 'code': 'rate_limit_exceeded'}}
2026-04-27 16:51:17 | ERROR | babydoc.app | Unhandled error in /chat: Error code: 429 - {'error': {'message': 'Rate limit reached for model `llama-3.3-70b-versatile` in organization `org_01kpwhxcvrezbv6yqrgtat5fds` service tier `on_demand` on tokens per day (TPD): Limit 100000, Used 99800, Requested 957. Please try again in 10m54.048s. Need more tokens? Upgrade to Dev Tier today at https://console.groq.com/settings/billing', 'type': 'tokens', 'code': 'rate_limit_exceeded'}}
2026-04-27 16:51:20 | INFO | babydoc.app | Incoming query: 'postpartum depression mein kya karna chahiye'
2026-04-27 16:51:20 | DEBUG | babydoc.app | Retrieval score: 0.637 | top results: 5
2026-04-27 16:51:20 | INFO | babydoc.app | Mode: data | Score: 0.637
2026-04-27 16:51:20 | ERROR | babydoc.app | Groq API error: Error code: 429 - {'error': {'message': 'Rate limit reached for model `llama-3.3-70b-versatile` in organization `org_01kpwhxcvrezbv6yqrgtat5fds` service tier `on_demand` on tokens per day (TPD): Limit 100000, Used 99797, Requested 1025. Please try again in 11m50.208s. Need more tokens? Upgrade to Dev Tier today at https://console.groq.com/settings/billing', 'type': 'tokens', 'code': 'rate_limit_exceeded'}}
2026-04-27 16:51:20 | ERROR | babydoc.app | Unhandled error in /chat: Error code: 429 - {'error': {'message': 'Rate limit reached for model `llama-3.3-70b-versatile` in organization `org_01kpwhxcvrezbv6yqrgtat5fds` service tier `on_demand` on tokens per day (TPD): Limit 100000, Used 99797, Requested 1025. Please try again in 11m50.208s. Need more tokens? Upgrade to Dev Tier today at https://console.groq.com/settings/billing', 'type': 'tokens', 'code': 'rate_limit_exceeded'}}
2026-04-27 16:51:22 | INFO | babydoc.app | Incoming query: 'baby bottle accept nahi kar raha kya karein'
2026-04-27 16:51:23 | DEBUG | babydoc.app | Retrieval score: 0.684 | top results: 5
2026-04-27 16:51:23 | INFO | babydoc.app | Mode: data | Score: 0.684
2026-04-27 16:51:23 | ERROR | babydoc.app | Groq API error: Error code: 429 - {'error': {'message': 'Rate limit reached for model `llama-3.3-70b-versatile` in organization `org_01kpwhxcvrezbv6yqrgtat5fds` service tier `on_demand` on tokens per day (TPD): Limit 100000, Used 99794, Requested 1130. Please try again in 13m18.336s. Need more tokens? Upgrade to Dev Tier today at https://console.groq.com/settings/billing', 'type': 'tokens', 'code': 'rate_limit_exceeded'}}
2026-04-27 16:51:23 | ERROR | babydoc.app | Unhandled error in /chat: Error code: 429 - {'error': {'message': 'Rate limit reached for model `llama-3.3-70b-versatile` in organization `org_01kpwhxcvrezbv6yqrgtat5fds` service tier `on_demand` on tokens per day (TPD): Limit 100000, Used 99794, Requested 1130. Please try again in 13m18.336s. Need more tokens? Upgrade to Dev Tier today at https://console.groq.com/settings/billing', 'type': 'tokens', 'code': 'rate_limit_exceeded'}}
2026-04-27 16:51:25 | INFO | babydoc.app | Incoming query: 'when should I introduce cow milk'
2026-04-27 16:51:25 | DEBUG | babydoc.app | Retrieval score: 0.769 | top results: 5
2026-04-27 16:51:25 | INFO | babydoc.app | Mode: data | Score: 0.769
2026-04-27 16:51:25 | ERROR | babydoc.app | Groq API error: Error code: 429 - {'error': {'message': 'Rate limit reached for model `llama-3.3-70b-versatile` in organization `org_01kpwhxcvrezbv6yqrgtat5fds` service tier `on_demand` on tokens per day (TPD): Limit 100000, Used 99791, Requested 932. Please try again in 10m24.672s. Need more tokens? Upgrade to Dev Tier today at https://console.groq.com/settings/billing', 'type': 'tokens', 'code': 'rate_limit_exceeded'}}
2026-04-27 16:51:25 | ERROR | babydoc.app | Unhandled error in /chat: Error code: 429 - {'error': {'message': 'Rate limit reached for model `llama-3.3-70b-versatile` in organization `org_01kpwhxcvrezbv6yqrgtat5fds` service tier `on_demand` on tokens per day (TPD): Limit 100000, Used 99791, Requested 932. Please try again in 10m24.672s. Need more tokens? Upgrade to Dev Tier today at https://console.groq.com/settings/billing', 'type': 'tokens', 'code': 'rate_limit_exceeded'}}
2026-04-27 16:51:28 | INFO | babydoc.app | Incoming query: 'what supplements should breastfeeding mother take after c section'
2026-04-27 16:51:28 | DEBUG | babydoc.app | Retrieval score: 0.868 | top results: 5
2026-04-27 16:51:28 | INFO | babydoc.app | Mode: data | Score: 0.868
2026-04-27 16:51:28 | ERROR | babydoc.app | Groq API error: Error code: 429 - {'error': {'message': 'Rate limit reached for model `llama-3.3-70b-versatile` in organization `org_01kpwhxcvrezbv6yqrgtat5fds` service tier `on_demand` on tokens per day (TPD): Limit 100000, Used 99787, Requested 991. Please try again in 11m12.192s. Need more tokens? Upgrade to Dev Tier today at https://console.groq.com/settings/billing', 'type': 'tokens', 'code': 'rate_limit_exceeded'}}
2026-04-27 16:51:28 | ERROR | babydoc.app | Unhandled error in /chat: Error code: 429 - {'error': {'message': 'Rate limit reached for model `llama-3.3-70b-versatile` in organization `org_01kpwhxcvrezbv6yqrgtat5fds` service tier `on_demand` on tokens per day (TPD): Limit 100000, Used 99787, Requested 991. Please try again in 11m12.192s. Need more tokens? Upgrade to Dev Tier today at https://console.groq.com/settings/billing', 'type': 'tokens', 'code': 'rate_limit_exceeded'}}
2026-04-27 16:51:31 | INFO | babydoc.app | Incoming query: 'can I give dry fruits to 8 month old baby'
2026-04-27 16:51:31 | DEBUG | babydoc.app | Retrieval score: 0.844 | top results: 5
2026-04-27 16:51:31 | INFO | babydoc.app | Mode: data | Score: 0.844
2026-04-27 16:51:31 | ERROR | babydoc.app | Groq API error: Error code: 429 - {'error': {'message': 'Rate limit reached for model `llama-3.3-70b-versatile` in organization `org_01kpwhxcvrezbv6yqrgtat5fds` service tier `on_demand` on tokens per day (TPD): Limit 100000, Used 99784, Requested 1019. Please try again in 11m33.792s. Need more tokens? Upgrade to Dev Tier today at https://console.groq.com/settings/billing', 'type': 'tokens', 'code': 'rate_limit_exceeded'}}
2026-04-27 16:51:31 | ERROR | babydoc.app | Unhandled error in /chat: Error code: 429 - {'error': {'message': 'Rate limit reached for model `llama-3.3-70b-versatile` in organization `org_01kpwhxcvrezbv6yqrgtat5fds` service tier `on_demand` on tokens per day (TPD): Limit 100000, Used 99784, Requested 1019. Please try again in 11m33.792s. Need more tokens? Upgrade to Dev Tier today at https://console.groq.com/settings/billing', 'type': 'tokens', 'code': 'rate_limit_exceeded'}}
2026-04-27 16:51:33 | INFO | babydoc.app | Incoming query: 'breastfeeding se weight loss hoti hai kya'
2026-04-27 16:51:34 | DEBUG | babydoc.app | Retrieval score: 0.707 | top results: 5
2026-04-27 16:51:34 | INFO | babydoc.app | Mode: data | Score: 0.707
2026-04-27 16:51:34 | ERROR | babydoc.app | Groq API error: Error code: 429 - {'error': {'message': 'Rate limit reached for model `llama-3.3-70b-versatile` in organization `org_01kpwhxcvrezbv6yqrgtat5fds` service tier `on_demand` on tokens per day (TPD): Limit 100000, Used 99781, Requested 1002. Please try again in 11m16.512s. Need more tokens? Upgrade to Dev Tier today at https://console.groq.com/settings/billing', 'type': 'tokens', 'code': 'rate_limit_exceeded'}}
2026-04-27 16:51:34 | ERROR | babydoc.app | Unhandled error in /chat: Error code: 429 - {'error': {'message': 'Rate limit reached for model `llama-3.3-70b-versatile` in organization `org_01kpwhxcvrezbv6yqrgtat5fds` service tier `on_demand` on tokens per day (TPD): Limit 100000, Used 99781, Requested 1002. Please try again in 11m16.512s. Need more tokens? Upgrade to Dev Tier today at https://console.groq.com/settings/billing', 'type': 'tokens', 'code': 'rate_limit_exceeded'}}
2026-04-27 16:51:36 | INFO | babydoc.app | Incoming query: 'baby ki dry skin pe kya lagayein'
2026-04-27 16:51:36 | DEBUG | babydoc.app | Retrieval score: 0.653 | top results: 5
2026-04-27 16:51:36 | INFO | babydoc.app | Mode: data | Score: 0.653
2026-04-27 16:51:36 | ERROR | babydoc.app | Groq API error: Error code: 429 - {'error': {'message': 'Rate limit reached for model `llama-3.3-70b-versatile` in organization `org_01kpwhxcvrezbv6yqrgtat5fds` service tier `on_demand` on tokens per day (TPD): Limit 100000, Used 99778, Requested 972. Please try again in 10m48s. Need more tokens? Upgrade to Dev Tier today at https://console.groq.com/settings/billing', 'type': 'tokens', 'code': 'rate_limit_exceeded'}}
2026-04-27 16:51:36 | ERROR | babydoc.app | Unhandled error in /chat: Error code: 429 - {'error': {'message': 'Rate limit reached for model `llama-3.3-70b-versatile` in organization `org_01kpwhxcvrezbv6yqrgtat5fds` service tier `on_demand` on tokens per day (TPD): Limit 100000, Used 99778, Requested 972. Please try again in 10m48s. Need more tokens? Upgrade to Dev Tier today at https://console.groq.com/settings/billing', 'type': 'tokens', 'code': 'rate_limit_exceeded'}}
2026-04-27 19:28:42 | INFO | babydoc.app | Incoming query: 'how long breast milk can be stored'
2026-04-27 19:28:42 | DEBUG | babydoc.app | Retrieval score: 0.919 | top results: 5
2026-04-27 19:28:42 | INFO | babydoc.app | Mode: data | Score: 0.919
2026-04-27 19:28:43 | INFO | babydoc.app | Response time: 654ms
2026-04-27 19:28:46 | INFO | babydoc.app | Incoming query: 'my milk supply is low how to increase'
2026-04-27 19:28:46 | DEBUG | babydoc.app | Retrieval score: 0.968 | top results: 5
2026-04-27 19:28:46 | INFO | babydoc.app | Mode: data | Score: 0.968
2026-04-27 19:28:47 | INFO | babydoc.app | Response time: 469ms
2026-04-27 19:28:50 | INFO | babydoc.app | Incoming query: 'my baby is not latching what can I do'
2026-04-27 19:28:50 | DEBUG | babydoc.app | Retrieval score: 0.778 | top results: 5
2026-04-27 19:28:50 | INFO | babydoc.app | Mode: data | Score: 0.778
2026-04-27 19:28:50 | INFO | babydoc.app | Response time: 763ms
2026-04-27 19:28:53 | INFO | babydoc.app | Incoming query: 'I have breastfeeding problem my nipples got cracked and it hurts'
2026-04-27 19:28:53 | DEBUG | babydoc.app | Retrieval score: 0.930 | top results: 5
2026-04-27 19:28:53 | INFO | babydoc.app | Mode: data | Score: 0.930
2026-04-27 19:28:54 | INFO | babydoc.app | Response time: 362ms
2026-04-27 19:28:57 | INFO | babydoc.app | Incoming query: 'how to clear blocked milk ducts'
2026-04-27 19:28:57 | DEBUG | babydoc.app | Retrieval score: 0.865 | top results: 5
2026-04-27 19:28:57 | INFO | babydoc.app | Mode: data | Score: 0.865
2026-04-27 19:28:57 | INFO | babydoc.app | Response time: 527ms
2026-04-27 19:29:00 | INFO | babydoc.app | Incoming query: 'baby has fever what to give'
2026-04-27 19:29:01 | DEBUG | babydoc.app | Retrieval score: 0.838 | top results: 5
2026-04-27 19:29:01 | INFO | babydoc.app | Mode: data | Score: 0.838
2026-04-27 19:29:01 | INFO | babydoc.app | Response time: 589ms
2026-04-27 19:29:04 | INFO | babydoc.app | Incoming query: 'my baby is constipated what to do'
2026-04-27 19:29:04 | DEBUG | babydoc.app | Retrieval score: 0.888 | top results: 5
2026-04-27 19:29:04 | INFO | babydoc.app | Mode: data | Score: 0.888
2026-04-27 19:29:04 | ERROR | babydoc.app | Groq API error: Error code: 429 - {'error': {'message': 'Rate limit reached for model `llama-3.3-70b-versatile` in organization `org_01kpwhxcvrezbv6yqrgtat5fds` service tier `on_demand` on tokens per day (TPD): Limit 100000, Used 99588, Requested 976. Please try again in 8m7.296s. Need more tokens? Upgrade to Dev Tier today at https://console.groq.com/settings/billing', 'type': 'tokens', 'code': 'rate_limit_exceeded'}}
2026-04-27 19:29:04 | ERROR | babydoc.app | Unhandled error in /chat: Error code: 429 - {'error': {'message': 'Rate limit reached for model `llama-3.3-70b-versatile` in organization `org_01kpwhxcvrezbv6yqrgtat5fds` service tier `on_demand` on tokens per day (TPD): Limit 100000, Used 99588, Requested 976. Please try again in 8m7.296s. Need more tokens? Upgrade to Dev Tier today at https://console.groq.com/settings/billing', 'type': 'tokens', 'code': 'rate_limit_exceeded'}}
2026-04-27 19:29:14 | INFO | babydoc.app | Incoming query: 'my baby has loose motions what to do'
2026-04-27 19:29:14 | DEBUG | babydoc.app | Retrieval score: 0.775 | top results: 5
2026-04-27 19:29:14 | INFO | babydoc.app | Mode: data | Score: 0.775
2026-04-27 19:29:14 | ERROR | babydoc.app | Groq API error: Error code: 429 - {'error': {'message': 'Rate limit reached for model `llama-3.3-70b-versatile` in organization `org_01kpwhxcvrezbv6yqrgtat5fds` service tier `on_demand` on tokens per day (TPD): Limit 100000, Used 99997, Requested 947. Please try again in 13m35.616s. Need more tokens? Upgrade to Dev Tier today at https://console.groq.com/settings/billing', 'type': 'tokens', 'code': 'rate_limit_exceeded'}}
2026-04-27 19:29:14 | ERROR | babydoc.app | Unhandled error in /chat: Error code: 429 - {'error': {'message': 'Rate limit reached for model `llama-3.3-70b-versatile` in organization `org_01kpwhxcvrezbv6yqrgtat5fds` service tier `on_demand` on tokens per day (TPD): Limit 100000, Used 99997, Requested 947. Please try again in 13m35.616s. Need more tokens? Upgrade to Dev Tier today at https://console.groq.com/settings/billing', 'type': 'tokens', 'code': 'rate_limit_exceeded'}}
2026-04-27 19:29:16 | INFO | babydoc.app | Incoming query: 'when can I start solids for my baby'
2026-04-27 19:29:16 | DEBUG | babydoc.app | Retrieval score: 0.620 | top results: 5
2026-04-27 19:29:16 | INFO | babydoc.app | Mode: data | Score: 0.620
2026-04-27 19:29:16 | ERROR | babydoc.app | Groq API error: Error code: 429 - {'error': {'message': 'Rate limit reached for model `llama-3.3-70b-versatile` in organization `org_01kpwhxcvrezbv6yqrgtat5fds` service tier `on_demand` on tokens per day (TPD): Limit 100000, Used 99994, Requested 1038. Please try again in 14m51.647999999s. Need more tokens? Upgrade to Dev Tier today at https://console.groq.com/settings/billing', 'type': 'tokens', 'code': 'rate_limit_exceeded'}}
2026-04-27 19:29:16 | ERROR | babydoc.app | Unhandled error in /chat: Error code: 429 - {'error': {'message': 'Rate limit reached for model `llama-3.3-70b-versatile` in organization `org_01kpwhxcvrezbv6yqrgtat5fds` service tier `on_demand` on tokens per day (TPD): Limit 100000, Used 99994, Requested 1038. Please try again in 14m51.647999999s. Need more tokens? Upgrade to Dev Tier today at https://console.groq.com/settings/billing', 'type': 'tokens', 'code': 'rate_limit_exceeded'}}
2026-04-27 19:29:19 | INFO | babydoc.app | Incoming query: 'how many eggs should a breastfeeding mother eat'
2026-04-27 19:29:19 | DEBUG | babydoc.app | Retrieval score: 0.775 | top results: 5
2026-04-27 19:29:19 | INFO | babydoc.app | Mode: data | Score: 0.775
2026-04-27 19:29:19 | ERROR | babydoc.app | Groq API error: Error code: 429 - {'error': {'message': 'Rate limit reached for model `llama-3.3-70b-versatile` in organization `org_01kpwhxcvrezbv6yqrgtat5fds` service tier `on_demand` on tokens per day (TPD): Limit 100000, Used 99991, Requested 1083. Please try again in 15m27.935999999s. Need more tokens? Upgrade to Dev Tier today at https://console.groq.com/settings/billing', 'type': 'tokens', 'code': 'rate_limit_exceeded'}}
2026-04-27 19:29:19 | ERROR | babydoc.app | Unhandled error in /chat: Error code: 429 - {'error': {'message': 'Rate limit reached for model `llama-3.3-70b-versatile` in organization `org_01kpwhxcvrezbv6yqrgtat5fds` service tier `on_demand` on tokens per day (TPD): Limit 100000, Used 99991, Requested 1083. Please try again in 15m27.935999999s. Need more tokens? Upgrade to Dev Tier today at https://console.groq.com/settings/billing', 'type': 'tokens', 'code': 'rate_limit_exceeded'}}
2026-04-27 19:29:22 | INFO | babydoc.app | Incoming query: 'diaper rash treatment'
2026-04-27 19:29:22 | DEBUG | babydoc.app | Retrieval score: 0.855 | top results: 5
2026-04-27 19:29:22 | INFO | babydoc.app | Mode: data | Score: 0.855
2026-04-27 19:29:22 | ERROR | babydoc.app | Groq API error: Error code: 429 - {'error': {'message': 'Rate limit reached for model `llama-3.3-70b-versatile` in organization `org_01kpwhxcvrezbv6yqrgtat5fds` service tier `on_demand` on tokens per day (TPD): Limit 100000, Used 99988, Requested 982. Please try again in 13m58.08s. Need more tokens? Upgrade to Dev Tier today at https://console.groq.com/settings/billing', 'type': 'tokens', 'code': 'rate_limit_exceeded'}}
2026-04-27 19:29:22 | ERROR | babydoc.app | Unhandled error in /chat: Error code: 429 - {'error': {'message': 'Rate limit reached for model `llama-3.3-70b-versatile` in organization `org_01kpwhxcvrezbv6yqrgtat5fds` service tier `on_demand` on tokens per day (TPD): Limit 100000, Used 99988, Requested 982. Please try again in 13m58.08s. Need more tokens? Upgrade to Dev Tier today at https://console.groq.com/settings/billing', 'type': 'tokens', 'code': 'rate_limit_exceeded'}}
2026-04-27 19:29:25 | INFO | babydoc.app | Incoming query: 'when does teething start in babies'
2026-04-27 19:29:25 | DEBUG | babydoc.app | Retrieval score: 0.970 | top results: 5
2026-04-27 19:29:25 | INFO | babydoc.app | Mode: data | Score: 0.970
2026-04-27 19:29:25 | ERROR | babydoc.app | Groq API error: Error code: 429 - {'error': {'message': 'Rate limit reached for model `llama-3.3-70b-versatile` in organization `org_01kpwhxcvrezbv6yqrgtat5fds` service tier `on_demand` on tokens per day (TPD): Limit 100000, Used 99984, Requested 969. Please try again in 13m43.392s. Need more tokens? Upgrade to Dev Tier today at https://console.groq.com/settings/billing', 'type': 'tokens', 'code': 'rate_limit_exceeded'}}
2026-04-27 19:29:25 | ERROR | babydoc.app | Unhandled error in /chat: Error code: 429 - {'error': {'message': 'Rate limit reached for model `llama-3.3-70b-versatile` in organization `org_01kpwhxcvrezbv6yqrgtat5fds` service tier `on_demand` on tokens per day (TPD): Limit 100000, Used 99984, Requested 969. Please try again in 13m43.392s. Need more tokens? Upgrade to Dev Tier today at https://console.groq.com/settings/billing', 'type': 'tokens', 'code': 'rate_limit_exceeded'}}
2026-04-27 19:29:27 | INFO | babydoc.app | Incoming query: 'postpartum depression mein kya karna chahiye'
2026-04-27 19:29:27 | DEBUG | babydoc.app | Retrieval score: 0.637 | top results: 5
2026-04-27 19:29:27 | INFO | babydoc.app | Mode: data | Score: 0.637
2026-04-27 19:29:28 | ERROR | babydoc.app | Groq API error: Error code: 429 - {'error': {'message': 'Rate limit reached for model `llama-3.3-70b-versatile` in organization `org_01kpwhxcvrezbv6yqrgtat5fds` service tier `on_demand` on tokens per day (TPD): Limit 100000, Used 99981, Requested 1018. Please try again in 14m23.136s. Need more tokens? Upgrade to Dev Tier today at https://console.groq.com/settings/billing', 'type': 'tokens', 'code': 'rate_limit_exceeded'}}
2026-04-27 19:29:28 | ERROR | babydoc.app | Unhandled error in /chat: Error code: 429 - {'error': {'message': 'Rate limit reached for model `llama-3.3-70b-versatile` in organization `org_01kpwhxcvrezbv6yqrgtat5fds` service tier `on_demand` on tokens per day (TPD): Limit 100000, Used 99981, Requested 1018. Please try again in 14m23.136s. Need more tokens? Upgrade to Dev Tier today at https://console.groq.com/settings/billing', 'type': 'tokens', 'code': 'rate_limit_exceeded'}}
2026-04-27 19:29:30 | INFO | babydoc.app | Incoming query: 'baby bottle accept nahi kar raha kya karein'
2026-04-27 19:29:30 | DEBUG | babydoc.app | Retrieval score: 0.684 | top results: 5
2026-04-27 19:29:30 | INFO | babydoc.app | Mode: data | Score: 0.684
2026-04-27 19:29:30 | ERROR | babydoc.app | Groq API error: Error code: 429 - {'error': {'message': 'Rate limit reached for model `llama-3.3-70b-versatile` in organization `org_01kpwhxcvrezbv6yqrgtat5fds` service tier `on_demand` on tokens per day (TPD): Limit 100000, Used 99978, Requested 1200. Please try again in 16m57.792s. Need more tokens? Upgrade to Dev Tier today at https://console.groq.com/settings/billing', 'type': 'tokens', 'code': 'rate_limit_exceeded'}}
2026-04-27 19:29:30 | ERROR | babydoc.app | Unhandled error in /chat: Error code: 429 - {'error': {'message': 'Rate limit reached for model `llama-3.3-70b-versatile` in organization `org_01kpwhxcvrezbv6yqrgtat5fds` service tier `on_demand` on tokens per day (TPD): Limit 100000, Used 99978, Requested 1200. Please try again in 16m57.792s. Need more tokens? Upgrade to Dev Tier today at https://console.groq.com/settings/billing', 'type': 'tokens', 'code': 'rate_limit_exceeded'}}
2026-04-27 19:29:33 | INFO | babydoc.app | Incoming query: 'when should I introduce cow milk'
2026-04-27 19:29:33 | DEBUG | babydoc.app | Retrieval score: 0.769 | top results: 5
2026-04-27 19:29:33 | INFO | babydoc.app | Mode: data | Score: 0.769
2026-04-27 19:29:33 | ERROR | babydoc.app | Groq API error: Error code: 429 - {'error': {'message': 'Rate limit reached for model `llama-3.3-70b-versatile` in organization `org_01kpwhxcvrezbv6yqrgtat5fds` service tier `on_demand` on tokens per day (TPD): Limit 100000, Used 99975, Requested 1029. Please try again in 14m27.456s. Need more tokens? Upgrade to Dev Tier today at https://console.groq.com/settings/billing', 'type': 'tokens', 'code': 'rate_limit_exceeded'}}
2026-04-27 19:29:33 | ERROR | babydoc.app | Unhandled error in /chat: Error code: 429 - {'error': {'message': 'Rate limit reached for model `llama-3.3-70b-versatile` in organization `org_01kpwhxcvrezbv6yqrgtat5fds` service tier `on_demand` on tokens per day (TPD): Limit 100000, Used 99975, Requested 1029. Please try again in 14m27.456s. Need more tokens? Upgrade to Dev Tier today at https://console.groq.com/settings/billing', 'type': 'tokens', 'code': 'rate_limit_exceeded'}}
2026-04-27 19:29:36 | INFO | babydoc.app | Incoming query: 'what supplements should breastfeeding mother take after c section'
2026-04-27 19:29:36 | DEBUG | babydoc.app | Retrieval score: 0.868 | top results: 5
2026-04-27 19:29:36 | INFO | babydoc.app | Mode: data | Score: 0.868
2026-04-27 19:29:36 | ERROR | babydoc.app | Groq API error: Error code: 429 - {'error': {'message': 'Rate limit reached for model `llama-3.3-70b-versatile` in organization `org_01kpwhxcvrezbv6yqrgtat5fds` service tier `on_demand` on tokens per day (TPD): Limit 100000, Used 99972, Requested 1003. Please try again in 14m2.4s. Need more tokens? Upgrade to Dev Tier today at https://console.groq.com/settings/billing', 'type': 'tokens', 'code': 'rate_limit_exceeded'}}
2026-04-27 19:29:36 | ERROR | babydoc.app | Unhandled error in /chat: Error code: 429 - {'error': {'message': 'Rate limit reached for model `llama-3.3-70b-versatile` in organization `org_01kpwhxcvrezbv6yqrgtat5fds` service tier `on_demand` on tokens per day (TPD): Limit 100000, Used 99972, Requested 1003. Please try again in 14m2.4s. Need more tokens? Upgrade to Dev Tier today at https://console.groq.com/settings/billing', 'type': 'tokens', 'code': 'rate_limit_exceeded'}}
2026-04-27 19:29:38 | INFO | babydoc.app | Incoming query: 'can I give dry fruits to 8 month old baby'
2026-04-27 19:29:38 | DEBUG | babydoc.app | Retrieval score: 0.844 | top results: 5
2026-04-27 19:29:38 | INFO | babydoc.app | Mode: data | Score: 0.844
2026-04-27 19:29:38 | ERROR | babydoc.app | Groq API error: Error code: 429 - {'error': {'message': 'Rate limit reached for model `llama-3.3-70b-versatile` in organization `org_01kpwhxcvrezbv6yqrgtat5fds` service tier `on_demand` on tokens per day (TPD): Limit 100000, Used 99969, Requested 1089. Please try again in 15m14.112s. Need more tokens? Upgrade to Dev Tier today at https://console.groq.com/settings/billing', 'type': 'tokens', 'code': 'rate_limit_exceeded'}}
2026-04-27 19:29:38 | ERROR | babydoc.app | Unhandled error in /chat: Error code: 429 - {'error': {'message': 'Rate limit reached for model `llama-3.3-70b-versatile` in organization `org_01kpwhxcvrezbv6yqrgtat5fds` service tier `on_demand` on tokens per day (TPD): Limit 100000, Used 99969, Requested 1089. Please try again in 15m14.112s. Need more tokens? Upgrade to Dev Tier today at https://console.groq.com/settings/billing', 'type': 'tokens', 'code': 'rate_limit_exceeded'}}
2026-04-27 19:29:41 | INFO | babydoc.app | Incoming query: 'breastfeeding se weight loss hoti hai kya'
2026-04-27 19:29:41 | DEBUG | babydoc.app | Retrieval score: 0.707 | top results: 5
2026-04-27 19:29:41 | INFO | babydoc.app | Mode: data | Score: 0.707
2026-04-27 19:29:41 | ERROR | babydoc.app | Groq API error: Error code: 429 - {'error': {'message': 'Rate limit reached for model `llama-3.3-70b-versatile` in organization `org_01kpwhxcvrezbv6yqrgtat5fds` service tier `on_demand` on tokens per day (TPD): Limit 100000, Used 99966, Requested 973. Please try again in 13m31.296s. Need more tokens? Upgrade to Dev Tier today at https://console.groq.com/settings/billing', 'type': 'tokens', 'code': 'rate_limit_exceeded'}}
2026-04-27 19:29:41 | ERROR | babydoc.app | Unhandled error in /chat: Error code: 429 - {'error': {'message': 'Rate limit reached for model `llama-3.3-70b-versatile` in organization `org_01kpwhxcvrezbv6yqrgtat5fds` service tier `on_demand` on tokens per day (TPD): Limit 100000, Used 99966, Requested 973. Please try again in 13m31.296s. Need more tokens? Upgrade to Dev Tier today at https://console.groq.com/settings/billing', 'type': 'tokens', 'code': 'rate_limit_exceeded'}}
2026-04-27 19:29:44 | INFO | babydoc.app | Incoming query: 'baby ki dry skin pe kya lagayein'
2026-04-27 19:29:44 | DEBUG | babydoc.app | Retrieval score: 0.653 | top results: 5
2026-04-27 19:29:44 | INFO | babydoc.app | Mode: data | Score: 0.653
2026-04-27 19:29:44 | ERROR | babydoc.app | Groq API error: Error code: 429 - {'error': {'message': 'Rate limit reached for model `llama-3.3-70b-versatile` in organization `org_01kpwhxcvrezbv6yqrgtat5fds` service tier `on_demand` on tokens per day (TPD): Limit 100000, Used 99962, Requested 1042. Please try again in 14m27.456s. Need more tokens? Upgrade to Dev Tier today at https://console.groq.com/settings/billing', 'type': 'tokens', 'code': 'rate_limit_exceeded'}}
2026-04-27 19:29:44 | ERROR | babydoc.app | Unhandled error in /chat: Error code: 429 - {'error': {'message': 'Rate limit reached for model `llama-3.3-70b-versatile` in organization `org_01kpwhxcvrezbv6yqrgtat5fds` service tier `on_demand` on tokens per day (TPD): Limit 100000, Used 99962, Requested 1042. Please try again in 14m27.456s. Need more tokens? Upgrade to Dev Tier today at https://console.groq.com/settings/billing', 'type': 'tokens', 'code': 'rate_limit_exceeded'}}
2026-04-27 19:29:47 | INFO | babydoc.app | Incoming query: 'nasal congestion mein kya karein'
2026-04-27 19:29:47 | DEBUG | babydoc.app | Retrieval score: 0.604 | top results: 5
2026-04-27 19:29:47 | INFO | babydoc.app | Mode: data | Score: 0.604
2026-04-27 19:29:47 | ERROR | babydoc.app | Groq API error: Error code: 429 - {'error': {'message': 'Rate limit reached for model `llama-3.3-70b-versatile` in organization `org_01kpwhxcvrezbv6yqrgtat5fds` service tier `on_demand` on tokens per day (TPD): Limit 100000, Used 99959, Requested 1107. Please try again in 15m21.023999999s. Need more tokens? Upgrade to Dev Tier today at https://console.groq.com/settings/billing', 'type': 'tokens', 'code': 'rate_limit_exceeded'}}
2026-04-27 19:29:47 | ERROR | babydoc.app | Unhandled error in /chat: Error code: 429 - {'error': {'message': 'Rate limit reached for model `llama-3.3-70b-versatile` in organization `org_01kpwhxcvrezbv6yqrgtat5fds` service tier `on_demand` on tokens per day (TPD): Limit 100000, Used 99959, Requested 1107. Please try again in 15m21.023999999s. Need more tokens? Upgrade to Dev Tier today at https://console.groq.com/settings/billing', 'type': 'tokens', 'code': 'rate_limit_exceeded'}}
2026-04-27 19:29:49 | INFO | babydoc.app | Incoming query: 'kitne ghante tak doodh bahar rakh sakte hain'
2026-04-27 19:29:49 | DEBUG | babydoc.app | Retrieval score: 0.801 | top results: 5
2026-04-27 19:29:49 | INFO | babydoc.app | Mode: data | Score: 0.801
2026-04-27 19:29:49 | ERROR | babydoc.app | Groq API error: Error code: 429 - {'error': {'message': 'Rate limit reached for model `llama-3.3-70b-versatile` in organization `org_01kpwhxcvrezbv6yqrgtat5fds` service tier `on_demand` on tokens per day (TPD): Limit 100000, Used 99956, Requested 967. Please try again in 13m17.472s. Need more tokens? Upgrade to Dev Tier today at https://console.groq.com/settings/billing', 'type': 'tokens', 'code': 'rate_limit_exceeded'}}
2026-04-27 19:29:49 | ERROR | babydoc.app | Unhandled error in /chat: Error code: 429 - {'error': {'message': 'Rate limit reached for model `llama-3.3-70b-versatile` in organization `org_01kpwhxcvrezbv6yqrgtat5fds` service tier `on_demand` on tokens per day (TPD): Limit 100000, Used 99956, Requested 967. Please try again in 13m17.472s. Need more tokens? Upgrade to Dev Tier today at https://console.groq.com/settings/billing', 'type': 'tokens', 'code': 'rate_limit_exceeded'}}
2026-04-27 19:29:52 | INFO | babydoc.app | Incoming query: 'breast mein doodh kam aa raha hai kaise badhayein'
2026-04-27 19:29:52 | DEBUG | babydoc.app | Retrieval score: 0.833 | top results: 5
2026-04-27 19:29:52 | INFO | babydoc.app | Mode: data | Score: 0.833
2026-04-27 19:29:52 | ERROR | babydoc.app | Groq API error: Error code: 429 - {'error': {'message': 'Rate limit reached for model `llama-3.3-70b-versatile` in organization `org_01kpwhxcvrezbv6yqrgtat5fds` service tier `on_demand` on tokens per day (TPD): Limit 100000, Used 99953, Requested 1013. Please try again in 13m54.624s. Need more tokens? Upgrade to Dev Tier today at https://console.groq.com/settings/billing', 'type': 'tokens', 'code': 'rate_limit_exceeded'}}
2026-04-27 19:29:52 | ERROR | babydoc.app | Unhandled error in /chat: Error code: 429 - {'error': {'message': 'Rate limit reached for model `llama-3.3-70b-versatile` in organization `org_01kpwhxcvrezbv6yqrgtat5fds` service tier `on_demand` on tokens per day (TPD): Limit 100000, Used 99953, Requested 1013. Please try again in 13m54.624s. Need more tokens? Upgrade to Dev Tier today at https://console.groq.com/settings/billing', 'type': 'tokens', 'code': 'rate_limit_exceeded'}}
2026-04-27 19:29:55 | INFO | babydoc.app | Incoming query: 'baby ka temperature high hai kya dena chahiye'
2026-04-27 19:29:55 | DEBUG | babydoc.app | Retrieval score: 0.735 | top results: 5
2026-04-27 19:29:55 | INFO | babydoc.app | Mode: data | Score: 0.735
2026-04-27 19:29:55 | ERROR | babydoc.app | Groq API error: Error code: 429 - {'error': {'message': 'Rate limit reached for model `llama-3.3-70b-versatile` in organization `org_01kpwhxcvrezbv6yqrgtat5fds` service tier `on_demand` on tokens per day (TPD): Limit 100000, Used 99950, Requested 961. Please try again in 13m7.104s. Need more tokens? Upgrade to Dev Tier today at https://console.groq.com/settings/billing', 'type': 'tokens', 'code': 'rate_limit_exceeded'}}
2026-04-27 19:29:55 | ERROR | babydoc.app | Unhandled error in /chat: Error code: 429 - {'error': {'message': 'Rate limit reached for model `llama-3.3-70b-versatile` in organization `org_01kpwhxcvrezbv6yqrgtat5fds` service tier `on_demand` on tokens per day (TPD): Limit 100000, Used 99950, Requested 961. Please try again in 13m7.104s. Need more tokens? Upgrade to Dev Tier today at https://console.groq.com/settings/billing', 'type': 'tokens', 'code': 'rate_limit_exceeded'}}
2026-04-27 19:29:58 | INFO | babydoc.app | Incoming query: 'infant is not passing stool for 3 days'
2026-04-27 19:29:58 | DEBUG | babydoc.app | Retrieval score: 0.768 | top results: 5
2026-04-27 19:29:58 | INFO | babydoc.app | Mode: data | Score: 0.768
2026-04-27 19:29:58 | ERROR | babydoc.app | Groq API error: Error code: 429 - {'error': {'message': 'Rate limit reached for model `llama-3.3-70b-versatile` in organization `org_01kpwhxcvrezbv6yqrgtat5fds` service tier `on_demand` on tokens per day (TPD): Limit 100000, Used 99947, Requested 1108. Please try again in 15m11.52s. Need more tokens? Upgrade to Dev Tier today at https://console.groq.com/settings/billing', 'type': 'tokens', 'code': 'rate_limit_exceeded'}}
2026-04-27 19:29:58 | ERROR | babydoc.app | Unhandled error in /chat: Error code: 429 - {'error': {'message': 'Rate limit reached for model `llama-3.3-70b-versatile` in organization `org_01kpwhxcvrezbv6yqrgtat5fds` service tier `on_demand` on tokens per day (TPD): Limit 100000, Used 99947, Requested 1108. Please try again in 15m11.52s. Need more tokens? Upgrade to Dev Tier today at https://console.groq.com/settings/billing', 'type': 'tokens', 'code': 'rate_limit_exceeded'}}
2026-04-27 19:30:00 | INFO | babydoc.app | Incoming query: 'can I give ragi to my 6 month old baby'
2026-04-27 19:30:00 | DEBUG | babydoc.app | Retrieval score: 0.918 | top results: 5
2026-04-27 19:30:00 | INFO | babydoc.app | Mode: data | Score: 0.918
2026-04-27 19:30:00 | ERROR | babydoc.app | Groq API error: Error code: 429 - {'error': {'message': 'Rate limit reached for model `llama-3.3-70b-versatile` in organization `org_01kpwhxcvrezbv6yqrgtat5fds` service tier `on_demand` on tokens per day (TPD): Limit 100000, Used 99943, Requested 933. Please try again in 12m36.864s. Need more tokens? Upgrade to Dev Tier today at https://console.groq.com/settings/billing', 'type': 'tokens', 'code': 'rate_limit_exceeded'}}
2026-04-27 19:30:00 | ERROR | babydoc.app | Unhandled error in /chat: Error code: 429 - {'error': {'message': 'Rate limit reached for model `llama-3.3-70b-versatile` in organization `org_01kpwhxcvrezbv6yqrgtat5fds` service tier `on_demand` on tokens per day (TPD): Limit 100000, Used 99943, Requested 933. Please try again in 12m36.864s. Need more tokens? Upgrade to Dev Tier today at https://console.groq.com/settings/billing', 'type': 'tokens', 'code': 'rate_limit_exceeded'}}
2026-04-27 19:30:03 | INFO | babydoc.app | Incoming query: 'how much water should I give to a 7 month old baby'
2026-04-27 19:30:03 | DEBUG | babydoc.app | Retrieval score: 0.943 | top results: 5
2026-04-27 19:30:03 | INFO | babydoc.app | Mode: data | Score: 0.943
2026-04-27 19:30:03 | ERROR | babydoc.app | Groq API error: Error code: 429 - {'error': {'message': 'Rate limit reached for model `llama-3.3-70b-versatile` in organization `org_01kpwhxcvrezbv6yqrgtat5fds` service tier `on_demand` on tokens per day (TPD): Limit 100000, Used 99940, Requested 959. Please try again in 12m56.736s. Need more tokens? Upgrade to Dev Tier today at https://console.groq.com/settings/billing', 'type': 'tokens', 'code': 'rate_limit_exceeded'}}
2026-04-27 19:30:03 | ERROR | babydoc.app | Unhandled error in /chat: Error code: 429 - {'error': {'message': 'Rate limit reached for model `llama-3.3-70b-versatile` in organization `org_01kpwhxcvrezbv6yqrgtat5fds` service tier `on_demand` on tokens per day (TPD): Limit 100000, Used 99940, Requested 959. Please try again in 12m56.736s. Need more tokens? Upgrade to Dev Tier today at https://console.groq.com/settings/billing', 'type': 'tokens', 'code': 'rate_limit_exceeded'}}
2026-04-27 19:30:06 | INFO | babydoc.app | Incoming query: 'baby ko colic hai kya karein'
2026-04-27 19:30:06 | DEBUG | babydoc.app | Retrieval score: 0.836 | top results: 5
2026-04-27 19:30:06 | INFO | babydoc.app | Mode: data | Score: 0.836
2026-04-27 19:30:06 | ERROR | babydoc.app | Groq API error: Error code: 429 - {'error': {'message': 'Rate limit reached for model `llama-3.3-70b-versatile` in organization `org_01kpwhxcvrezbv6yqrgtat5fds` service tier `on_demand` on tokens per day (TPD): Limit 100000, Used 99937, Requested 1049. Please try again in 14m11.904s. Need more tokens? Upgrade to Dev Tier today at https://console.groq.com/settings/billing', 'type': 'tokens', 'code': 'rate_limit_exceeded'}}
2026-04-27 19:30:06 | ERROR | babydoc.app | Unhandled error in /chat: Error code: 429 - {'error': {'message': 'Rate limit reached for model `llama-3.3-70b-versatile` in organization `org_01kpwhxcvrezbv6yqrgtat5fds` service tier `on_demand` on tokens per day (TPD): Limit 100000, Used 99937, Requested 1049. Please try again in 14m11.904s. Need more tokens? Upgrade to Dev Tier today at https://console.groq.com/settings/billing', 'type': 'tokens', 'code': 'rate_limit_exceeded'}}
2026-04-27 19:30:08 | INFO | babydoc.app | Incoming query: 'baby 1 year 10 kg fever 101 F'
2026-04-27 19:30:08 | DEBUG | babydoc.app | Retrieval score: 0.741 | top results: 5
2026-04-27 19:30:08 | INFO | babydoc.app | Mode: data | Score: 0.741
2026-04-27 19:30:09 | ERROR | babydoc.app | Groq API error: Error code: 429 - {'error': {'message': 'Rate limit reached for model `llama-3.3-70b-versatile` in organization `org_01kpwhxcvrezbv6yqrgtat5fds` service tier `on_demand` on tokens per day (TPD): Limit 100000, Used 99934, Requested 930. Please try again in 12m26.496s. Need more tokens? Upgrade to Dev Tier today at https://console.groq.com/settings/billing', 'type': 'tokens', 'code': 'rate_limit_exceeded'}}
2026-04-27 19:30:09 | ERROR | babydoc.app | Unhandled error in /chat: Error code: 429 - {'error': {'message': 'Rate limit reached for model `llama-3.3-70b-versatile` in organization `org_01kpwhxcvrezbv6yqrgtat5fds` service tier `on_demand` on tokens per day (TPD): Limit 100000, Used 99934, Requested 930. Please try again in 12m26.496s. Need more tokens? Upgrade to Dev Tier today at https://console.groq.com/settings/billing', 'type': 'tokens', 'code': 'rate_limit_exceeded'}}
2026-04-27 19:30:11 | INFO | babydoc.app | Incoming query: 'baby 8 months 8 kg fever 100 F'
2026-04-27 19:30:11 | DEBUG | babydoc.app | Retrieval score: 0.733 | top results: 5
2026-04-27 19:30:11 | INFO | babydoc.app | Mode: data | Score: 0.733
2026-04-27 19:30:11 | ERROR | babydoc.app | Groq API error: Error code: 429 - {'error': {'message': 'Rate limit reached for model `llama-3.3-70b-versatile` in organization `org_01kpwhxcvrezbv6yqrgtat5fds` service tier `on_demand` on tokens per day (TPD): Limit 100000, Used 99931, Requested 1056. Please try again in 14m12.768s. Need more tokens? Upgrade to Dev Tier today at https://console.groq.com/settings/billing', 'type': 'tokens', 'code': 'rate_limit_exceeded'}}
2026-04-27 19:30:11 | ERROR | babydoc.app | Unhandled error in /chat: Error code: 429 - {'error': {'message': 'Rate limit reached for model `llama-3.3-70b-versatile` in organization `org_01kpwhxcvrezbv6yqrgtat5fds` service tier `on_demand` on tokens per day (TPD): Limit 100000, Used 99931, Requested 1056. Please try again in 14m12.768s. Need more tokens? Upgrade to Dev Tier today at https://console.groq.com/settings/billing', 'type': 'tokens', 'code': 'rate_limit_exceeded'}}
2026-04-27 19:30:14 | INFO | babydoc.app | Incoming query: 'baby has fever'
2026-04-27 19:30:14 | DEBUG | babydoc.app | Retrieval score: 0.876 | top results: 5
2026-04-27 19:30:14 | INFO | babydoc.app | Mode: data | Score: 0.876
2026-04-27 19:30:14 | ERROR | babydoc.app | Groq API error: Error code: 429 - {'error': {'message': 'Rate limit reached for model `llama-3.3-70b-versatile` in organization `org_01kpwhxcvrezbv6yqrgtat5fds` service tier `on_demand` on tokens per day (TPD): Limit 100000, Used 99928, Requested 948. Please try again in 12m36.864s. Need more tokens? Upgrade to Dev Tier today at https://console.groq.com/settings/billing', 'type': 'tokens', 'code': 'rate_limit_exceeded'}}
2026-04-27 19:30:14 | ERROR | babydoc.app | Unhandled error in /chat: Error code: 429 - {'error': {'message': 'Rate limit reached for model `llama-3.3-70b-versatile` in organization `org_01kpwhxcvrezbv6yqrgtat5fds` service tier `on_demand` on tokens per day (TPD): Limit 100000, Used 99928, Requested 948. Please try again in 12m36.864s. Need more tokens? Upgrade to Dev Tier today at https://console.groq.com/settings/billing', 'type': 'tokens', 'code': 'rate_limit_exceeded'}}
2026-04-27 19:30:17 | INFO | babydoc.app | Incoming query: 'my 2 month old baby has fever'
2026-04-27 19:30:17 | WARNING | babydoc.app | Safety triggered for query: 'my 2 month old baby has fever'
2026-04-27 19:30:19 | INFO | babydoc.app | Incoming query: 'baby not breathing properly'
2026-04-27 19:30:19 | WARNING | babydoc.app | Safety triggered for query: 'baby not breathing properly'
2026-04-28 10:16:23 | INFO | babydoc.app | Incoming query: 'how long breast milk can be stored'
2026-04-28 10:16:23 | DEBUG | babydoc.app | Retrieval score: 0.919 | top results: 5
2026-04-28 10:16:23 | INFO | babydoc.app | Mode: data | Score: 0.919
2026-04-28 10:16:24 | INFO | babydoc.app | Response time: 1148ms
2026-04-28 10:16:27 | INFO | babydoc.app | Incoming query: 'my milk supply is low how to increase'
2026-04-28 10:16:27 | DEBUG | babydoc.app | Retrieval score: 0.968 | top results: 5
2026-04-28 10:16:27 | INFO | babydoc.app | Mode: data | Score: 0.968
2026-04-28 10:16:28 | INFO | babydoc.app | Response time: 468ms
2026-04-28 10:16:31 | INFO | babydoc.app | Incoming query: 'my baby is not latching what can I do'
2026-04-28 10:16:31 | DEBUG | babydoc.app | Retrieval score: 0.778 | top results: 5
2026-04-28 10:16:31 | INFO | babydoc.app | Mode: data | Score: 0.778
2026-04-28 10:16:31 | INFO | babydoc.app | Response time: 497ms
2026-04-28 10:16:34 | INFO | babydoc.app | Incoming query: 'I have breastfeeding problem my nipples got cracked and it hurts'
2026-04-28 10:16:34 | DEBUG | babydoc.app | Retrieval score: 0.930 | top results: 5
2026-04-28 10:16:34 | INFO | babydoc.app | Mode: data | Score: 0.930
2026-04-28 10:16:35 | INFO | babydoc.app | Response time: 533ms
2026-04-28 10:16:38 | INFO | babydoc.app | Incoming query: 'how to clear blocked milk ducts'
2026-04-28 10:16:38 | DEBUG | babydoc.app | Retrieval score: 0.865 | top results: 5
2026-04-28 10:16:38 | INFO | babydoc.app | Mode: data | Score: 0.865
2026-04-28 10:16:38 | INFO | babydoc.app | Response time: 472ms
2026-04-28 10:16:41 | INFO | babydoc.app | Incoming query: 'baby has fever what to give'
2026-04-28 10:16:41 | DEBUG | babydoc.app | Retrieval score: 0.838 | top results: 5
2026-04-28 10:16:41 | INFO | babydoc.app | Mode: data | Score: 0.838
2026-04-28 10:16:42 | INFO | babydoc.app | Response time: 474ms
2026-04-28 10:16:45 | INFO | babydoc.app | Incoming query: 'my baby is constipated what to do'
2026-04-28 10:16:45 | DEBUG | babydoc.app | Retrieval score: 0.888 | top results: 5
2026-04-28 10:16:45 | INFO | babydoc.app | Mode: data | Score: 0.888
2026-04-28 10:16:45 | INFO | babydoc.app | Response time: 456ms
2026-04-28 10:16:48 | INFO | babydoc.app | Incoming query: 'my baby has loose motions what to do'
2026-04-28 10:16:48 | DEBUG | babydoc.app | Retrieval score: 0.775 | top results: 5
2026-04-28 10:16:48 | INFO | babydoc.app | Mode: data | Score: 0.775
2026-04-28 10:16:48 | INFO | babydoc.app | Response time: 531ms
2026-04-28 10:16:51 | INFO | babydoc.app | Incoming query: 'when can I start solids for my baby'
2026-04-28 10:16:51 | DEBUG | babydoc.app | Retrieval score: 0.620 | top results: 5
2026-04-28 10:16:51 | INFO | babydoc.app | Mode: data | Score: 0.620
2026-04-28 10:16:52 | INFO | babydoc.app | Response time: 501ms
2026-04-28 10:16:55 | INFO | babydoc.app | Incoming query: 'how many eggs should a breastfeeding mother eat'
2026-04-28 10:16:55 | DEBUG | babydoc.app | Retrieval score: 0.775 | top results: 5
2026-04-28 10:16:55 | INFO | babydoc.app | Mode: data | Score: 0.775
2026-04-28 10:16:55 | INFO | babydoc.app | Response time: 393ms
2026-04-28 10:16:58 | INFO | babydoc.app | Incoming query: 'diaper rash treatment'
2026-04-28 10:16:58 | DEBUG | babydoc.app | Retrieval score: 0.855 | top results: 5
2026-04-28 10:16:58 | INFO | babydoc.app | Mode: data | Score: 0.855
2026-04-28 10:16:59 | INFO | babydoc.app | Response time: 347ms
2026-04-28 10:17:02 | INFO | babydoc.app | Incoming query: 'when does teething start in babies'
2026-04-28 10:17:02 | DEBUG | babydoc.app | Retrieval score: 0.970 | top results: 5
2026-04-28 10:17:02 | INFO | babydoc.app | Mode: data | Score: 0.970
2026-04-28 10:17:02 | INFO | babydoc.app | Response time: 485ms
2026-04-28 10:17:05 | INFO | babydoc.app | Incoming query: 'postpartum depression mein kya karna chahiye'
2026-04-28 10:17:05 | DEBUG | babydoc.app | Retrieval score: 0.637 | top results: 5
2026-04-28 10:17:05 | INFO | babydoc.app | Mode: data | Score: 0.637
2026-04-28 10:17:06 | INFO | babydoc.app | Response time: 768ms
2026-04-28 10:17:09 | INFO | babydoc.app | Incoming query: 'baby bottle accept nahi kar raha kya karein'
2026-04-28 10:17:09 | DEBUG | babydoc.app | Retrieval score: 0.684 | top results: 5
2026-04-28 10:17:09 | INFO | babydoc.app | Mode: data | Score: 0.684
2026-04-28 10:17:10 | INFO | babydoc.app | Response time: 850ms
2026-04-28 10:17:13 | INFO | babydoc.app | Incoming query: 'when should I introduce cow milk'
2026-04-28 10:17:13 | DEBUG | babydoc.app | Retrieval score: 0.769 | top results: 5
2026-04-28 10:17:13 | INFO | babydoc.app | Mode: data | Score: 0.769
2026-04-28 10:17:15 | INFO | babydoc.app | Response time: 2394ms
2026-04-28 10:17:20 | INFO | babydoc.app | Incoming query: 'what supplements should breastfeeding mother take after c section'
2026-04-28 10:17:20 | DEBUG | babydoc.app | Retrieval score: 0.868 | top results: 5
2026-04-28 10:17:20 | INFO | babydoc.app | Mode: data | Score: 0.868
2026-04-28 10:17:23 | INFO | babydoc.app | Response time: 2763ms
2026-04-28 10:17:28 | INFO | babydoc.app | Incoming query: 'can I give dry fruits to 8 month old baby'
2026-04-28 10:17:28 | DEBUG | babydoc.app | Retrieval score: 0.844 | top results: 5
2026-04-28 10:17:28 | INFO | babydoc.app | Mode: data | Score: 0.844
2026-04-28 10:17:30 | INFO | babydoc.app | Response time: 2602ms
2026-04-28 10:17:34 | INFO | babydoc.app | Incoming query: 'breastfeeding se weight loss hoti hai kya'
2026-04-28 10:17:34 | DEBUG | babydoc.app | Retrieval score: 0.707 | top results: 5
2026-04-28 10:17:34 | INFO | babydoc.app | Mode: data | Score: 0.707
2026-04-28 10:17:37 | INFO | babydoc.app | Response time: 2921ms
2026-04-28 10:17:42 | INFO | babydoc.app | Incoming query: 'baby ki dry skin pe kya lagayein'
2026-04-28 10:17:42 | DEBUG | babydoc.app | Retrieval score: 0.653 | top results: 5
2026-04-28 10:17:42 | INFO | babydoc.app | Mode: data | Score: 0.653
2026-04-28 10:17:45 | INFO | babydoc.app | Response time: 2830ms
2026-04-28 10:17:50 | INFO | babydoc.app | Incoming query: 'nasal congestion mein kya karein'
2026-04-28 10:17:50 | DEBUG | babydoc.app | Retrieval score: 0.604 | top results: 5
2026-04-28 10:17:50 | INFO | babydoc.app | Mode: data | Score: 0.604
2026-04-28 10:17:52 | INFO | babydoc.app | Response time: 1712ms
2026-04-28 10:17:57 | INFO | babydoc.app | Incoming query: 'kitne ghante tak doodh bahar rakh sakte hain'
2026-04-28 10:17:57 | DEBUG | babydoc.app | Retrieval score: 0.801 | top results: 5
2026-04-28 10:17:57 | INFO | babydoc.app | Mode: data | Score: 0.801
2026-04-28 10:18:00 | INFO | babydoc.app | Response time: 2927ms
2026-04-28 10:18:05 | INFO | babydoc.app | Incoming query: 'breast mein doodh kam aa raha hai kaise badhayein'
2026-04-28 10:18:05 | DEBUG | babydoc.app | Retrieval score: 0.833 | top results: 5
2026-04-28 10:18:05 | INFO | babydoc.app | Mode: data | Score: 0.833
2026-04-28 10:18:08 | INFO | babydoc.app | Response time: 2962ms
2026-04-28 10:18:13 | INFO | babydoc.app | Incoming query: 'baby ka temperature high hai kya dena chahiye'
2026-04-28 10:18:13 | DEBUG | babydoc.app | Retrieval score: 0.735 | top results: 5
2026-04-28 10:18:13 | INFO | babydoc.app | Mode: data | Score: 0.735
2026-04-28 10:18:15 | INFO | babydoc.app | Response time: 2611ms
2026-04-28 10:18:20 | INFO | babydoc.app | Incoming query: 'infant is not passing stool for 3 days'
2026-04-28 10:18:20 | DEBUG | babydoc.app | Retrieval score: 0.768 | top results: 5
2026-04-28 10:18:20 | INFO | babydoc.app | Mode: data | Score: 0.768
2026-04-28 10:18:22 | INFO | babydoc.app | Response time: 2425ms
2026-04-28 10:18:27 | INFO | babydoc.app | Incoming query: 'can I give ragi to my 6 month old baby'
2026-04-28 10:18:27 | DEBUG | babydoc.app | Retrieval score: 0.918 | top results: 5
2026-04-28 10:18:27 | INFO | babydoc.app | Mode: data | Score: 0.918
2026-04-28 10:18:29 | INFO | babydoc.app | Response time: 1695ms
2026-04-28 10:18:34 | INFO | babydoc.app | Incoming query: 'how much water should I give to a 7 month old baby'
2026-04-28 10:18:34 | DEBUG | babydoc.app | Retrieval score: 0.943 | top results: 5
2026-04-28 10:18:34 | INFO | babydoc.app | Mode: data | Score: 0.943
2026-04-28 10:18:37 | INFO | babydoc.app | Response time: 2369ms
2026-04-28 10:18:41 | INFO | babydoc.app | Incoming query: 'baby ko colic hai kya karein'
2026-04-28 10:18:42 | DEBUG | babydoc.app | Retrieval score: 0.836 | top results: 5
2026-04-28 10:18:42 | INFO | babydoc.app | Mode: data | Score: 0.836
2026-04-28 10:18:43 | INFO | babydoc.app | Response time: 2002ms
2026-04-28 10:18:49 | INFO | babydoc.app | Incoming query: 'baby 1 year 10 kg fever 101 F'
2026-04-28 10:18:50 | DEBUG | babydoc.app | Retrieval score: 0.741 | top results: 5
2026-04-28 10:18:50 | INFO | babydoc.app | Mode: data | Score: 0.741
2026-04-28 10:18:57 | INFO | babydoc.app | Response time: 7561ms
2026-04-28 10:19:00 | INFO | babydoc.app | Incoming query: 'baby 8 months 8 kg fever 100 F'
2026-04-28 10:19:00 | DEBUG | babydoc.app | Retrieval score: 0.733 | top results: 5
2026-04-28 10:19:00 | INFO | babydoc.app | Mode: data | Score: 0.733
2026-04-28 10:19:07 | INFO | babydoc.app | Response time: 6723ms
2026-04-28 10:19:10 | INFO | babydoc.app | Incoming query: 'baby has fever'
2026-04-28 10:19:10 | DEBUG | babydoc.app | Retrieval score: 0.876 | top results: 5
2026-04-28 10:19:10 | INFO | babydoc.app | Mode: data | Score: 0.876
2026-04-28 10:19:10 | INFO | babydoc.app | Response time: 458ms
2026-04-28 10:19:13 | INFO | babydoc.app | Incoming query: 'my 2 month old baby has fever'
2026-04-28 10:19:13 | WARNING | babydoc.app | Safety triggered for query: 'my 2 month old baby has fever'
2026-04-28 10:19:16 | INFO | babydoc.app | Incoming query: 'baby not breathing properly'
2026-04-28 10:19:16 | WARNING | babydoc.app | Safety triggered for query: 'baby not breathing properly'
2026-04-28 10:25:24 | INFO | babydoc.app | Incoming query: 'how long breast milk can be stored'
2026-04-28 10:25:24 | DEBUG | babydoc.app | Retrieval score: 0.919 | top results: 5
2026-04-28 10:25:24 | INFO | babydoc.app | Mode: data | Score: 0.919
2026-04-28 10:25:34 | INFO | babydoc.app | Response time: 10699ms
2026-04-28 10:25:41 | INFO | babydoc.app | Incoming query: 'my milk supply is low how to increase'
2026-04-28 10:25:41 | DEBUG | babydoc.app | Retrieval score: 0.968 | top results: 5
2026-04-28 10:25:41 | INFO | babydoc.app | Mode: data | Score: 0.968
2026-04-28 10:25:43 | INFO | babydoc.app | Response time: 2848ms
2026-04-28 10:25:48 | INFO | babydoc.app | Incoming query: 'my baby is not latching what can I do'
2026-04-28 10:25:48 | DEBUG | babydoc.app | Retrieval score: 0.778 | top results: 5
2026-04-28 10:25:48 | INFO | babydoc.app | Mode: data | Score: 0.778
2026-04-28 10:25:49 | INFO | babydoc.app | Response time: 715ms
2026-04-28 10:25:51 | INFO | babydoc.app | Incoming query: 'I have breastfeeding problem my nipples got cracked and it hurts'
2026-04-28 10:25:52 | DEBUG | babydoc.app | Retrieval score: 0.930 | top results: 5
2026-04-28 10:25:52 | INFO | babydoc.app | Mode: data | Score: 0.930
2026-04-28 10:25:52 | INFO | babydoc.app | Response time: 517ms
2026-04-28 10:25:55 | INFO | babydoc.app | Incoming query: 'how to clear blocked milk ducts'
2026-04-28 10:25:55 | DEBUG | babydoc.app | Retrieval score: 0.865 | top results: 5
2026-04-28 10:25:55 | INFO | babydoc.app | Mode: data | Score: 0.865
2026-04-28 10:25:55 | INFO | babydoc.app | Response time: 479ms
2026-04-28 10:25:59 | INFO | babydoc.app | Incoming query: 'baby has fever what to give'
2026-04-28 10:25:59 | DEBUG | babydoc.app | Retrieval score: 0.838 | top results: 5
2026-04-28 10:25:59 | INFO | babydoc.app | Mode: data | Score: 0.838
2026-04-28 10:26:00 | INFO | babydoc.app | Response time: 725ms
2026-04-28 10:26:03 | INFO | babydoc.app | Incoming query: 'my baby is constipated what to do'
2026-04-28 10:26:03 | DEBUG | babydoc.app | Retrieval score: 0.888 | top results: 5
2026-04-28 10:26:03 | INFO | babydoc.app | Mode: data | Score: 0.888
2026-04-28 10:26:04 | INFO | babydoc.app | Response time: 806ms
2026-04-28 10:26:07 | INFO | babydoc.app | Incoming query: 'my baby has loose motions what to do'
2026-04-28 10:26:07 | DEBUG | babydoc.app | Retrieval score: 0.775 | top results: 5
2026-04-28 10:26:07 | INFO | babydoc.app | Mode: data | Score: 0.775
2026-04-28 10:26:08 | INFO | babydoc.app | Response time: 721ms
2026-04-28 10:26:11 | INFO | babydoc.app | Incoming query: 'when can I start solids for my baby'
2026-04-28 10:26:11 | DEBUG | babydoc.app | Retrieval score: 0.620 | top results: 5
2026-04-28 10:26:11 | INFO | babydoc.app | Mode: data | Score: 0.620
2026-04-28 10:26:11 | INFO | babydoc.app | Response time: 730ms
2026-04-28 10:26:14 | INFO | babydoc.app | Incoming query: 'how many eggs should a breastfeeding mother eat'
2026-04-28 10:26:15 | DEBUG | babydoc.app | Retrieval score: 0.775 | top results: 5
2026-04-28 10:26:15 | INFO | babydoc.app | Mode: data | Score: 0.775
2026-04-28 10:26:15 | ERROR | babydoc.app | Groq API error: Error code: 429 - {'error': {'message': 'Rate limit reached for model `llama-3.3-70b-versatile` in organization `org_01kpwhxcvrezbv6yqrgtat5fds` service tier `on_demand` on tokens per day (TPD): Limit 100000, Used 99603, Requested 1064. Please try again in 9m36.288s. Need more tokens? Upgrade to Dev Tier today at https://console.groq.com/settings/billing', 'type': 'tokens', 'code': 'rate_limit_exceeded'}}
2026-04-28 10:26:15 | ERROR | babydoc.app | Unhandled error in /chat: Error code: 429 - {'error': {'message': 'Rate limit reached for model `llama-3.3-70b-versatile` in organization `org_01kpwhxcvrezbv6yqrgtat5fds` service tier `on_demand` on tokens per day (TPD): Limit 100000, Used 99603, Requested 1064. Please try again in 9m36.288s. Need more tokens? Upgrade to Dev Tier today at https://console.groq.com/settings/billing', 'type': 'tokens', 'code': 'rate_limit_exceeded'}}
2026-04-28 10:26:17 | INFO | babydoc.app | Incoming query: 'diaper rash treatment'
2026-04-28 10:26:17 | DEBUG | babydoc.app | Retrieval score: 0.855 | top results: 5
2026-04-28 10:26:17 | INFO | babydoc.app | Mode: data | Score: 0.855
2026-04-28 10:26:18 | ERROR | babydoc.app | Groq API error: Error code: 429 - {'error': {'message': 'Rate limit reached for model `llama-3.3-70b-versatile` in organization `org_01kpwhxcvrezbv6yqrgtat5fds` service tier `on_demand` on tokens per day (TPD): Limit 100000, Used 99600, Requested 989. Please try again in 8m28.896s. Need more tokens? Upgrade to Dev Tier today at https://console.groq.com/settings/billing', 'type': 'tokens', 'code': 'rate_limit_exceeded'}}
2026-04-28 10:26:18 | ERROR | babydoc.app | Unhandled error in /chat: Error code: 429 - {'error': {'message': 'Rate limit reached for model `llama-3.3-70b-versatile` in organization `org_01kpwhxcvrezbv6yqrgtat5fds` service tier `on_demand` on tokens per day (TPD): Limit 100000, Used 99600, Requested 989. Please try again in 8m28.896s. Need more tokens? Upgrade to Dev Tier today at https://console.groq.com/settings/billing', 'type': 'tokens', 'code': 'rate_limit_exceeded'}}
2026-04-28 10:26:21 | INFO | babydoc.app | Incoming query: 'when does teething start in babies'
2026-04-28 10:26:21 | DEBUG | babydoc.app | Retrieval score: 0.970 | top results: 5
2026-04-28 10:26:21 | INFO | babydoc.app | Mode: data | Score: 0.970
2026-04-28 10:26:21 | ERROR | babydoc.app | Groq API error: Error code: 429 - {'error': {'message': 'Rate limit reached for model `llama-3.3-70b-versatile` in organization `org_01kpwhxcvrezbv6yqrgtat5fds` service tier `on_demand` on tokens per day (TPD): Limit 100000, Used 99965, Requested 954. Please try again in 13m14.016s. Need more tokens? Upgrade to Dev Tier today at https://console.groq.com/settings/billing', 'type': 'tokens', 'code': 'rate_limit_exceeded'}}
2026-04-28 10:26:21 | ERROR | babydoc.app | Unhandled error in /chat: Error code: 429 - {'error': {'message': 'Rate limit reached for model `llama-3.3-70b-versatile` in organization `org_01kpwhxcvrezbv6yqrgtat5fds` service tier `on_demand` on tokens per day (TPD): Limit 100000, Used 99965, Requested 954. Please try again in 13m14.016s. Need more tokens? Upgrade to Dev Tier today at https://console.groq.com/settings/billing', 'type': 'tokens', 'code': 'rate_limit_exceeded'}}
2026-04-28 10:26:23 | INFO | babydoc.app | Incoming query: 'postpartum depression mein kya karna chahiye'
2026-04-28 10:26:24 | DEBUG | babydoc.app | Retrieval score: 0.637 | top results: 5
2026-04-28 10:26:24 | INFO | babydoc.app | Mode: data | Score: 0.637
2026-04-28 10:26:24 | ERROR | babydoc.app | Groq API error: Error code: 429 - {'error': {'message': 'Rate limit reached for model `llama-3.3-70b-versatile` in organization `org_01kpwhxcvrezbv6yqrgtat5fds` service tier `on_demand` on tokens per day (TPD): Limit 100000, Used 99962, Requested 1076. Please try again in 14m56.832s. Need more tokens? Upgrade to Dev Tier today at https://console.groq.com/settings/billing', 'type': 'tokens', 'code': 'rate_limit_exceeded'}}
2026-04-28 10:26:24 | ERROR | babydoc.app | Unhandled error in /chat: Error code: 429 - {'error': {'message': 'Rate limit reached for model `llama-3.3-70b-versatile` in organization `org_01kpwhxcvrezbv6yqrgtat5fds` service tier `on_demand` on tokens per day (TPD): Limit 100000, Used 99962, Requested 1076. Please try again in 14m56.832s. Need more tokens? Upgrade to Dev Tier today at https://console.groq.com/settings/billing', 'type': 'tokens', 'code': 'rate_limit_exceeded'}}
2026-04-28 10:26:27 | INFO | babydoc.app | Incoming query: 'baby bottle accept nahi kar raha kya karein'
2026-04-28 10:26:27 | DEBUG | babydoc.app | Retrieval score: 0.684 | top results: 5
2026-04-28 10:26:27 | INFO | babydoc.app | Mode: data | Score: 0.684
2026-04-28 10:26:28 | ERROR | babydoc.app | Groq API error: Error code: 429 - {'error': {'message': 'Rate limit reached for model `llama-3.3-70b-versatile` in organization `org_01kpwhxcvrezbv6yqrgtat5fds` service tier `on_demand` on tokens per day (TPD): Limit 100000, Used 99958, Requested 1108. Please try again in 15m21.023999999s. Need more tokens? Upgrade to Dev Tier today at https://console.groq.com/settings/billing', 'type': 'tokens', 'code': 'rate_limit_exceeded'}}
2026-04-28 10:26:28 | ERROR | babydoc.app | Unhandled error in /chat: Error code: 429 - {'error': {'message': 'Rate limit reached for model `llama-3.3-70b-versatile` in organization `org_01kpwhxcvrezbv6yqrgtat5fds` service tier `on_demand` on tokens per day (TPD): Limit 100000, Used 99958, Requested 1108. Please try again in 15m21.023999999s. Need more tokens? Upgrade to Dev Tier today at https://console.groq.com/settings/billing', 'type': 'tokens', 'code': 'rate_limit_exceeded'}}
2026-04-28 10:26:31 | INFO | babydoc.app | Incoming query: 'when should I introduce cow milk'
2026-04-28 10:26:31 | DEBUG | babydoc.app | Retrieval score: 0.769 | top results: 5
2026-04-28 10:26:31 | INFO | babydoc.app | Mode: data | Score: 0.769
2026-04-28 10:26:32 | ERROR | babydoc.app | Groq API error: Error code: 429 - {'error': {'message': 'Rate limit reached for model `llama-3.3-70b-versatile` in organization `org_01kpwhxcvrezbv6yqrgtat5fds` service tier `on_demand` on tokens per day (TPD): Limit 100000, Used 99952, Requested 937. Please try again in 12m48.096s. Need more tokens? Upgrade to Dev Tier today at https://console.groq.com/settings/billing', 'type': 'tokens', 'code': 'rate_limit_exceeded'}}
2026-04-28 10:26:32 | ERROR | babydoc.app | Unhandled error in /chat: Error code: 429 - {'error': {'message': 'Rate limit reached for model `llama-3.3-70b-versatile` in organization `org_01kpwhxcvrezbv6yqrgtat5fds` service tier `on_demand` on tokens per day (TPD): Limit 100000, Used 99952, Requested 937. Please try again in 12m48.096s. Need more tokens? Upgrade to Dev Tier today at https://console.groq.com/settings/billing', 'type': 'tokens', 'code': 'rate_limit_exceeded'}}
2026-04-28 10:26:35 | INFO | babydoc.app | Incoming query: 'what supplements should breastfeeding mother take after c section'
2026-04-28 10:26:35 | DEBUG | babydoc.app | Retrieval score: 0.868 | top results: 5
2026-04-28 10:26:35 | INFO | babydoc.app | Mode: data | Score: 0.868
2026-04-28 10:26:35 | ERROR | babydoc.app | Groq API error: Error code: 429 - {'error': {'message': 'Rate limit reached for model `llama-3.3-70b-versatile` in organization `org_01kpwhxcvrezbv6yqrgtat5fds` service tier `on_demand` on tokens per day (TPD): Limit 100000, Used 99949, Requested 1061. Please try again in 14m32.64s. Need more tokens? Upgrade to Dev Tier today at https://console.groq.com/settings/billing', 'type': 'tokens', 'code': 'rate_limit_exceeded'}}
2026-04-28 10:26:35 | ERROR | babydoc.app | Unhandled error in /chat: Error code: 429 - {'error': {'message': 'Rate limit reached for model `llama-3.3-70b-versatile` in organization `org_01kpwhxcvrezbv6yqrgtat5fds` service tier `on_demand` on tokens per day (TPD): Limit 100000, Used 99949, Requested 1061. Please try again in 14m32.64s. Need more tokens? Upgrade to Dev Tier today at https://console.groq.com/settings/billing', 'type': 'tokens', 'code': 'rate_limit_exceeded'}}
2026-04-28 10:26:38 | INFO | babydoc.app | Incoming query: 'can I give dry fruits to 8 month old baby'
2026-04-28 10:26:38 | DEBUG | babydoc.app | Retrieval score: 0.844 | top results: 5
2026-04-28 10:26:38 | INFO | babydoc.app | Mode: data | Score: 0.844
2026-04-28 10:26:39 | ERROR | babydoc.app | Groq API error: Error code: 429 - {'error': {'message': 'Rate limit reached for model `llama-3.3-70b-versatile` in organization `org_01kpwhxcvrezbv6yqrgtat5fds` service tier `on_demand` on tokens per day (TPD): Limit 100000, Used 99945, Requested 997. Please try again in 13m33.887999999s. Need more tokens? Upgrade to Dev Tier today at https://console.groq.com/settings/billing', 'type': 'tokens', 'code': 'rate_limit_exceeded'}}
2026-04-28 10:26:39 | ERROR | babydoc.app | Unhandled error in /chat: Error code: 429 - {'error': {'message': 'Rate limit reached for model `llama-3.3-70b-versatile` in organization `org_01kpwhxcvrezbv6yqrgtat5fds` service tier `on_demand` on tokens per day (TPD): Limit 100000, Used 99945, Requested 997. Please try again in 13m33.887999999s. Need more tokens? Upgrade to Dev Tier today at https://console.groq.com/settings/billing', 'type': 'tokens', 'code': 'rate_limit_exceeded'}}
2026-04-28 10:26:41 | INFO | babydoc.app | Incoming query: 'breastfeeding se weight loss hoti hai kya'
2026-04-28 10:26:41 | DEBUG | babydoc.app | Retrieval score: 0.707 | top results: 5
2026-04-28 10:26:41 | INFO | babydoc.app | Mode: data | Score: 0.707
2026-04-28 10:26:42 | ERROR | babydoc.app | Groq API error: Error code: 429 - {'error': {'message': 'Rate limit reached for model `llama-3.3-70b-versatile` in organization `org_01kpwhxcvrezbv6yqrgtat5fds` service tier `on_demand` on tokens per day (TPD): Limit 100000, Used 99941, Requested 1053. Please try again in 14m18.815999999s. Need more tokens? Upgrade to Dev Tier today at https://console.groq.com/settings/billing', 'type': 'tokens', 'code': 'rate_limit_exceeded'}}
2026-04-28 10:26:42 | ERROR | babydoc.app | Unhandled error in /chat: Error code: 429 - {'error': {'message': 'Rate limit reached for model `llama-3.3-70b-versatile` in organization `org_01kpwhxcvrezbv6yqrgtat5fds` service tier `on_demand` on tokens per day (TPD): Limit 100000, Used 99941, Requested 1053. Please try again in 14m18.815999999s. Need more tokens? Upgrade to Dev Tier today at https://console.groq.com/settings/billing', 'type': 'tokens', 'code': 'rate_limit_exceeded'}}
2026-04-28 10:26:44 | INFO | babydoc.app | Incoming query: 'baby ki dry skin pe kya lagayein'
2026-04-28 10:26:44 | DEBUG | babydoc.app | Retrieval score: 0.653 | top results: 5
2026-04-28 10:26:44 | INFO | babydoc.app | Mode: data | Score: 0.653
2026-04-28 10:26:45 | ERROR | babydoc.app | Groq API error: Error code: 429 - {'error': {'message': 'Rate limit reached for model `llama-3.3-70b-versatile` in organization `org_01kpwhxcvrezbv6yqrgtat5fds` service tier `on_demand` on tokens per day (TPD): Limit 100000, Used 99938, Requested 950. Please try again in 12m47.232s. Need more tokens? Upgrade to Dev Tier today at https://console.groq.com/settings/billing', 'type': 'tokens', 'code': 'rate_limit_exceeded'}}
2026-04-28 10:26:45 | ERROR | babydoc.app | Unhandled error in /chat: Error code: 429 - {'error': {'message': 'Rate limit reached for model `llama-3.3-70b-versatile` in organization `org_01kpwhxcvrezbv6yqrgtat5fds` service tier `on_demand` on tokens per day (TPD): Limit 100000, Used 99938, Requested 950. Please try again in 12m47.232s. Need more tokens? Upgrade to Dev Tier today at https://console.groq.com/settings/billing', 'type': 'tokens', 'code': 'rate_limit_exceeded'}}
2026-04-28 10:26:47 | INFO | babydoc.app | Incoming query: 'nasal congestion mein kya karein'
2026-04-28 10:26:47 | DEBUG | babydoc.app | Retrieval score: 0.604 | top results: 5
2026-04-28 10:26:47 | INFO | babydoc.app | Mode: data | Score: 0.604
2026-04-28 10:26:48 | ERROR | babydoc.app | Groq API error: Error code: 429 - {'error': {'message': 'Rate limit reached for model `llama-3.3-70b-versatile` in organization `org_01kpwhxcvrezbv6yqrgtat5fds` service tier `on_demand` on tokens per day (TPD): Limit 100000, Used 99934, Requested 1015. Please try again in 13m39.936s. Need more tokens? Upgrade to Dev Tier today at https://console.groq.com/settings/billing', 'type': 'tokens', 'code': 'rate_limit_exceeded'}}
2026-04-28 10:26:48 | ERROR | babydoc.app | Unhandled error in /chat: Error code: 429 - {'error': {'message': 'Rate limit reached for model `llama-3.3-70b-versatile` in organization `org_01kpwhxcvrezbv6yqrgtat5fds` service tier `on_demand` on tokens per day (TPD): Limit 100000, Used 99934, Requested 1015. Please try again in 13m39.936s. Need more tokens? Upgrade to Dev Tier today at https://console.groq.com/settings/billing', 'type': 'tokens', 'code': 'rate_limit_exceeded'}}
2026-04-28 10:26:51 | INFO | babydoc.app | Incoming query: 'kitne ghante tak doodh bahar rakh sakte hain'
2026-04-28 10:26:51 | DEBUG | babydoc.app | Retrieval score: 0.801 | top results: 5
2026-04-28 10:26:51 | INFO | babydoc.app | Mode: data | Score: 0.801
2026-04-28 10:26:51 | ERROR | babydoc.app | Groq API error: Error code: 429 - {'error': {'message': 'Rate limit reached for model `llama-3.3-70b-versatile` in organization `org_01kpwhxcvrezbv6yqrgtat5fds` service tier `on_demand` on tokens per day (TPD): Limit 100000, Used 99931, Requested 1025. Please try again in 13m45.984s. Need more tokens? Upgrade to Dev Tier today at https://console.groq.com/settings/billing', 'type': 'tokens', 'code': 'rate_limit_exceeded'}}
2026-04-28 10:26:51 | ERROR | babydoc.app | Unhandled error in /chat: Error code: 429 - {'error': {'message': 'Rate limit reached for model `llama-3.3-70b-versatile` in organization `org_01kpwhxcvrezbv6yqrgtat5fds` service tier `on_demand` on tokens per day (TPD): Limit 100000, Used 99931, Requested 1025. Please try again in 13m45.984s. Need more tokens? Upgrade to Dev Tier today at https://console.groq.com/settings/billing', 'type': 'tokens', 'code': 'rate_limit_exceeded'}}
2026-04-28 10:26:54 | INFO | babydoc.app | Incoming query: 'breast mein doodh kam aa raha hai kaise badhayein'
2026-04-28 10:26:54 | DEBUG | babydoc.app | Retrieval score: 0.833 | top results: 5
2026-04-28 10:26:54 | INFO | babydoc.app | Mode: data | Score: 0.833
2026-04-28 10:26:54 | ERROR | babydoc.app | Groq API error: Error code: 429 - {'error': {'message': 'Rate limit reached for model `llama-3.3-70b-versatile` in organization `org_01kpwhxcvrezbv6yqrgtat5fds` service tier `on_demand` on tokens per day (TPD): Limit 100000, Used 99927, Requested 1020. Please try again in 13m38.208s. Need more tokens? Upgrade to Dev Tier today at https://console.groq.com/settings/billing', 'type': 'tokens', 'code': 'rate_limit_exceeded'}}
2026-04-28 10:26:54 | ERROR | babydoc.app | Unhandled error in /chat: Error code: 429 - {'error': {'message': 'Rate limit reached for model `llama-3.3-70b-versatile` in organization `org_01kpwhxcvrezbv6yqrgtat5fds` service tier `on_demand` on tokens per day (TPD): Limit 100000, Used 99927, Requested 1020. Please try again in 13m38.208s. Need more tokens? Upgrade to Dev Tier today at https://console.groq.com/settings/billing', 'type': 'tokens', 'code': 'rate_limit_exceeded'}}
2026-04-28 10:26:57 | INFO | babydoc.app | Incoming query: 'my newborn refuses to latch on breast'
2026-04-28 10:26:57 | DEBUG | babydoc.app | Retrieval score: 0.730 | top results: 5
2026-04-28 10:26:57 | INFO | babydoc.app | Mode: data | Score: 0.730
2026-04-28 10:26:57 | ERROR | babydoc.app | Groq API error: Error code: 429 - {'error': {'message': 'Rate limit reached for model `llama-3.3-70b-versatile` in organization `org_01kpwhxcvrezbv6yqrgtat5fds` service tier `on_demand` on tokens per day (TPD): Limit 100000, Used 99924, Requested 1095. Please try again in 14m40.416s. Need more tokens? Upgrade to Dev Tier today at https://console.groq.com/settings/billing', 'type': 'tokens', 'code': 'rate_limit_exceeded'}}
2026-04-28 10:26:57 | ERROR | babydoc.app | Unhandled error in /chat: Error code: 429 - {'error': {'message': 'Rate limit reached for model `llama-3.3-70b-versatile` in organization `org_01kpwhxcvrezbv6yqrgtat5fds` service tier `on_demand` on tokens per day (TPD): Limit 100000, Used 99924, Requested 1095. Please try again in 14m40.416s. Need more tokens? Upgrade to Dev Tier today at https://console.groq.com/settings/billing', 'type': 'tokens', 'code': 'rate_limit_exceeded'}}
2026-04-28 10:27:00 | INFO | babydoc.app | Incoming query: 'nipple crack ho gaya doodh pilane mein takleef ho rahi hai'
2026-04-28 10:27:00 | DEBUG | babydoc.app | Retrieval score: 0.705 | top results: 5
2026-04-28 10:27:00 | INFO | babydoc.app | Mode: data | Score: 0.705
2026-04-28 10:27:00 | ERROR | babydoc.app | Groq API error: Error code: 429 - {'error': {'message': 'Rate limit reached for model `llama-3.3-70b-versatile` in organization `org_01kpwhxcvrezbv6yqrgtat5fds` service tier `on_demand` on tokens per day (TPD): Limit 100000, Used 99920, Requested 1053. Please try again in 14m0.672s. Need more tokens? Upgrade to Dev Tier today at https://console.groq.com/settings/billing', 'type': 'tokens', 'code': 'rate_limit_exceeded'}}
2026-04-28 10:27:00 | ERROR | babydoc.app | Unhandled error in /chat: Error code: 429 - {'error': {'message': 'Rate limit reached for model `llama-3.3-70b-versatile` in organization `org_01kpwhxcvrezbv6yqrgtat5fds` service tier `on_demand` on tokens per day (TPD): Limit 100000, Used 99920, Requested 1053. Please try again in 14m0.672s. Need more tokens? Upgrade to Dev Tier today at https://console.groq.com/settings/billing', 'type': 'tokens', 'code': 'rate_limit_exceeded'}}
2026-04-28 10:27:03 | INFO | babydoc.app | Incoming query: 'baby ka temperature high hai kya dena chahiye'
2026-04-28 10:27:03 | DEBUG | babydoc.app | Retrieval score: 0.735 | top results: 5
2026-04-28 10:27:03 | INFO | babydoc.app | Mode: data | Score: 0.735
2026-04-28 10:27:03 | ERROR | babydoc.app | Groq API error: Error code: 429 - {'error': {'message': 'Rate limit reached for model `llama-3.3-70b-versatile` in organization `org_01kpwhxcvrezbv6yqrgtat5fds` service tier `on_demand` on tokens per day (TPD): Limit 100000, Used 99917, Requested 968. Please try again in 12m44.64s. Need more tokens? Upgrade to Dev Tier today at https://console.groq.com/settings/billing', 'type': 'tokens', 'code': 'rate_limit_exceeded'}}
2026-04-28 10:27:03 | ERROR | babydoc.app | Unhandled error in /chat: Error code: 429 - {'error': {'message': 'Rate limit reached for model `llama-3.3-70b-versatile` in organization `org_01kpwhxcvrezbv6yqrgtat5fds` service tier `on_demand` on tokens per day (TPD): Limit 100000, Used 99917, Requested 968. Please try again in 12m44.64s. Need more tokens? Upgrade to Dev Tier today at https://console.groq.com/settings/billing', 'type': 'tokens', 'code': 'rate_limit_exceeded'}}
2026-04-28 10:27:06 | INFO | babydoc.app | Incoming query: 'infant is not passing stool for 3 days'
2026-04-28 10:27:06 | DEBUG | babydoc.app | Retrieval score: 0.768 | top results: 5
2026-04-28 10:27:06 | INFO | babydoc.app | Mode: data | Score: 0.768
2026-04-28 10:27:06 | ERROR | babydoc.app | Groq API error: Error code: 429 - {'error': {'message': 'Rate limit reached for model `llama-3.3-70b-versatile` in organization `org_01kpwhxcvrezbv6yqrgtat5fds` service tier `on_demand` on tokens per day (TPD): Limit 100000, Used 99913, Requested 1016. Please try again in 13m22.656s. Need more tokens? Upgrade to Dev Tier today at https://console.groq.com/settings/billing', 'type': 'tokens', 'code': 'rate_limit_exceeded'}}
2026-04-28 10:27:06 | ERROR | babydoc.app | Unhandled error in /chat: Error code: 429 - {'error': {'message': 'Rate limit reached for model `llama-3.3-70b-versatile` in organization `org_01kpwhxcvrezbv6yqrgtat5fds` service tier `on_demand` on tokens per day (TPD): Limit 100000, Used 99913, Requested 1016. Please try again in 13m22.656s. Need more tokens? Upgrade to Dev Tier today at https://console.groq.com/settings/billing', 'type': 'tokens', 'code': 'rate_limit_exceeded'}}
2026-04-28 10:27:08 | INFO | babydoc.app | Incoming query: 'chhote bachche ko solid food kab se shuru karein'
2026-04-28 10:27:09 | DEBUG | babydoc.app | Retrieval score: 0.652 | top results: 5
2026-04-28 10:27:09 | INFO | babydoc.app | Mode: data | Score: 0.652
2026-04-28 10:27:09 | ERROR | babydoc.app | Groq API error: Error code: 429 - {'error': {'message': 'Rate limit reached for model `llama-3.3-70b-versatile` in organization `org_01kpwhxcvrezbv6yqrgtat5fds` service tier `on_demand` on tokens per day (TPD): Limit 100000, Used 99910, Requested 1165. Please try again in 15m28.8s. Need more tokens? Upgrade to Dev Tier today at https://console.groq.com/settings/billing', 'type': 'tokens', 'code': 'rate_limit_exceeded'}}
2026-04-28 10:27:09 | ERROR | babydoc.app | Unhandled error in /chat: Error code: 429 - {'error': {'message': 'Rate limit reached for model `llama-3.3-70b-versatile` in organization `org_01kpwhxcvrezbv6yqrgtat5fds` service tier `on_demand` on tokens per day (TPD): Limit 100000, Used 99910, Requested 1165. Please try again in 15m28.8s. Need more tokens? Upgrade to Dev Tier today at https://console.groq.com/settings/billing', 'type': 'tokens', 'code': 'rate_limit_exceeded'}}
2026-04-28 10:27:11 | INFO | babydoc.app | Incoming query: 'baby ke nappy area mein lali aa gayi hai'
2026-04-28 10:27:11 | DEBUG | babydoc.app | Retrieval score: 0.774 | top results: 5
2026-04-28 10:27:11 | INFO | babydoc.app | Mode: data | Score: 0.774
2026-04-28 10:27:12 | ERROR | babydoc.app | Groq API error: Error code: 429 - {'error': {'message': 'Rate limit reached for model `llama-3.3-70b-versatile` in organization `org_01kpwhxcvrezbv6yqrgtat5fds` service tier `on_demand` on tokens per day (TPD): Limit 100000, Used 99907, Requested 1013. Please try again in 13m14.88s. Need more tokens? Upgrade to Dev Tier today at https://console.groq.com/settings/billing', 'type': 'tokens', 'code': 'rate_limit_exceeded'}}
2026-04-28 10:27:12 | ERROR | babydoc.app | Unhandled error in /chat: Error code: 429 - {'error': {'message': 'Rate limit reached for model `llama-3.3-70b-versatile` in organization `org_01kpwhxcvrezbv6yqrgtat5fds` service tier `on_demand` on tokens per day (TPD): Limit 100000, Used 99907, Requested 1013. Please try again in 13m14.88s. Need more tokens? Upgrade to Dev Tier today at https://console.groq.com/settings/billing', 'type': 'tokens', 'code': 'rate_limit_exceeded'}}
2026-04-28 10:27:14 | INFO | babydoc.app | Incoming query: 'my baby is teething and very irritable what helps'
2026-04-28 10:27:14 | DEBUG | babydoc.app | Retrieval score: 0.724 | top results: 5
2026-04-28 10:27:14 | INFO | babydoc.app | Mode: data | Score: 0.724
2026-04-28 10:27:15 | ERROR | babydoc.app | Groq API error: Error code: 429 - {'error': {'message': 'Rate limit reached for model `llama-3.3-70b-versatile` in organization `org_01kpwhxcvrezbv6yqrgtat5fds` service tier `on_demand` on tokens per day (TPD): Limit 100000, Used 99903, Requested 972. Please try again in 12m36s. Need more tokens? Upgrade to Dev Tier today at https://console.groq.com/settings/billing', 'type': 'tokens', 'code': 'rate_limit_exceeded'}}
2026-04-28 10:27:15 | ERROR | babydoc.app | Unhandled error in /chat: Error code: 429 - {'error': {'message': 'Rate limit reached for model `llama-3.3-70b-versatile` in organization `org_01kpwhxcvrezbv6yqrgtat5fds` service tier `on_demand` on tokens per day (TPD): Limit 100000, Used 99903, Requested 972. Please try again in 12m36s. Need more tokens? Upgrade to Dev Tier today at https://console.groq.com/settings/billing', 'type': 'tokens', 'code': 'rate_limit_exceeded'}}
2026-04-28 10:27:18 | INFO | babydoc.app | Incoming query: 'mujhe depression ho raha hai delivery ke baad kya karoon'
2026-04-28 10:27:18 | DEBUG | babydoc.app | Retrieval score: 0.801 | top results: 5
2026-04-28 10:27:18 | INFO | babydoc.app | Mode: data | Score: 0.801
2026-04-28 10:27:18 | ERROR | babydoc.app | Groq API error: Error code: 429 - {'error': {'message': 'Rate limit reached for model `llama-3.3-70b-versatile` in organization `org_01kpwhxcvrezbv6yqrgtat5fds` service tier `on_demand` on tokens per day (TPD): Limit 100000, Used 99899, Requested 1063. Please try again in 13m51.168s. Need more tokens? Upgrade to Dev Tier today at https://console.groq.com/settings/billing', 'type': 'tokens', 'code': 'rate_limit_exceeded'}}
2026-04-28 10:27:18 | ERROR | babydoc.app | Unhandled error in /chat: Error code: 429 - {'error': {'message': 'Rate limit reached for model `llama-3.3-70b-versatile` in organization `org_01kpwhxcvrezbv6yqrgtat5fds` service tier `on_demand` on tokens per day (TPD): Limit 100000, Used 99899, Requested 1063. Please try again in 13m51.168s. Need more tokens? Upgrade to Dev Tier today at https://console.groq.com/settings/billing', 'type': 'tokens', 'code': 'rate_limit_exceeded'}}
2026-04-28 10:27:21 | INFO | babydoc.app | Incoming query: 'my baby has runny nose and sneezing a lot'
2026-04-28 10:27:21 | DEBUG | babydoc.app | Retrieval score: 0.814 | top results: 5
2026-04-28 10:27:21 | INFO | babydoc.app | Mode: data | Score: 0.814
2026-04-28 10:27:21 | ERROR | babydoc.app | Groq API error: Error code: 429 - {'error': {'message': 'Rate limit reached for model `llama-3.3-70b-versatile` in organization `org_01kpwhxcvrezbv6yqrgtat5fds` service tier `on_demand` on tokens per day (TPD): Limit 100000, Used 99896, Requested 979. Please try again in 12m36s. Need more tokens? Upgrade to Dev Tier today at https://console.groq.com/settings/billing', 'type': 'tokens', 'code': 'rate_limit_exceeded'}}
2026-04-28 10:27:21 | ERROR | babydoc.app | Unhandled error in /chat: Error code: 429 - {'error': {'message': 'Rate limit reached for model `llama-3.3-70b-versatile` in organization `org_01kpwhxcvrezbv6yqrgtat5fds` service tier `on_demand` on tokens per day (TPD): Limit 100000, Used 99896, Requested 979. Please try again in 12m36s. Need more tokens? Upgrade to Dev Tier today at https://console.groq.com/settings/billing', 'type': 'tokens', 'code': 'rate_limit_exceeded'}}
2026-04-28 10:27:24 | INFO | babydoc.app | Incoming query: 'gaye ka doodh bachche ko kab se de sakte hain'
2026-04-28 10:27:24 | DEBUG | babydoc.app | Retrieval score: 0.779 | top results: 5
2026-04-28 10:27:24 | INFO | babydoc.app | Mode: data | Score: 0.779
2026-04-28 10:27:24 | ERROR | babydoc.app | Groq API error: Error code: 429 - {'error': {'message': 'Rate limit reached for model `llama-3.3-70b-versatile` in organization `org_01kpwhxcvrezbv6yqrgtat5fds` service tier `on_demand` on tokens per day (TPD): Limit 100000, Used 99892, Requested 1027. Please try again in 13m14.016s. Need more tokens? Upgrade to Dev Tier today at https://console.groq.com/settings/billing', 'type': 'tokens', 'code': 'rate_limit_exceeded'}}
2026-04-28 10:27:24 | ERROR | babydoc.app | Unhandled error in /chat: Error code: 429 - {'error': {'message': 'Rate limit reached for model `llama-3.3-70b-versatile` in organization `org_01kpwhxcvrezbv6yqrgtat5fds` service tier `on_demand` on tokens per day (TPD): Limit 100000, Used 99892, Requested 1027. Please try again in 13m14.016s. Need more tokens? Upgrade to Dev Tier today at https://console.groq.com/settings/billing', 'type': 'tokens', 'code': 'rate_limit_exceeded'}}
2026-04-28 10:27:26 | INFO | babydoc.app | Incoming query: 'after cesarean what vitamins should I take while nursing'
2026-04-28 10:27:27 | DEBUG | babydoc.app | Retrieval score: 0.672 | top results: 5
2026-04-28 10:27:27 | INFO | babydoc.app | Mode: data | Score: 0.672
2026-04-28 10:27:27 | ERROR | babydoc.app | Groq API error: Error code: 429 - {'error': {'message': 'Rate limit reached for model `llama-3.3-70b-versatile` in organization `org_01kpwhxcvrezbv6yqrgtat5fds` service tier `on_demand` on tokens per day (TPD): Limit 100000, Used 99889, Requested 934. Please try again in 11m51.072s. Need more tokens? Upgrade to Dev Tier today at https://console.groq.com/settings/billing', 'type': 'tokens', 'code': 'rate_limit_exceeded'}}
2026-04-28 10:27:27 | ERROR | babydoc.app | Unhandled error in /chat: Error code: 429 - {'error': {'message': 'Rate limit reached for model `llama-3.3-70b-versatile` in organization `org_01kpwhxcvrezbv6yqrgtat5fds` service tier `on_demand` on tokens per day (TPD): Limit 100000, Used 99889, Requested 934. Please try again in 11m51.072s. Need more tokens? Upgrade to Dev Tier today at https://console.groq.com/settings/billing', 'type': 'tokens', 'code': 'rate_limit_exceeded'}}
2026-04-28 10:27:29 | INFO | babydoc.app | Incoming query: 'infant skin is very flaky and rough what to apply'
2026-04-28 10:27:29 | DEBUG | babydoc.app | Retrieval score: 0.695 | top results: 5
2026-04-28 10:27:29 | INFO | babydoc.app | Mode: data | Score: 0.695
2026-04-28 10:27:30 | ERROR | babydoc.app | Groq API error: Error code: 429 - {'error': {'message': 'Rate limit reached for model `llama-3.3-70b-versatile` in organization `org_01kpwhxcvrezbv6yqrgtat5fds` service tier `on_demand` on tokens per day (TPD): Limit 100000, Used 99886, Requested 984. Please try again in 12m31.68s. Need more tokens? Upgrade to Dev Tier today at https://console.groq.com/settings/billing', 'type': 'tokens', 'code': 'rate_limit_exceeded'}}
2026-04-28 10:27:30 | ERROR | babydoc.app | Unhandled error in /chat: Error code: 429 - {'error': {'message': 'Rate limit reached for model `llama-3.3-70b-versatile` in organization `org_01kpwhxcvrezbv6yqrgtat5fds` service tier `on_demand` on tokens per day (TPD): Limit 100000, Used 99886, Requested 984. Please try again in 12m31.68s. Need more tokens? Upgrade to Dev Tier today at https://console.groq.com/settings/billing', 'type': 'tokens', 'code': 'rate_limit_exceeded'}}
2026-04-28 10:27:32 | INFO | babydoc.app | Incoming query: 'bacha feeder se doodh nahi pita kya karein'
2026-04-28 10:27:32 | DEBUG | babydoc.app | Retrieval score: 0.707 | top results: 5
2026-04-28 10:27:32 | INFO | babydoc.app | Mode: data | Score: 0.707
2026-04-28 10:27:33 | ERROR | babydoc.app | Groq API error: Error code: 429 - {'error': {'message': 'Rate limit reached for model `llama-3.3-70b-versatile` in organization `org_01kpwhxcvrezbv6yqrgtat5fds` service tier `on_demand` on tokens per day (TPD): Limit 100000, Used 99882, Requested 1099. Please try again in 14m7.584s. Need more tokens? Upgrade to Dev Tier today at https://console.groq.com/settings/billing', 'type': 'tokens', 'code': 'rate_limit_exceeded'}}
2026-04-28 10:27:33 | ERROR | babydoc.app | Unhandled error in /chat: Error code: 429 - {'error': {'message': 'Rate limit reached for model `llama-3.3-70b-versatile` in organization `org_01kpwhxcvrezbv6yqrgtat5fds` service tier `on_demand` on tokens per day (TPD): Limit 100000, Used 99882, Requested 1099. Please try again in 14m7.584s. Need more tokens? Upgrade to Dev Tier today at https://console.groq.com/settings/billing', 'type': 'tokens', 'code': 'rate_limit_exceeded'}}
2026-04-28 10:27:35 | INFO | babydoc.app | Incoming query: 'can I give ragi to my 6 month old baby'
2026-04-28 10:27:35 | DEBUG | babydoc.app | Retrieval score: 0.918 | top results: 5
2026-04-28 10:27:35 | INFO | babydoc.app | Mode: data | Score: 0.918
2026-04-28 10:27:35 | ERROR | babydoc.app | Groq API error: Error code: 429 - {'error': {'message': 'Rate limit reached for model `llama-3.3-70b-versatile` in organization `org_01kpwhxcvrezbv6yqrgtat5fds` service tier `on_demand` on tokens per day (TPD): Limit 100000, Used 99879, Requested 918. Please try again in 11m28.608s. Need more tokens? Upgrade to Dev Tier today at https://console.groq.com/settings/billing', 'type': 'tokens', 'code': 'rate_limit_exceeded'}}
2026-04-28 10:27:35 | ERROR | babydoc.app | Unhandled error in /chat: Error code: 429 - {'error': {'message': 'Rate limit reached for model `llama-3.3-70b-versatile` in organization `org_01kpwhxcvrezbv6yqrgtat5fds` service tier `on_demand` on tokens per day (TPD): Limit 100000, Used 99879, Requested 918. Please try again in 11m28.608s. Need more tokens? Upgrade to Dev Tier today at https://console.groq.com/settings/billing', 'type': 'tokens', 'code': 'rate_limit_exceeded'}}
2026-04-28 10:27:38 | INFO | babydoc.app | Incoming query: 'how much water should I give to a 7 month old baby'
2026-04-28 10:27:38 | DEBUG | babydoc.app | Retrieval score: 0.943 | top results: 5
2026-04-28 10:27:38 | INFO | babydoc.app | Mode: data | Score: 0.943
2026-04-28 10:27:38 | ERROR | babydoc.app | Groq API error: Error code: 429 - {'error': {'message': 'Rate limit reached for model `llama-3.3-70b-versatile` in organization `org_01kpwhxcvrezbv6yqrgtat5fds` service tier `on_demand` on tokens per day (TPD): Limit 100000, Used 99876, Requested 944. Please try again in 11m48.48s. Need more tokens? Upgrade to Dev Tier today at https://console.groq.com/settings/billing', 'type': 'tokens', 'code': 'rate_limit_exceeded'}}
2026-04-28 10:27:38 | ERROR | babydoc.app | Unhandled error in /chat: Error code: 429 - {'error': {'message': 'Rate limit reached for model `llama-3.3-70b-versatile` in organization `org_01kpwhxcvrezbv6yqrgtat5fds` service tier `on_demand` on tokens per day (TPD): Limit 100000, Used 99876, Requested 944. Please try again in 11m48.48s. Need more tokens? Upgrade to Dev Tier today at https://console.groq.com/settings/billing', 'type': 'tokens', 'code': 'rate_limit_exceeded'}}
2026-04-28 10:27:41 | INFO | babydoc.app | Incoming query: 'kya breastfeeding ke dauran dental treatment safe hai'
2026-04-28 10:27:41 | DEBUG | babydoc.app | Retrieval score: 0.715 | top results: 5
2026-04-28 10:27:41 | INFO | babydoc.app | Mode: data | Score: 0.715
2026-04-28 10:27:41 | ERROR | babydoc.app | Groq API error: Error code: 429 - {'error': {'message': 'Rate limit reached for model `llama-3.3-70b-versatile` in organization `org_01kpwhxcvrezbv6yqrgtat5fds` service tier `on_demand` on tokens per day (TPD): Limit 100000, Used 99872, Requested 948. Please try again in 11m48.48s. Need more tokens? Upgrade to Dev Tier today at https://console.groq.com/settings/billing', 'type': 'tokens', 'code': 'rate_limit_exceeded'}}
2026-04-28 10:27:41 | ERROR | babydoc.app | Unhandled error in /chat: Error code: 429 - {'error': {'message': 'Rate limit reached for model `llama-3.3-70b-versatile` in organization `org_01kpwhxcvrezbv6yqrgtat5fds` service tier `on_demand` on tokens per day (TPD): Limit 100000, Used 99872, Requested 948. Please try again in 11m48.48s. Need more tokens? Upgrade to Dev Tier today at https://console.groq.com/settings/billing', 'type': 'tokens', 'code': 'rate_limit_exceeded'}}
2026-04-28 10:27:44 | INFO | babydoc.app | Incoming query: 'how to burp a baby who falls asleep while breastfeeding'
2026-04-28 10:27:44 | DEBUG | babydoc.app | Retrieval score: 0.802 | top results: 5
2026-04-28 10:27:44 | INFO | babydoc.app | Mode: data | Score: 0.802
2026-04-28 10:27:44 | ERROR | babydoc.app | Groq API error: Error code: 429 - {'error': {'message': 'Rate limit reached for model `llama-3.3-70b-versatile` in organization `org_01kpwhxcvrezbv6yqrgtat5fds` service tier `on_demand` on tokens per day (TPD): Limit 100000, Used 99869, Requested 1020. Please try again in 12m48.096s. Need more tokens? Upgrade to Dev Tier today at https://console.groq.com/settings/billing', 'type': 'tokens', 'code': 'rate_limit_exceeded'}}
2026-04-28 10:27:44 | ERROR | babydoc.app | Unhandled error in /chat: Error code: 429 - {'error': {'message': 'Rate limit reached for model `llama-3.3-70b-versatile` in organization `org_01kpwhxcvrezbv6yqrgtat5fds` service tier `on_demand` on tokens per day (TPD): Limit 100000, Used 99869, Requested 1020. Please try again in 12m48.096s. Need more tokens? Upgrade to Dev Tier today at https://console.groq.com/settings/billing', 'type': 'tokens', 'code': 'rate_limit_exceeded'}}
2026-04-28 10:27:47 | INFO | babydoc.app | Incoming query: 'vitamin d drops kab tak dene chahiye'
2026-04-28 10:27:47 | DEBUG | babydoc.app | Retrieval score: 0.783 | top results: 5
2026-04-28 10:27:47 | INFO | babydoc.app | Mode: data | Score: 0.783
2026-04-28 10:27:47 | ERROR | babydoc.app | Groq API error: Error code: 429 - {'error': {'message': 'Rate limit reached for model `llama-3.3-70b-versatile` in organization `org_01kpwhxcvrezbv6yqrgtat5fds` service tier `on_demand` on tokens per day (TPD): Limit 100000, Used 99865, Requested 930. Please try again in 11m26.88s. Need more tokens? Upgrade to Dev Tier today at https://console.groq.com/settings/billing', 'type': 'tokens', 'code': 'rate_limit_exceeded'}}
2026-04-28 10:27:47 | ERROR | babydoc.app | Unhandled error in /chat: Error code: 429 - {'error': {'message': 'Rate limit reached for model `llama-3.3-70b-versatile` in organization `org_01kpwhxcvrezbv6yqrgtat5fds` service tier `on_demand` on tokens per day (TPD): Limit 100000, Used 99865, Requested 930. Please try again in 11m26.88s. Need more tokens? Upgrade to Dev Tier today at https://console.groq.com/settings/billing', 'type': 'tokens', 'code': 'rate_limit_exceeded'}}
2026-04-28 10:27:50 | INFO | babydoc.app | Incoming query: 'can I give banana to my 7 month old'
2026-04-28 10:27:50 | DEBUG | babydoc.app | Retrieval score: 0.765 | top results: 5
2026-04-28 10:27:50 | INFO | babydoc.app | Mode: data | Score: 0.765
2026-04-28 10:27:50 | ERROR | babydoc.app | Groq API error: Error code: 429 - {'error': {'message': 'Rate limit reached for model `llama-3.3-70b-versatile` in organization `org_01kpwhxcvrezbv6yqrgtat5fds` service tier `on_demand` on tokens per day (TPD): Limit 100000, Used 99862, Requested 908. Please try again in 11m5.28s. Need more tokens? Upgrade to Dev Tier today at https://console.groq.com/settings/billing', 'type': 'tokens', 'code': 'rate_limit_exceeded'}}
2026-04-28 10:27:50 | ERROR | babydoc.app | Unhandled error in /chat: Error code: 429 - {'error': {'message': 'Rate limit reached for model `llama-3.3-70b-versatile` in organization `org_01kpwhxcvrezbv6yqrgtat5fds` service tier `on_demand` on tokens per day (TPD): Limit 100000, Used 99862, Requested 908. Please try again in 11m5.28s. Need more tokens? Upgrade to Dev Tier today at https://console.groq.com/settings/billing', 'type': 'tokens', 'code': 'rate_limit_exceeded'}}
2026-04-28 10:27:53 | INFO | babydoc.app | Incoming query: 'baby ko colic hai kya karein'
2026-04-28 10:27:53 | DEBUG | babydoc.app | Retrieval score: 0.836 | top results: 5
2026-04-28 10:27:53 | INFO | babydoc.app | Mode: data | Score: 0.836
2026-04-28 10:27:53 | ERROR | babydoc.app | Groq API error: Error code: 429 - {'error': {'message': 'Rate limit reached for model `llama-3.3-70b-versatile` in organization `org_01kpwhxcvrezbv6yqrgtat5fds` service tier `on_demand` on tokens per day (TPD): Limit 100000, Used 99859, Requested 957. Please try again in 11m45.024s. Need more tokens? Upgrade to Dev Tier today at https://console.groq.com/settings/billing', 'type': 'tokens', 'code': 'rate_limit_exceeded'}}
2026-04-28 10:27:53 | ERROR | babydoc.app | Unhandled error in /chat: Error code: 429 - {'error': {'message': 'Rate limit reached for model `llama-3.3-70b-versatile` in organization `org_01kpwhxcvrezbv6yqrgtat5fds` service tier `on_demand` on tokens per day (TPD): Limit 100000, Used 99859, Requested 957. Please try again in 11m45.024s. Need more tokens? Upgrade to Dev Tier today at https://console.groq.com/settings/billing', 'type': 'tokens', 'code': 'rate_limit_exceeded'}}
2026-04-28 10:27:56 | INFO | babydoc.app | Incoming query: 'normal weight gain for exclusively breastfed baby'
2026-04-28 10:27:56 | DEBUG | babydoc.app | Retrieval score: 0.753 | top results: 5
2026-04-28 10:27:56 | INFO | babydoc.app | Mode: data | Score: 0.753
2026-04-28 10:27:56 | ERROR | babydoc.app | Groq API error: Error code: 429 - {'error': {'message': 'Rate limit reached for model `llama-3.3-70b-versatile` in organization `org_01kpwhxcvrezbv6yqrgtat5fds` service tier `on_demand` on tokens per day (TPD): Limit 100000, Used 99855, Requested 1111. Please try again in 13m54.624s. Need more tokens? Upgrade to Dev Tier today at https://console.groq.com/settings/billing', 'type': 'tokens', 'code': 'rate_limit_exceeded'}}
2026-04-28 10:27:56 | ERROR | babydoc.app | Unhandled error in /chat: Error code: 429 - {'error': {'message': 'Rate limit reached for model `llama-3.3-70b-versatile` in organization `org_01kpwhxcvrezbv6yqrgtat5fds` service tier `on_demand` on tokens per day (TPD): Limit 100000, Used 99855, Requested 1111. Please try again in 13m54.624s. Need more tokens? Upgrade to Dev Tier today at https://console.groq.com/settings/billing', 'type': 'tokens', 'code': 'rate_limit_exceeded'}}
2026-04-28 10:27:59 | INFO | babydoc.app | Incoming query: 'how to introduce eggs to 6 month old baby'
2026-04-28 10:27:59 | DEBUG | babydoc.app | Retrieval score: 0.692 | top results: 5
2026-04-28 10:27:59 | INFO | babydoc.app | Mode: data | Score: 0.692
2026-04-28 10:27:59 | ERROR | babydoc.app | Groq API error: Error code: 429 - {'error': {'message': 'Rate limit reached for model `llama-3.3-70b-versatile` in organization `org_01kpwhxcvrezbv6yqrgtat5fds` service tier `on_demand` on tokens per day (TPD): Limit 100000, Used 99852, Requested 946. Please try again in 11m29.472s. Need more tokens? Upgrade to Dev Tier today at https://console.groq.com/settings/billing', 'type': 'tokens', 'code': 'rate_limit_exceeded'}}
2026-04-28 10:27:59 | ERROR | babydoc.app | Unhandled error in /chat: Error code: 429 - {'error': {'message': 'Rate limit reached for model `llama-3.3-70b-versatile` in organization `org_01kpwhxcvrezbv6yqrgtat5fds` service tier `on_demand` on tokens per day (TPD): Limit 100000, Used 99852, Requested 946. Please try again in 11m29.472s. Need more tokens? Upgrade to Dev Tier today at https://console.groq.com/settings/billing', 'type': 'tokens', 'code': 'rate_limit_exceeded'}}
2026-04-28 10:28:01 | INFO | babydoc.app | Incoming query: 'baby ko iron drops kab se start karein'
2026-04-28 10:28:01 | DEBUG | babydoc.app | Retrieval score: 0.773 | top results: 5
2026-04-28 10:28:01 | INFO | babydoc.app | Mode: data | Score: 0.773
2026-04-28 10:28:02 | ERROR | babydoc.app | Groq API error: Error code: 429 - {'error': {'message': 'Rate limit reached for model `llama-3.3-70b-versatile` in organization `org_01kpwhxcvrezbv6yqrgtat5fds` service tier `on_demand` on tokens per day (TPD): Limit 100000, Used 99849, Requested 943. Please try again in 11m24.288s. Need more tokens? Upgrade to Dev Tier today at https://console.groq.com/settings/billing', 'type': 'tokens', 'code': 'rate_limit_exceeded'}}
2026-04-28 10:28:02 | ERROR | babydoc.app | Unhandled error in /chat: Error code: 429 - {'error': {'message': 'Rate limit reached for model `llama-3.3-70b-versatile` in organization `org_01kpwhxcvrezbv6yqrgtat5fds` service tier `on_demand` on tokens per day (TPD): Limit 100000, Used 99849, Requested 943. Please try again in 11m24.288s. Need more tokens? Upgrade to Dev Tier today at https://console.groq.com/settings/billing', 'type': 'tokens', 'code': 'rate_limit_exceeded'}}
2026-04-28 10:28:04 | INFO | babydoc.app | Incoming query: 'my 2 month old baby has fever of 101'
2026-04-28 10:28:04 | WARNING | babydoc.app | Safety triggered for query: 'my 2 month old baby has fever of 101'
2026-04-28 10:28:07 | INFO | babydoc.app | Incoming query: 'mere naye janam liye bachche ko bukhar hai'
2026-04-28 10:28:07 | WARNING | babydoc.app | Safety triggered for query: 'mere naye janam liye bachche ko bukhar hai'
2026-04-28 10:28:10 | INFO | babydoc.app | Incoming query: 'stool mein blood aa raha hai baby ke'
2026-04-28 10:28:10 | WARNING | babydoc.app | Safety triggered for query: 'stool mein blood aa raha hai baby ke'
2026-04-28 10:28:13 | INFO | babydoc.app | Incoming query: 'hi'
2026-04-28 10:28:13 | DEBUG | babydoc.app | Retrieval score: 0.519 | top results: 5
2026-04-28 10:28:13 | INFO | babydoc.app | Mode: weak | Score: 0.519
2026-04-28 10:28:13 | ERROR | babydoc.app | Groq API error: Error code: 429 - {'error': {'message': 'Rate limit reached for model `llama-3.3-70b-versatile` in organization `org_01kpwhxcvrezbv6yqrgtat5fds` service tier `on_demand` on tokens per day (TPD): Limit 100000, Used 99835, Requested 1032. Please try again in 12m29.088s. Need more tokens? Upgrade to Dev Tier today at https://console.groq.com/settings/billing', 'type': 'tokens', 'code': 'rate_limit_exceeded'}}
2026-04-28 10:28:13 | ERROR | babydoc.app | Unhandled error in /chat: Error code: 429 - {'error': {'message': 'Rate limit reached for model `llama-3.3-70b-versatile` in organization `org_01kpwhxcvrezbv6yqrgtat5fds` service tier `on_demand` on tokens per day (TPD): Limit 100000, Used 99835, Requested 1032. Please try again in 12m29.088s. Need more tokens? Upgrade to Dev Tier today at https://console.groq.com/settings/billing', 'type': 'tokens', 'code': 'rate_limit_exceeded'}}
2026-04-28 10:28:16 | INFO | babydoc.app | Incoming query: 'my baby is not breathing properly and lips are turning blue'
2026-04-28 10:28:16 | WARNING | babydoc.app | Safety triggered for query: 'my baby is not breathing properly and lips are turning blue'
2026-04-28 10:28:23 | INFO | babydoc.app | Incoming query: 'Hi'
2026-04-28 10:28:23 | DEBUG | babydoc.app | Retrieval score: 0.518 | top results: 5
2026-04-28 10:28:23 | INFO | babydoc.app | Mode: weak | Score: 0.518
2026-04-28 10:28:23 | ERROR | babydoc.app | Groq API error: Error code: 429 - {'error': {'message': 'Rate limit reached for model `llama-3.3-70b-versatile` in organization `org_01kpwhxcvrezbv6yqrgtat5fds` service tier `on_demand` on tokens per day (TPD): Limit 100000, Used 99824, Requested 967. Please try again in 11m23.424s. Need more tokens? Upgrade to Dev Tier today at https://console.groq.com/settings/billing', 'type': 'tokens', 'code': 'rate_limit_exceeded'}}
2026-04-28 10:28:23 | ERROR | babydoc.app | Unhandled error in /chat: Error code: 429 - {'error': {'message': 'Rate limit reached for model `llama-3.3-70b-versatile` in organization `org_01kpwhxcvrezbv6yqrgtat5fds` service tier `on_demand` on tokens per day (TPD): Limit 100000, Used 99824, Requested 967. Please try again in 11m23.424s. Need more tokens? Upgrade to Dev Tier today at https://console.groq.com/settings/billing', 'type': 'tokens', 'code': 'rate_limit_exceeded'}}
2026-04-28 11:57:48 | INFO | babydoc.app | Momify API shutting down.
2026-04-28 11:59:12 | INFO | babydoc.app | Momify API starting up...
2026-04-28 11:59:18 | INFO | babydoc.app | Loaded 493 Q&A pairs from data\ALLQA_cleaned.json
2026-04-28 11:59:18 | INFO | babydoc.app | Incoming query: 'my milk supply is low how to increase'
2026-04-28 11:59:18 | INFO | babydoc.app | Incoming query: 'how long breast milk can be stored'
2026-04-28 11:59:18 | DEBUG | babydoc.app | Retrieval score: 0.919 | top results: 5
2026-04-28 11:59:18 | DEBUG | babydoc.app | Retrieval score: 0.968 | top results: 5
2026-04-28 11:59:18 | INFO | babydoc.app | Mode: data | Score: 0.919
2026-04-28 11:59:18 | INFO | babydoc.app | Mode: data | Score: 0.968
2026-04-28 11:59:19 | INFO | babydoc.app | Response time: 667ms
2026-04-28 11:59:19 | INFO | babydoc.app | Response time: 665ms
2026-04-28 11:59:40 | INFO | babydoc.app | Incoming query: 'how long breast milk can be stored'
2026-04-28 11:59:40 | DEBUG | babydoc.app | Retrieval score: 0.919 | top results: 5
2026-04-28 11:59:40 | INFO | babydoc.app | Mode: data | Score: 0.919
2026-04-28 11:59:41 | INFO | babydoc.app | Response time: 667ms
2026-04-28 11:59:44 | INFO | babydoc.app | Incoming query: 'my milk supply is low how to increase'
2026-04-28 11:59:44 | DEBUG | babydoc.app | Retrieval score: 0.968 | top results: 5
2026-04-28 11:59:44 | INFO | babydoc.app | Mode: data | Score: 0.968
2026-04-28 11:59:45 | INFO | babydoc.app | Response time: 582ms
2026-04-28 11:59:48 | INFO | babydoc.app | Incoming query: 'my baby is not latching what can I do'
2026-04-28 11:59:48 | DEBUG | babydoc.app | Retrieval score: 0.778 | top results: 5
2026-04-28 11:59:48 | INFO | babydoc.app | Mode: data | Score: 0.778
2026-04-28 11:59:48 | INFO | babydoc.app | Response time: 502ms
2026-04-28 11:59:51 | INFO | babydoc.app | Incoming query: 'I have breastfeeding problem my nipples got cracked and it hurts'
2026-04-28 11:59:51 | DEBUG | babydoc.app | Retrieval score: 0.930 | top results: 5
2026-04-28 11:59:51 | INFO | babydoc.app | Mode: data | Score: 0.930
2026-04-28 11:59:52 | INFO | babydoc.app | Response time: 448ms
2026-04-28 11:59:55 | INFO | babydoc.app | Incoming query: 'how to clear blocked milk ducts'
2026-04-28 11:59:55 | DEBUG | babydoc.app | Retrieval score: 0.865 | top results: 5
2026-04-28 11:59:55 | INFO | babydoc.app | Mode: data | Score: 0.865
2026-04-28 11:59:55 | INFO | babydoc.app | Response time: 452ms
2026-04-28 11:59:58 | INFO | babydoc.app | Incoming query: 'baby has fever what to give'
2026-04-28 11:59:58 | DEBUG | babydoc.app | Retrieval score: 0.838 | top results: 5
2026-04-28 11:59:58 | INFO | babydoc.app | Mode: data | Score: 0.838
2026-04-28 11:59:59 | INFO | babydoc.app | Response time: 478ms
2026-04-28 12:00:02 | INFO | babydoc.app | Incoming query: 'my baby is constipated what to do'
2026-04-28 12:00:02 | DEBUG | babydoc.app | Retrieval score: 0.888 | top results: 5
2026-04-28 12:00:02 | INFO | babydoc.app | Mode: data | Score: 0.888
2026-04-28 12:00:02 | INFO | babydoc.app | Response time: 566ms
2026-04-28 12:00:05 | INFO | babydoc.app | Incoming query: 'my baby has loose motions what to do'
2026-04-28 12:00:05 | DEBUG | babydoc.app | Retrieval score: 0.775 | top results: 5
2026-04-28 12:00:05 | INFO | babydoc.app | Mode: data | Score: 0.775
2026-04-28 12:00:06 | INFO | babydoc.app | Response time: 678ms
2026-04-28 12:00:09 | INFO | babydoc.app | Incoming query: 'when can I start solids for my baby'
2026-04-28 12:00:09 | DEBUG | babydoc.app | Retrieval score: 0.620 | top results: 5
2026-04-28 12:00:09 | INFO | babydoc.app | Mode: data | Score: 0.620
2026-04-28 12:00:10 | INFO | babydoc.app | Response time: 554ms
2026-04-28 12:00:13 | INFO | babydoc.app | Incoming query: 'how many eggs should a breastfeeding mother eat'
2026-04-28 12:00:13 | DEBUG | babydoc.app | Retrieval score: 0.775 | top results: 5
2026-04-28 12:00:13 | INFO | babydoc.app | Mode: data | Score: 0.775
2026-04-28 12:00:13 | INFO | babydoc.app | Response time: 412ms
2026-04-28 12:00:16 | INFO | babydoc.app | Incoming query: 'diaper rash treatment'
2026-04-28 12:00:16 | DEBUG | babydoc.app | Retrieval score: 0.855 | top results: 5
2026-04-28 12:00:16 | INFO | babydoc.app | Mode: data | Score: 0.855
2026-04-28 12:00:16 | INFO | babydoc.app | Response time: 383ms
2026-04-28 12:00:19 | INFO | babydoc.app | Incoming query: 'when does teething start in babies'
2026-04-28 12:00:19 | DEBUG | babydoc.app | Retrieval score: 0.970 | top results: 5
2026-04-28 12:00:19 | INFO | babydoc.app | Mode: data | Score: 0.970
2026-04-28 12:00:20 | INFO | babydoc.app | Response time: 625ms
2026-04-28 12:00:23 | INFO | babydoc.app | Incoming query: 'postpartum depression mein kya karna chahiye'
2026-04-28 12:00:23 | DEBUG | babydoc.app | Retrieval score: 0.637 | top results: 5
2026-04-28 12:00:23 | INFO | babydoc.app | Mode: data | Score: 0.637
2026-04-28 12:00:24 | INFO | babydoc.app | Response time: 668ms
2026-04-28 12:00:27 | INFO | babydoc.app | Incoming query: 'baby bottle accept nahi kar raha kya karein'
2026-04-28 12:00:27 | DEBUG | babydoc.app | Retrieval score: 0.684 | top results: 5
2026-04-28 12:00:27 | INFO | babydoc.app | Mode: data | Score: 0.684
2026-04-28 12:00:27 | INFO | babydoc.app | Response time: 861ms
2026-04-28 12:00:30 | INFO | babydoc.app | Incoming query: 'when should I introduce cow milk'
2026-04-28 12:00:31 | DEBUG | babydoc.app | Retrieval score: 0.769 | top results: 5
2026-04-28 12:00:31 | INFO | babydoc.app | Mode: data | Score: 0.769
2026-04-28 12:00:31 | INFO | babydoc.app | Response time: 566ms
2026-04-28 12:00:34 | INFO | babydoc.app | Incoming query: 'what supplements should breastfeeding mother take after c section'
2026-04-28 12:00:34 | DEBUG | babydoc.app | Retrieval score: 0.868 | top results: 5
2026-04-28 12:00:34 | INFO | babydoc.app | Mode: data | Score: 0.868
2026-04-28 12:00:35 | INFO | babydoc.app | Response time: 792ms
2026-04-28 12:00:39 | INFO | babydoc.app | Incoming query: 'can I give dry fruits to 8 month old baby'
2026-04-28 12:00:39 | DEBUG | babydoc.app | Retrieval score: 0.844 | top results: 5
2026-04-28 12:00:39 | INFO | babydoc.app | Mode: data | Score: 0.844
2026-04-28 12:00:42 | INFO | babydoc.app | Response time: 2559ms
2026-04-28 12:00:46 | INFO | babydoc.app | Incoming query: 'breastfeeding se weight loss hoti hai kya'
2026-04-28 12:00:46 | DEBUG | babydoc.app | Retrieval score: 0.707 | top results: 5
2026-04-28 12:00:46 | INFO | babydoc.app | Mode: data | Score: 0.707
2026-04-28 12:00:49 | INFO | babydoc.app | Response time: 2966ms
2026-04-28 12:00:54 | INFO | babydoc.app | Incoming query: 'baby ki dry skin pe kya lagayein'
2026-04-28 12:00:54 | DEBUG | babydoc.app | Retrieval score: 0.653 | top results: 5
2026-04-28 12:00:54 | INFO | babydoc.app | Mode: data | Score: 0.653
2026-04-28 12:00:56 | INFO | babydoc.app | Response time: 2545ms
2026-04-28 12:01:01 | INFO | babydoc.app | Incoming query: 'nasal congestion mein kya karein'
2026-04-28 12:01:01 | DEBUG | babydoc.app | Retrieval score: 0.604 | top results: 5
2026-04-28 12:01:01 | INFO | babydoc.app | Mode: data | Score: 0.604
2026-04-28 12:01:03 | INFO | babydoc.app | Response time: 2666ms
2026-04-28 12:01:07 | INFO | babydoc.app | Incoming query: 'kitne ghante tak doodh bahar rakh sakte hain'
2026-04-28 12:01:08 | DEBUG | babydoc.app | Retrieval score: 0.801 | top results: 5
2026-04-28 12:01:08 | INFO | babydoc.app | Mode: data | Score: 0.801
2026-04-28 12:01:11 | INFO | babydoc.app | Response time: 3101ms
2026-04-28 12:01:16 | INFO | babydoc.app | Incoming query: 'breast mein doodh kam aa raha hai kaise badhayein'
2026-04-28 12:01:16 | DEBUG | babydoc.app | Retrieval score: 0.833 | top results: 5
2026-04-28 12:01:16 | INFO | babydoc.app | Mode: data | Score: 0.833
2026-04-28 12:01:19 | INFO | babydoc.app | Response time: 2790ms
2026-04-28 12:01:24 | INFO | babydoc.app | Incoming query: 'my newborn refuses to latch on breast'
2026-04-28 12:01:24 | DEBUG | babydoc.app | Retrieval score: 0.730 | top results: 5
2026-04-28 12:01:24 | INFO | babydoc.app | Mode: data | Score: 0.730
2026-04-28 12:01:26 | INFO | babydoc.app | Response time: 2755ms
2026-04-28 12:01:31 | INFO | babydoc.app | Incoming query: 'nipple crack ho gaya doodh pilane mein takleef ho rahi hai'
2026-04-28 12:01:31 | DEBUG | babydoc.app | Retrieval score: 0.705 | top results: 5
2026-04-28 12:01:31 | INFO | babydoc.app | Mode: data | Score: 0.705
2026-04-28 12:01:35 | INFO | babydoc.app | Response time: 3839ms
2026-04-28 12:01:39 | INFO | babydoc.app | Incoming query: 'baby ka temperature high hai kya dena chahiye'
2026-04-28 12:01:39 | DEBUG | babydoc.app | Retrieval score: 0.735 | top results: 5
2026-04-28 12:01:39 | INFO | babydoc.app | Mode: data | Score: 0.735
2026-04-28 12:01:42 | INFO | babydoc.app | Response time: 2744ms
2026-04-28 12:01:46 | INFO | babydoc.app | Incoming query: 'infant is not passing stool for 3 days'
2026-04-28 12:01:46 | DEBUG | babydoc.app | Retrieval score: 0.768 | top results: 5
2026-04-28 12:01:46 | INFO | babydoc.app | Mode: data | Score: 0.768
2026-04-28 12:01:48 | INFO | babydoc.app | Response time: 2652ms
2026-04-28 12:01:54 | INFO | babydoc.app | Incoming query: 'chhote bachche ko solid food kab se shuru karein'
2026-04-28 12:01:54 | DEBUG | babydoc.app | Retrieval score: 0.652 | top results: 5
2026-04-28 12:01:54 | INFO | babydoc.app | Mode: data | Score: 0.652
2026-04-28 12:01:56 | INFO | babydoc.app | Response time: 2659ms
2026-04-28 12:02:01 | INFO | babydoc.app | Incoming query: 'baby ke nappy area mein lali aa gayi hai'
2026-04-28 12:02:02 | DEBUG | babydoc.app | Retrieval score: 0.774 | top results: 5
2026-04-28 12:02:02 | INFO | babydoc.app | Mode: data | Score: 0.774
2026-04-28 12:02:04 | INFO | babydoc.app | Response time: 2629ms
2026-04-28 12:02:09 | INFO | babydoc.app | Incoming query: 'my baby is teething and very irritable what helps'
2026-04-28 12:02:09 | DEBUG | babydoc.app | Retrieval score: 0.724 | top results: 5
2026-04-28 12:02:09 | INFO | babydoc.app | Mode: data | Score: 0.724
2026-04-28 12:02:11 | INFO | babydoc.app | Response time: 1763ms
2026-04-28 12:02:16 | INFO | babydoc.app | Incoming query: 'mujhe depression ho raha hai delivery ke baad kya karoon'
2026-04-28 12:02:16 | DEBUG | babydoc.app | Retrieval score: 0.801 | top results: 5
2026-04-28 12:02:16 | INFO | babydoc.app | Mode: data | Score: 0.801
2026-04-28 12:02:20 | INFO | babydoc.app | Response time: 3983ms
2026-04-28 12:02:25 | INFO | babydoc.app | Incoming query: 'my baby has runny nose and sneezing a lot'
2026-04-28 12:02:25 | DEBUG | babydoc.app | Retrieval score: 0.814 | top results: 5
2026-04-28 12:02:25 | INFO | babydoc.app | Mode: data | Score: 0.814
2026-04-28 12:02:28 | INFO | babydoc.app | Response time: 2641ms
2026-04-28 12:02:32 | INFO | babydoc.app | Incoming query: 'gaye ka doodh bachche ko kab se de sakte hain'
2026-04-28 12:02:32 | DEBUG | babydoc.app | Retrieval score: 0.779 | top results: 5
2026-04-28 12:02:32 | INFO | babydoc.app | Mode: data | Score: 0.779
2026-04-28 12:02:35 | INFO | babydoc.app | Response time: 2898ms
2026-04-28 12:02:40 | INFO | babydoc.app | Incoming query: 'after cesarean what vitamins should I take while nursing'
2026-04-28 12:02:40 | DEBUG | babydoc.app | Retrieval score: 0.672 | top results: 5
2026-04-28 12:02:40 | INFO | babydoc.app | Mode: data | Score: 0.672
2026-04-28 12:02:43 | INFO | babydoc.app | Response time: 2733ms
2026-04-28 12:02:47 | INFO | babydoc.app | Incoming query: 'infant skin is very flaky and rough what to apply'
2026-04-28 12:02:47 | DEBUG | babydoc.app | Retrieval score: 0.695 | top results: 5
2026-04-28 12:02:47 | INFO | babydoc.app | Mode: data | Score: 0.695
2026-04-28 12:02:50 | INFO | babydoc.app | Response time: 2661ms
2026-04-28 12:02:55 | INFO | babydoc.app | Incoming query: 'bacha feeder se doodh nahi pita kya karein'
2026-04-28 12:02:55 | DEBUG | babydoc.app | Retrieval score: 0.707 | top results: 5
2026-04-28 12:02:55 | INFO | babydoc.app | Mode: data | Score: 0.707
2026-04-28 12:03:00 | INFO | babydoc.app | Response time: 4283ms
2026-04-28 12:03:04 | INFO | babydoc.app | Incoming query: 'can I give ragi to my 6 month old baby'
2026-04-28 12:03:04 | DEBUG | babydoc.app | Retrieval score: 0.918 | top results: 5
2026-04-28 12:03:04 | INFO | babydoc.app | Mode: data | Score: 0.918
2026-04-28 12:03:06 | INFO | babydoc.app | Response time: 1701ms
2026-04-28 12:03:11 | INFO | babydoc.app | Incoming query: 'how much water should I give to a 7 month old baby'
2026-04-28 12:03:11 | DEBUG | babydoc.app | Retrieval score: 0.943 | top results: 5
2026-04-28 12:03:11 | INFO | babydoc.app | Mode: data | Score: 0.943
2026-04-28 12:03:13 | INFO | babydoc.app | Response time: 2498ms
2026-04-28 12:03:18 | INFO | babydoc.app | Incoming query: 'kya breastfeeding ke dauran dental treatment safe hai'
2026-04-28 12:03:18 | DEBUG | babydoc.app | Retrieval score: 0.715 | top results: 5
2026-04-28 12:03:18 | INFO | babydoc.app | Mode: data | Score: 0.715
2026-04-28 12:03:20 | INFO | babydoc.app | Response time: 1644ms
2026-04-28 12:03:25 | INFO | babydoc.app | Incoming query: 'how to burp a baby who falls asleep while breastfeeding'
2026-04-28 12:03:25 | DEBUG | babydoc.app | Retrieval score: 0.802 | top results: 5
2026-04-28 12:03:25 | INFO | babydoc.app | Mode: data | Score: 0.802
2026-04-28 12:03:28 | INFO | babydoc.app | Response time: 2737ms
2026-04-28 12:03:32 | INFO | babydoc.app | Incoming query: 'vitamin d drops kab tak dene chahiye'
2026-04-28 12:03:32 | DEBUG | babydoc.app | Retrieval score: 0.783 | top results: 5
2026-04-28 12:03:32 | INFO | babydoc.app | Mode: data | Score: 0.783
2026-04-28 12:03:34 | INFO | babydoc.app | Response time: 1434ms
2026-04-28 12:03:39 | INFO | babydoc.app | Incoming query: 'can I give banana to my 7 month old'
2026-04-28 12:03:39 | DEBUG | babydoc.app | Retrieval score: 0.765 | top results: 5
2026-04-28 12:03:39 | INFO | babydoc.app | Mode: data | Score: 0.765
2026-04-28 12:03:40 | INFO | babydoc.app | Response time: 1842ms
2026-04-28 12:03:46 | INFO | babydoc.app | Incoming query: 'baby ko colic hai kya karein'
2026-04-28 12:03:46 | DEBUG | babydoc.app | Retrieval score: 0.836 | top results: 5
2026-04-28 12:03:46 | INFO | babydoc.app | Mode: data | Score: 0.836
2026-04-28 12:03:48 | INFO | babydoc.app | Response time: 2268ms
2026-04-28 12:03:54 | INFO | babydoc.app | Incoming query: 'normal weight gain for exclusively breastfed baby'
2026-04-28 12:03:54 | DEBUG | babydoc.app | Retrieval score: 0.753 | top results: 5
2026-04-28 12:03:54 | INFO | babydoc.app | Mode: data | Score: 0.753
2026-04-28 12:03:57 | INFO | babydoc.app | Response time: 2760ms
2026-04-28 12:04:02 | INFO | babydoc.app | Incoming query: 'how to introduce eggs to 6 month old baby'
2026-04-28 12:04:02 | DEBUG | babydoc.app | Retrieval score: 0.692 | top results: 5
2026-04-28 12:04:02 | INFO | babydoc.app | Mode: data | Score: 0.692
2026-04-28 12:04:04 | INFO | babydoc.app | Response time: 1780ms
2026-04-28 12:04:09 | INFO | babydoc.app | Incoming query: 'baby ko iron drops kab se start karein'
2026-04-28 12:04:09 | DEBUG | babydoc.app | Retrieval score: 0.773 | top results: 5
2026-04-28 12:04:09 | INFO | babydoc.app | Mode: data | Score: 0.773
2026-04-28 12:04:11 | INFO | babydoc.app | Response time: 2679ms
2026-04-28 12:04:16 | INFO | babydoc.app | Incoming query: 'my 2 month old baby has fever of 101'
2026-04-28 12:04:16 | WARNING | babydoc.app | Safety triggered for query: 'my 2 month old baby has fever of 101'
2026-04-28 12:04:19 | INFO | babydoc.app | Incoming query: 'mere naye janam liye bachche ko bukhar hai'
2026-04-28 12:04:19 | WARNING | babydoc.app | Safety triggered for query: 'mere naye janam liye bachche ko bukhar hai'
2026-04-28 12:04:22 | INFO | babydoc.app | Incoming query: 'stool mein blood aa raha hai baby ke'
2026-04-28 12:04:22 | WARNING | babydoc.app | Safety triggered for query: 'stool mein blood aa raha hai baby ke'
2026-04-28 12:04:25 | INFO | babydoc.app | Incoming query: 'hi'
2026-04-28 12:04:25 | DEBUG | babydoc.app | Retrieval score: 0.519 | top results: 5
2026-04-28 12:04:25 | INFO | babydoc.app | Mode: weak | Score: 0.519
2026-04-28 12:04:26 | INFO | babydoc.app | Response time: 498ms
2026-04-28 12:04:30 | INFO | babydoc.app | Incoming query: 'my baby is not breathing properly and lips are turning blue'
2026-04-28 12:04:30 | WARNING | babydoc.app | Safety triggered for query: 'my baby is not breathing properly and lips are turning blue'
2026-04-28 12:17:29 | INFO | babydoc.app | Momify API shutting down.
2026-04-28 12:18:05 | INFO | babydoc.app | Momify API starting up...
2026-04-28 12:18:11 | INFO | babydoc.app | Loaded 493 Q&A pairs from data\ALLQA_cleaned.json
2026-04-28 12:18:11 | INFO | babydoc.app | Momify API shutting down.
2026-04-28 12:18:41 | INFO | babydoc.app | Momify API starting up...
2026-04-28 12:18:47 | INFO | babydoc.app | Loaded 493 Q&A pairs from data\ALLQA_cleaned.json
2026-04-28 12:18:48 | INFO | babydoc.app | Momify API shutting down.
2026-04-28 12:19:14 | INFO | babydoc.app | Momify API starting up...
2026-04-28 12:19:19 | INFO | babydoc.app | Loaded 493 Q&A pairs from data\ALLQA_cleaned.json
2026-04-28 12:19:19 | INFO | babydoc.app | Momify API shutting down.
2026-04-28 12:19:44 | INFO | babydoc.app | Momify API starting up...
2026-04-28 12:19:50 | INFO | babydoc.app | Loaded 493 Q&A pairs from data\ALLQA_cleaned.json
2026-04-28 12:19:50 | INFO | babydoc.app | Incoming query: 'how long breast milk can be stored'
2026-04-28 12:19:50 | DEBUG | babydoc.app | Retrieval score: 0.919 | top results: 5
2026-04-28 12:19:50 | INFO | babydoc.app | Mode: data | Score: 0.919
2026-04-28 12:19:51 | INFO | babydoc.app | Response time: 976ms
2026-04-28 12:19:54 | INFO | babydoc.app | Incoming query: 'my milk supply is low how to increase'
2026-04-28 12:19:54 | DEBUG | babydoc.app | Retrieval score: 0.968 | top results: 5
2026-04-28 12:19:54 | INFO | babydoc.app | Mode: data | Score: 0.968
2026-04-28 12:19:55 | INFO | babydoc.app | Response time: 824ms
2026-04-28 12:19:58 | INFO | babydoc.app | Incoming query: 'my baby is not latching what can I do'
2026-04-28 12:19:58 | DEBUG | babydoc.app | Retrieval score: 0.778 | top results: 5
2026-04-28 12:19:58 | INFO | babydoc.app | Mode: data | Score: 0.778
2026-04-28 12:19:59 | INFO | babydoc.app | Response time: 845ms
2026-04-28 12:20:02 | INFO | babydoc.app | Incoming query: 'I have breastfeeding problem my nipples got cracked and it hurts'
2026-04-28 12:20:02 | DEBUG | babydoc.app | Retrieval score: 0.930 | top results: 5
2026-04-28 12:20:02 | INFO | babydoc.app | Mode: data | Score: 0.930
2026-04-28 12:20:03 | INFO | babydoc.app | Response time: 777ms
2026-04-28 12:20:06 | INFO | babydoc.app | Incoming query: 'how to clear blocked milk ducts'
2026-04-28 12:20:06 | DEBUG | babydoc.app | Retrieval score: 0.865 | top results: 5
2026-04-28 12:20:06 | INFO | babydoc.app | Mode: data | Score: 0.865
2026-04-28 12:20:06 | INFO | babydoc.app | Response time: 766ms
2026-04-28 12:20:09 | INFO | babydoc.app | Incoming query: 'baby has fever what to give'
2026-04-28 12:20:09 | DEBUG | babydoc.app | Retrieval score: 0.838 | top results: 5
2026-04-28 12:20:09 | INFO | babydoc.app | Mode: data | Score: 0.838
2026-04-28 12:20:10 | INFO | babydoc.app | Response time: 432ms
2026-04-28 12:20:13 | INFO | babydoc.app | Incoming query: 'my baby is constipated what to do'
2026-04-28 12:20:13 | DEBUG | babydoc.app | Retrieval score: 0.888 | top results: 5
2026-04-28 12:20:13 | INFO | babydoc.app | Mode: data | Score: 0.888
2026-04-28 12:20:14 | INFO | babydoc.app | Response time: 685ms
2026-04-28 12:20:17 | INFO | babydoc.app | Incoming query: 'my baby has loose motions what to do'
2026-04-28 12:20:17 | DEBUG | babydoc.app | Retrieval score: 0.775 | top results: 5
2026-04-28 12:20:17 | INFO | babydoc.app | Mode: data | Score: 0.775
2026-04-28 12:20:17 | INFO | babydoc.app | Response time: 691ms
2026-04-28 12:20:20 | INFO | babydoc.app | Incoming query: 'when can I start solids for my baby'
2026-04-28 12:20:20 | DEBUG | babydoc.app | Retrieval score: 0.620 | top results: 5
2026-04-28 12:20:20 | INFO | babydoc.app | Mode: data | Score: 0.620
2026-04-28 12:20:21 | INFO | babydoc.app | Response time: 870ms
2026-04-28 12:20:24 | INFO | babydoc.app | Incoming query: 'how many eggs should a breastfeeding mother eat'
2026-04-28 12:20:24 | DEBUG | babydoc.app | Retrieval score: 0.775 | top results: 5
2026-04-28 12:20:24 | INFO | babydoc.app | Mode: data | Score: 0.775
2026-04-28 12:20:24 | ERROR | babydoc.app | Groq API error: Error code: 429 - {'error': {'message': 'Rate limit reached for model `llama-3.3-70b-versatile` in organization `org_01kk3rksfxeh5apr70he72t7p4` service tier `on_demand` on tokens per day (TPD): Limit 100000, Used 99920, Requested 931. Please try again in 12m15.264s. Need more tokens? Upgrade to Dev Tier today at https://console.groq.com/settings/billing', 'type': 'tokens', 'code': 'rate_limit_exceeded'}}
2026-04-28 12:20:24 | ERROR | babydoc.app | Unhandled error in /chat: Error code: 429 - {'error': {'message': 'Rate limit reached for model `llama-3.3-70b-versatile` in organization `org_01kk3rksfxeh5apr70he72t7p4` service tier `on_demand` on tokens per day (TPD): Limit 100000, Used 99920, Requested 931. Please try again in 12m15.264s. Need more tokens? Upgrade to Dev Tier today at https://console.groq.com/settings/billing', 'type': 'tokens', 'code': 'rate_limit_exceeded'}}
2026-04-28 12:20:27 | INFO | babydoc.app | Incoming query: 'diaper rash treatment'
2026-04-28 12:20:27 | DEBUG | babydoc.app | Retrieval score: 0.855 | top results: 5
2026-04-28 12:20:27 | INFO | babydoc.app | Mode: data | Score: 0.855
2026-04-28 12:20:27 | ERROR | babydoc.app | Groq API error: Error code: 429 - {'error': {'message': 'Rate limit reached for model `llama-3.3-70b-versatile` in organization `org_01kk3rksfxeh5apr70he72t7p4` service tier `on_demand` on tokens per day (TPD): Limit 100000, Used 99917, Requested 1014. Please try again in 13m24.384s. Need more tokens? Upgrade to Dev Tier today at https://console.groq.com/settings/billing', 'type': 'tokens', 'code': 'rate_limit_exceeded'}}
2026-04-28 12:20:27 | ERROR | babydoc.app | Unhandled error in /chat: Error code: 429 - {'error': {'message': 'Rate limit reached for model `llama-3.3-70b-versatile` in organization `org_01kk3rksfxeh5apr70he72t7p4` service tier `on_demand` on tokens per day (TPD): Limit 100000, Used 99917, Requested 1014. Please try again in 13m24.384s. Need more tokens? Upgrade to Dev Tier today at https://console.groq.com/settings/billing', 'type': 'tokens', 'code': 'rate_limit_exceeded'}}
2026-04-28 12:20:30 | INFO | babydoc.app | Incoming query: 'when does teething start in babies'
2026-04-28 12:20:30 | DEBUG | babydoc.app | Retrieval score: 0.970 | top results: 5
2026-04-28 12:20:30 | INFO | babydoc.app | Mode: data | Score: 0.970
2026-04-28 12:20:30 | ERROR | babydoc.app | Groq API error: Error code: 429 - {'error': {'message': 'Rate limit reached for model `llama-3.3-70b-versatile` in organization `org_01kk3rksfxeh5apr70he72t7p4` service tier `on_demand` on tokens per day (TPD): Limit 100000, Used 99914, Requested 946. Please try again in 12m23.04s. Need more tokens? Upgrade to Dev Tier today at https://console.groq.com/settings/billing', 'type': 'tokens', 'code': 'rate_limit_exceeded'}}
2026-04-28 12:20:30 | ERROR | babydoc.app | Unhandled error in /chat: Error code: 429 - {'error': {'message': 'Rate limit reached for model `llama-3.3-70b-versatile` in organization `org_01kk3rksfxeh5apr70he72t7p4` service tier `on_demand` on tokens per day (TPD): Limit 100000, Used 99914, Requested 946. Please try again in 12m23.04s. Need more tokens? Upgrade to Dev Tier today at https://console.groq.com/settings/billing', 'type': 'tokens', 'code': 'rate_limit_exceeded'}}
2026-04-28 12:20:32 | INFO | babydoc.app | Incoming query: 'postpartum depression mein kya karna chahiye'
2026-04-28 12:20:32 | DEBUG | babydoc.app | Retrieval score: 0.637 | top results: 5
2026-04-28 12:20:32 | INFO | babydoc.app | Mode: data | Score: 0.637
2026-04-28 12:20:32 | ERROR | babydoc.app | Groq API error: Error code: 429 - {'error': {'message': 'Rate limit reached for model `llama-3.3-70b-versatile` in organization `org_01kk3rksfxeh5apr70he72t7p4` service tier `on_demand` on tokens per day (TPD): Limit 100000, Used 99911, Requested 943. Please try again in 12m17.856s. Need more tokens? Upgrade to Dev Tier today at https://console.groq.com/settings/billing', 'type': 'tokens', 'code': 'rate_limit_exceeded'}}
2026-04-28 12:20:32 | ERROR | babydoc.app | Unhandled error in /chat: Error code: 429 - {'error': {'message': 'Rate limit reached for model `llama-3.3-70b-versatile` in organization `org_01kk3rksfxeh5apr70he72t7p4` service tier `on_demand` on tokens per day (TPD): Limit 100000, Used 99911, Requested 943. Please try again in 12m17.856s. Need more tokens? Upgrade to Dev Tier today at https://console.groq.com/settings/billing', 'type': 'tokens', 'code': 'rate_limit_exceeded'}}
2026-04-28 12:25:11 | INFO | babydoc.app | Momify API shutting down.
2026-04-28 12:25:33 | INFO | babydoc.app | Momify API starting up...
2026-04-28 12:25:39 | INFO | babydoc.app | Loaded 493 Q&A pairs from data\ALLQA_cleaned.json
2026-04-28 12:25:39 | INFO | babydoc.app | Momify API shutting down.
2026-04-28 12:26:01 | INFO | babydoc.app | Momify API starting up...
2026-04-28 12:26:06 | INFO | babydoc.app | Loaded 493 Q&A pairs from data\ALLQA_cleaned.json
2026-04-28 12:26:06 | INFO | babydoc.app | Incoming query: 'how long breast milk can be stored'
2026-04-28 12:26:06 | DEBUG | babydoc.app | Retrieval score: 0.919 | top results: 5
2026-04-28 12:26:06 | INFO | babydoc.app | Mode: data | Score: 0.919
2026-04-28 12:26:07 | INFO | babydoc.app | Response time: 910ms
2026-04-28 12:26:10 | INFO | babydoc.app | Incoming query: 'my milk supply is low how to increase'
2026-04-28 12:26:10 | DEBUG | babydoc.app | Retrieval score: 0.968 | top results: 5
2026-04-28 12:26:10 | INFO | babydoc.app | Mode: data | Score: 0.968
2026-04-28 12:26:11 | INFO | babydoc.app | Response time: 534ms
2026-04-28 12:26:14 | INFO | babydoc.app | Incoming query: 'my baby is not latching what can I do'
2026-04-28 12:26:14 | DEBUG | babydoc.app | Retrieval score: 0.778 | top results: 5
2026-04-28 12:26:14 | INFO | babydoc.app | Mode: data | Score: 0.778
2026-04-28 12:26:15 | INFO | babydoc.app | Response time: 1065ms
2026-04-28 12:26:18 | INFO | babydoc.app | Incoming query: 'I have breastfeeding problem my nipples got cracked and it hurts'
2026-04-28 12:26:18 | DEBUG | babydoc.app | Retrieval score: 0.930 | top results: 5
2026-04-28 12:26:18 | INFO | babydoc.app | Mode: data | Score: 0.930
2026-04-28 12:26:19 | INFO | babydoc.app | Response time: 977ms
2026-04-28 12:26:22 | INFO | babydoc.app | Incoming query: 'how to clear blocked milk ducts'
2026-04-28 12:26:22 | DEBUG | babydoc.app | Retrieval score: 0.865 | top results: 5
2026-04-28 12:26:22 | INFO | babydoc.app | Mode: data | Score: 0.865
2026-04-28 12:26:23 | INFO | babydoc.app | Response time: 659ms
2026-04-28 12:26:26 | INFO | babydoc.app | Incoming query: 'baby has fever what to give'
2026-04-28 12:26:26 | DEBUG | babydoc.app | Retrieval score: 0.838 | top results: 5
2026-04-28 12:26:26 | INFO | babydoc.app | Mode: data | Score: 0.838
2026-04-28 12:26:26 | INFO | babydoc.app | Response time: 298ms
2026-04-28 12:26:29 | INFO | babydoc.app | Incoming query: 'my baby is constipated what to do'
2026-04-28 12:26:29 | DEBUG | babydoc.app | Retrieval score: 0.888 | top results: 5
2026-04-28 12:26:29 | INFO | babydoc.app | Mode: data | Score: 0.888
2026-04-28 12:26:30 | INFO | babydoc.app | Response time: 626ms
2026-04-28 12:26:33 | INFO | babydoc.app | Incoming query: 'my baby has loose motions what to do'
2026-04-28 12:26:33 | DEBUG | babydoc.app | Retrieval score: 0.775 | top results: 5
2026-04-28 12:26:33 | INFO | babydoc.app | Mode: data | Score: 0.775
2026-04-28 12:26:33 | INFO | babydoc.app | Response time: 601ms
2026-04-28 12:26:36 | INFO | babydoc.app | Incoming query: 'when can I start solids for my baby'
2026-04-28 12:26:36 | DEBUG | babydoc.app | Retrieval score: 0.620 | top results: 5
2026-04-28 12:26:36 | INFO | babydoc.app | Mode: data | Score: 0.620
2026-04-28 12:26:37 | INFO | babydoc.app | Response time: 587ms
2026-04-28 12:26:40 | INFO | babydoc.app | Incoming query: 'how many eggs should a breastfeeding mother eat'
2026-04-28 12:26:40 | DEBUG | babydoc.app | Retrieval score: 0.775 | top results: 5
2026-04-28 12:26:40 | INFO | babydoc.app | Mode: data | Score: 0.775
2026-04-28 12:26:40 | INFO | babydoc.app | Response time: 455ms
2026-04-28 12:26:43 | INFO | babydoc.app | Incoming query: 'diaper rash treatment'
2026-04-28 12:26:43 | DEBUG | babydoc.app | Retrieval score: 0.855 | top results: 5
2026-04-28 12:26:43 | INFO | babydoc.app | Mode: data | Score: 0.855
2026-04-28 12:26:44 | INFO | babydoc.app | Response time: 679ms
2026-04-28 12:26:47 | INFO | babydoc.app | Incoming query: 'when does teething start in babies'
2026-04-28 12:26:47 | DEBUG | babydoc.app | Retrieval score: 0.970 | top results: 5
2026-04-28 12:26:47 | INFO | babydoc.app | Mode: data | Score: 0.970
2026-04-28 12:26:48 | INFO | babydoc.app | Response time: 450ms
2026-04-28 12:26:51 | INFO | babydoc.app | Incoming query: 'postpartum depression mein kya karna chahiye'
2026-04-28 12:26:51 | DEBUG | babydoc.app | Retrieval score: 0.637 | top results: 5
2026-04-28 12:26:51 | INFO | babydoc.app | Mode: data | Score: 0.637
2026-04-28 12:26:51 | INFO | babydoc.app | Response time: 650ms
2026-04-28 12:26:54 | INFO | babydoc.app | Incoming query: 'baby bottle accept nahi kar raha kya karein'
2026-04-28 12:26:54 | DEBUG | babydoc.app | Retrieval score: 0.684 | top results: 5
2026-04-28 12:26:54 | INFO | babydoc.app | Mode: data | Score: 0.684
2026-04-28 12:26:57 | INFO | babydoc.app | Response time: 3004ms
2026-04-28 12:27:04 | INFO | babydoc.app | Incoming query: 'when should I introduce cow milk'
2026-04-28 12:27:04 | DEBUG | babydoc.app | Retrieval score: 0.769 | top results: 5
2026-04-28 12:27:04 | INFO | babydoc.app | Mode: data | Score: 0.769
2026-04-28 12:27:05 | INFO | babydoc.app | Response time: 1745ms
2026-04-28 12:27:10 | INFO | babydoc.app | Incoming query: 'what supplements should breastfeeding mother take after c section'
2026-04-28 12:27:10 | DEBUG | babydoc.app | Retrieval score: 0.868 | top results: 5
2026-04-28 12:27:10 | INFO | babydoc.app | Mode: data | Score: 0.868
2026-04-28 12:27:13 | INFO | babydoc.app | Response time: 2227ms
2026-04-28 12:27:18 | INFO | babydoc.app | Incoming query: 'can I give dry fruits to 8 month old baby'
2026-04-28 12:27:18 | DEBUG | babydoc.app | Retrieval score: 0.844 | top results: 5
2026-04-28 12:27:18 | INFO | babydoc.app | Mode: data | Score: 0.844
2026-04-28 12:27:20 | INFO | babydoc.app | Response time: 1876ms
2026-04-28 12:27:26 | INFO | babydoc.app | Incoming query: 'breastfeeding se weight loss hoti hai kya'
2026-04-28 12:27:26 | DEBUG | babydoc.app | Retrieval score: 0.707 | top results: 5
2026-04-28 12:27:26 | INFO | babydoc.app | Mode: data | Score: 0.707
2026-04-28 12:27:28 | INFO | babydoc.app | Response time: 2039ms
2026-04-28 12:27:33 | INFO | babydoc.app | Incoming query: 'baby ki dry skin pe kya lagayein'
2026-04-28 12:27:33 | DEBUG | babydoc.app | Retrieval score: 0.653 | top results: 5
2026-04-28 12:27:33 | INFO | babydoc.app | Mode: data | Score: 0.653
2026-04-28 12:27:34 | INFO | babydoc.app | Response time: 1707ms
2026-04-28 12:27:39 | INFO | babydoc.app | Incoming query: 'nasal congestion mein kya karein'
2026-04-28 12:27:39 | DEBUG | babydoc.app | Retrieval score: 0.604 | top results: 5
2026-04-28 12:27:39 | INFO | babydoc.app | Mode: data | Score: 0.604
2026-04-28 12:27:42 | INFO | babydoc.app | Response time: 2689ms
2026-04-28 12:27:47 | INFO | babydoc.app | Incoming query: 'kitne ghante tak doodh bahar rakh sakte hain'
2026-04-28 12:27:47 | DEBUG | babydoc.app | Retrieval score: 0.801 | top results: 5
2026-04-28 12:27:47 | INFO | babydoc.app | Mode: data | Score: 0.801
2026-04-28 12:27:49 | INFO | babydoc.app | Response time: 1963ms
2026-04-28 12:27:56 | INFO | babydoc.app | Incoming query: 'breast mein doodh kam aa raha hai kaise badhayein'
2026-04-28 12:27:56 | DEBUG | babydoc.app | Retrieval score: 0.833 | top results: 5
2026-04-28 12:27:56 | INFO | babydoc.app | Mode: data | Score: 0.833
2026-04-28 12:27:57 | INFO | babydoc.app | Response time: 1927ms
2026-04-28 12:28:04 | INFO | babydoc.app | Incoming query: 'my newborn refuses to latch on breast'
2026-04-28 12:28:04 | DEBUG | babydoc.app | Retrieval score: 0.730 | top results: 5
2026-04-28 12:28:04 | INFO | babydoc.app | Mode: data | Score: 0.730
2026-04-28 12:28:06 | INFO | babydoc.app | Response time: 2041ms
2026-04-28 12:28:11 | INFO | babydoc.app | Incoming query: 'nipple crack ho gaya doodh pilane mein takleef ho rahi hai'
2026-04-28 12:28:11 | DEBUG | babydoc.app | Retrieval score: 0.705 | top results: 5
2026-04-28 12:28:11 | INFO | babydoc.app | Mode: data | Score: 0.705
2026-04-28 12:28:13 | INFO | babydoc.app | Response time: 2106ms
2026-04-28 12:28:19 | INFO | babydoc.app | Incoming query: 'baby ka temperature high hai kya dena chahiye'
2026-04-28 12:28:19 | DEBUG | babydoc.app | Retrieval score: 0.735 | top results: 5
2026-04-28 12:28:19 | INFO | babydoc.app | Mode: data | Score: 0.735
2026-04-28 12:28:21 | INFO | babydoc.app | Response time: 1802ms
2026-04-28 12:28:26 | INFO | babydoc.app | Incoming query: 'infant is not passing stool for 3 days'
2026-04-28 12:28:26 | DEBUG | babydoc.app | Retrieval score: 0.768 | top results: 5
2026-04-28 12:28:26 | INFO | babydoc.app | Mode: data | Score: 0.768
2026-04-28 12:28:29 | INFO | babydoc.app | Response time: 2938ms
2026-04-28 12:28:33 | INFO | babydoc.app | Incoming query: 'chhote bachche ko solid food kab se shuru karein'
2026-04-28 12:28:33 | DEBUG | babydoc.app | Retrieval score: 0.652 | top results: 5
2026-04-28 12:28:33 | INFO | babydoc.app | Mode: data | Score: 0.652
2026-04-28 12:28:36 | INFO | babydoc.app | Response time: 3195ms
2026-04-28 12:28:41 | INFO | babydoc.app | Incoming query: 'baby ke nappy area mein lali aa gayi hai'
2026-04-28 12:28:41 | DEBUG | babydoc.app | Retrieval score: 0.774 | top results: 5
2026-04-28 12:28:41 | INFO | babydoc.app | Mode: data | Score: 0.774
2026-04-28 12:28:44 | INFO | babydoc.app | Response time: 2775ms
2026-04-28 12:28:49 | INFO | babydoc.app | Incoming query: 'my baby is teething and very irritable what helps'
2026-04-28 12:28:49 | DEBUG | babydoc.app | Retrieval score: 0.724 | top results: 5
2026-04-28 12:28:49 | INFO | babydoc.app | Mode: data | Score: 0.724
2026-04-28 12:28:51 | INFO | babydoc.app | Response time: 1910ms
2026-04-28 12:28:57 | INFO | babydoc.app | Incoming query: 'mujhe depression ho raha hai delivery ke baad kya karoon'
2026-04-28 12:28:57 | DEBUG | babydoc.app | Retrieval score: 0.801 | top results: 5
2026-04-28 12:28:57 | INFO | babydoc.app | Mode: data | Score: 0.801
2026-04-28 12:28:59 | INFO | babydoc.app | Response time: 1974ms
2026-04-28 12:29:05 | INFO | babydoc.app | Incoming query: 'my baby has runny nose and sneezing a lot'
2026-04-28 12:29:06 | DEBUG | babydoc.app | Retrieval score: 0.814 | top results: 5
2026-04-28 12:29:06 | INFO | babydoc.app | Mode: data | Score: 0.814
2026-04-28 12:29:07 | INFO | babydoc.app | Response time: 1683ms
2026-04-28 12:29:12 | INFO | babydoc.app | Incoming query: 'gaye ka doodh bachche ko kab se de sakte hain'
2026-04-28 12:29:12 | DEBUG | babydoc.app | Retrieval score: 0.779 | top results: 5
2026-04-28 12:29:12 | INFO | babydoc.app | Mode: data | Score: 0.779
2026-04-28 12:29:15 | INFO | babydoc.app | Response time: 2876ms
2026-04-28 12:29:20 | INFO | babydoc.app | Incoming query: 'after cesarean what vitamins should I take while nursing'
2026-04-28 12:29:20 | DEBUG | babydoc.app | Retrieval score: 0.672 | top results: 5
2026-04-28 12:29:20 | INFO | babydoc.app | Mode: data | Score: 0.672
2026-04-28 12:29:22 | INFO | babydoc.app | Response time: 2071ms
2026-04-28 12:29:28 | INFO | babydoc.app | Incoming query: 'infant skin is very flaky and rough what to apply'
2026-04-28 12:29:28 | DEBUG | babydoc.app | Retrieval score: 0.695 | top results: 5
2026-04-28 12:29:28 | INFO | babydoc.app | Mode: data | Score: 0.695
2026-04-28 12:29:30 | INFO | babydoc.app | Response time: 1815ms
2026-04-28 12:29:35 | INFO | babydoc.app | Incoming query: 'bacha feeder se doodh nahi pita kya karein'
2026-04-28 12:29:35 | DEBUG | babydoc.app | Retrieval score: 0.707 | top results: 5
2026-04-28 12:29:35 | INFO | babydoc.app | Mode: data | Score: 0.707
2026-04-28 12:29:38 | INFO | babydoc.app | Response time: 3190ms
2026-04-28 12:29:44 | INFO | babydoc.app | Incoming query: 'can I give ragi to my 6 month old baby'
2026-04-28 12:29:44 | DEBUG | babydoc.app | Retrieval score: 0.918 | top results: 5
2026-04-28 12:29:44 | INFO | babydoc.app | Mode: data | Score: 0.918
2026-04-28 12:29:46 | INFO | babydoc.app | Response time: 1961ms
2026-04-28 12:29:51 | INFO | babydoc.app | Incoming query: 'how much water should I give to a 7 month old baby'
2026-04-28 12:29:51 | DEBUG | babydoc.app | Retrieval score: 0.943 | top results: 5
2026-04-28 12:29:51 | INFO | babydoc.app | Mode: data | Score: 0.943
2026-04-28 12:29:54 | INFO | babydoc.app | Response time: 2803ms
2026-04-28 12:29:58 | INFO | babydoc.app | Incoming query: 'kya breastfeeding ke dauran dental treatment safe hai'
2026-04-28 12:29:58 | DEBUG | babydoc.app | Retrieval score: 0.715 | top results: 5
2026-04-28 12:29:58 | INFO | babydoc.app | Mode: data | Score: 0.715
2026-04-28 12:30:00 | INFO | babydoc.app | Response time: 2749ms
2026-04-28 12:30:04 | INFO | babydoc.app | Incoming query: 'how to burp a baby who falls asleep while breastfeeding'
2026-04-28 12:30:05 | DEBUG | babydoc.app | Retrieval score: 0.802 | top results: 5
2026-04-28 12:30:05 | INFO | babydoc.app | Mode: data | Score: 0.802
2026-04-28 12:30:07 | INFO | babydoc.app | Response time: 2818ms
2026-04-28 12:30:12 | INFO | babydoc.app | Incoming query: 'vitamin d drops kab tak dene chahiye'
2026-04-28 12:30:12 | DEBUG | babydoc.app | Retrieval score: 0.783 | top results: 5
2026-04-28 12:30:12 | INFO | babydoc.app | Mode: data | Score: 0.783
2026-04-28 12:30:15 | INFO | babydoc.app | Response time: 2843ms
2026-04-28 12:30:20 | INFO | babydoc.app | Incoming query: 'can I give banana to my 7 month old'
2026-04-28 12:30:20 | DEBUG | babydoc.app | Retrieval score: 0.765 | top results: 5
2026-04-28 12:30:20 | INFO | babydoc.app | Mode: data | Score: 0.765
2026-04-28 12:30:22 | INFO | babydoc.app | Response time: 1730ms
2026-04-28 12:30:27 | INFO | babydoc.app | Incoming query: 'baby ko colic hai kya karein'
2026-04-28 12:30:27 | DEBUG | babydoc.app | Retrieval score: 0.836 | top results: 5
2026-04-28 12:30:27 | INFO | babydoc.app | Mode: data | Score: 0.836
2026-04-28 12:30:29 | INFO | babydoc.app | Response time: 2189ms
2026-04-28 12:30:35 | INFO | babydoc.app | Incoming query: 'normal weight gain for exclusively breastfed baby'
2026-04-28 12:30:35 | DEBUG | babydoc.app | Retrieval score: 0.753 | top results: 5
2026-04-28 12:30:35 | INFO | babydoc.app | Mode: data | Score: 0.753
2026-04-28 12:30:37 | INFO | babydoc.app | Response time: 2720ms
2026-04-28 12:30:43 | INFO | babydoc.app | Incoming query: 'how to introduce eggs to 6 month old baby'
2026-04-28 12:30:43 | DEBUG | babydoc.app | Retrieval score: 0.692 | top results: 5
2026-04-28 12:30:43 | INFO | babydoc.app | Mode: data | Score: 0.692
2026-04-28 12:30:44 | INFO | babydoc.app | Response time: 1596ms
2026-04-28 12:30:49 | INFO | babydoc.app | Incoming query: 'baby ko iron drops kab se start karein'
2026-04-28 12:30:49 | DEBUG | babydoc.app | Retrieval score: 0.773 | top results: 5
2026-04-28 12:30:49 | INFO | babydoc.app | Mode: data | Score: 0.773
2026-04-28 12:30:51 | INFO | babydoc.app | Response time: 1704ms
2026-04-28 12:30:56 | INFO | babydoc.app | Incoming query: 'my 2 month old baby has fever of 101'
2026-04-28 12:30:56 | WARNING | babydoc.app | Safety triggered for query: 'my 2 month old baby has fever of 101'
2026-04-28 12:30:59 | INFO | babydoc.app | Incoming query: 'mere naye janam liye bachche ko bukhar hai'
2026-04-28 12:30:59 | WARNING | babydoc.app | Safety triggered for query: 'mere naye janam liye bachche ko bukhar hai'
2026-04-28 12:31:02 | INFO | babydoc.app | Incoming query: 'stool mein blood aa raha hai baby ke'
2026-04-28 12:31:02 | WARNING | babydoc.app | Safety triggered for query: 'stool mein blood aa raha hai baby ke'
2026-04-28 12:31:05 | INFO | babydoc.app | Incoming query: 'hi'
2026-04-28 12:31:06 | DEBUG | babydoc.app | Retrieval score: 0.519 | top results: 5
2026-04-28 12:31:06 | INFO | babydoc.app | Mode: weak | Score: 0.519
2026-04-28 12:31:06 | INFO | babydoc.app | Response time: 509ms
2026-04-28 12:31:10 | INFO | babydoc.app | Incoming query: 'my baby is not breathing properly and lips are turning blue'
2026-04-28 12:31:10 | WARNING | babydoc.app | Safety triggered for query: 'my baby is not breathing properly and lips are turning blue'
2026-04-28 12:43:57 | INFO | babydoc.app | Incoming query: 'my baby is having fever'
2026-04-28 12:43:57 | DEBUG | babydoc.app | Retrieval score: 0.880 | top results: 5
2026-04-28 12:43:57 | INFO | babydoc.app | Mode: data | Score: 0.880
2026-04-28 12:43:57 | INFO | babydoc.app | Response time: 591ms
2026-04-28 12:44:17 | INFO | babydoc.app | Incoming query: 'his weight is 12 kg and temp is 101 F'
2026-04-28 12:44:18 | DEBUG | babydoc.app | Retrieval score: 0.577 | top results: 5
2026-04-28 12:44:18 | INFO | babydoc.app | Mode: weak | Score: 0.577
2026-04-28 12:44:19 | INFO | babydoc.app | Response time: 1457ms
2026-04-28 12:50:07 | INFO | babydoc.app | Momify API shutting down.
2026-04-28 12:50:41 | INFO | babydoc.app | Momify API starting up...
2026-04-28 12:50:47 | INFO | babydoc.app | Loaded 493 Q&A pairs from data\ALLQA_cleaned.json
2026-04-28 12:50:47 | INFO | babydoc.app | Momify API shutting down.
2026-04-28 12:51:09 | INFO | babydoc.app | Momify API starting up...
2026-04-28 12:51:14 | INFO | babydoc.app | Loaded 493 Q&A pairs from data\ALLQA_cleaned.json
2026-04-28 12:51:14 | INFO | babydoc.app | Incoming query: 'how long breast milk can be stored'
2026-04-28 12:51:14 | DEBUG | babydoc.app | Retrieval score: 0.919 | top results: 5
2026-04-28 12:51:14 | INFO | babydoc.app | Mode: data | Score: 0.919
2026-04-28 12:51:15 | INFO | babydoc.app | Incoming query: 'my milk supply is low how to increase'
2026-04-28 12:51:15 | DEBUG | babydoc.app | Retrieval score: 0.968 | top results: 5
2026-04-28 12:51:15 | INFO | babydoc.app | Mode: data | Score: 0.968
2026-04-28 12:51:15 | INFO | babydoc.app | Response time: 925ms
2026-04-28 12:51:16 | INFO | babydoc.app | Response time: 489ms
2026-04-28 12:51:19 | INFO | babydoc.app | Incoming query: 'my baby is not latching what can I do'
2026-04-28 12:51:19 | DEBUG | babydoc.app | Retrieval score: 0.778 | top results: 5
2026-04-28 12:51:19 | INFO | babydoc.app | Mode: data | Score: 0.778
2026-04-28 12:51:19 | INFO | babydoc.app | Response time: 520ms
2026-04-28 12:51:22 | INFO | babydoc.app | Incoming query: 'I have breastfeeding problem my nipples got cracked and it hurts'
2026-04-28 12:51:22 | DEBUG | babydoc.app | Retrieval score: 0.930 | top results: 5
2026-04-28 12:51:22 | INFO | babydoc.app | Mode: data | Score: 0.930
2026-04-28 12:51:22 | INFO | babydoc.app | Response time: 395ms
2026-04-28 12:51:26 | INFO | babydoc.app | Incoming query: 'how to clear blocked milk ducts'
2026-04-28 12:51:26 | DEBUG | babydoc.app | Retrieval score: 0.865 | top results: 5
2026-04-28 12:51:26 | INFO | babydoc.app | Mode: data | Score: 0.865
2026-04-28 12:51:26 | INFO | babydoc.app | Response time: 389ms
2026-04-28 12:51:29 | INFO | babydoc.app | Incoming query: 'baby has fever what to give'
2026-04-28 12:51:29 | DEBUG | babydoc.app | Retrieval score: 0.838 | top results: 5
2026-04-28 12:51:29 | INFO | babydoc.app | Mode: data | Score: 0.838
2026-04-28 12:51:29 | INFO | babydoc.app | Response time: 357ms
2026-04-28 12:51:33 | INFO | babydoc.app | Incoming query: 'my baby is constipated what to do'
2026-04-28 12:51:33 | DEBUG | babydoc.app | Retrieval score: 0.888 | top results: 5
2026-04-28 12:51:33 | INFO | babydoc.app | Mode: data | Score: 0.888
2026-04-28 12:51:33 | INFO | babydoc.app | Response time: 409ms
2026-04-28 12:51:36 | INFO | babydoc.app | Incoming query: 'my baby has loose motions what to do'
2026-04-28 12:51:36 | DEBUG | babydoc.app | Retrieval score: 0.775 | top results: 5
2026-04-28 12:51:36 | INFO | babydoc.app | Mode: data | Score: 0.775
2026-04-28 12:51:36 | INFO | babydoc.app | Response time: 282ms
2026-04-28 12:51:39 | INFO | babydoc.app | Incoming query: 'when can I start solids for my baby'
2026-04-28 12:51:39 | DEBUG | babydoc.app | Retrieval score: 0.620 | top results: 5
2026-04-28 12:51:39 | INFO | babydoc.app | Mode: data | Score: 0.620
2026-04-28 12:51:40 | INFO | babydoc.app | Response time: 470ms
2026-04-28 12:51:43 | INFO | babydoc.app | Incoming query: 'how many eggs should a breastfeeding mother eat'
2026-04-28 12:51:43 | DEBUG | babydoc.app | Retrieval score: 0.775 | top results: 5
2026-04-28 12:51:43 | INFO | babydoc.app | Mode: data | Score: 0.775
2026-04-28 12:51:43 | INFO | babydoc.app | Response time: 292ms
2026-04-28 12:51:46 | INFO | babydoc.app | Incoming query: 'diaper rash treatment'
2026-04-28 12:51:46 | DEBUG | babydoc.app | Retrieval score: 0.855 | top results: 5
2026-04-28 12:51:46 | INFO | babydoc.app | Mode: data | Score: 0.855
2026-04-28 12:51:46 | INFO | babydoc.app | Response time: 384ms
2026-04-28 12:51:49 | INFO | babydoc.app | Incoming query: 'when does teething start in babies'
2026-04-28 12:51:49 | DEBUG | babydoc.app | Retrieval score: 0.970 | top results: 5
2026-04-28 12:51:49 | INFO | babydoc.app | Mode: data | Score: 0.970
2026-04-28 12:51:51 | INFO | babydoc.app | Response time: 1359ms
2026-04-28 12:51:55 | INFO | babydoc.app | Incoming query: 'postpartum depression mein kya karna chahiye'
2026-04-28 12:51:55 | DEBUG | babydoc.app | Retrieval score: 0.637 | top results: 5
2026-04-28 12:51:55 | INFO | babydoc.app | Mode: data | Score: 0.637
2026-04-28 12:51:57 | INFO | babydoc.app | Response time: 2377ms
2026-04-28 12:52:02 | INFO | babydoc.app | Incoming query: 'baby bottle accept nahi kar raha kya karein'
2026-04-28 12:52:02 | DEBUG | babydoc.app | Retrieval score: 0.684 | top results: 5
2026-04-28 12:52:02 | INFO | babydoc.app | Mode: data | Score: 0.684
2026-04-28 12:52:05 | INFO | babydoc.app | Response time: 3816ms
2026-04-28 12:52:10 | INFO | babydoc.app | Incoming query: 'when should I introduce cow milk'
2026-04-28 12:52:10 | DEBUG | babydoc.app | Retrieval score: 0.769 | top results: 5
2026-04-28 12:52:10 | INFO | babydoc.app | Mode: data | Score: 0.769
2026-04-28 12:52:12 | INFO | babydoc.app | Response time: 2426ms
2026-04-28 12:52:17 | INFO | babydoc.app | Incoming query: 'what supplements should breastfeeding mother take after c section'
2026-04-28 12:52:17 | DEBUG | babydoc.app | Retrieval score: 0.868 | top results: 5
2026-04-28 12:52:17 | INFO | babydoc.app | Mode: data | Score: 0.868
2026-04-28 12:52:19 | INFO | babydoc.app | Response time: 1673ms
2026-04-28 12:52:24 | INFO | babydoc.app | Incoming query: 'can I give dry fruits to 8 month old baby'
2026-04-28 12:52:24 | DEBUG | babydoc.app | Retrieval score: 0.844 | top results: 5
2026-04-28 12:52:24 | INFO | babydoc.app | Mode: data | Score: 0.844
2026-04-28 12:52:57 | INFO | babydoc.app | Incoming query: 'breastfeeding se weight loss hoti hai kya'
2026-04-28 12:52:57 | DEBUG | babydoc.app | Retrieval score: 0.707 | top results: 5
2026-04-28 12:52:57 | INFO | babydoc.app | Mode: data | Score: 0.707
2026-04-28 12:52:57 | ERROR | babydoc.app | Groq API error: Error code: 429 - {'error': {'message': 'Rate limit reached for model `llama-3.3-70b-versatile` in organization `org_01kq9dt3c6evybd7n87jtn1yfm` service tier `on_demand` on tokens per day (TPD): Limit 100000, Used 99370, Requested 986. Please try again in 5m7.584s. Need more tokens? Upgrade to Dev Tier today at https://console.groq.com/settings/billing', 'type': 'tokens', 'code': 'rate_limit_exceeded'}}
2026-04-28 12:52:57 | ERROR | babydoc.app | Unhandled error in /chat: Error code: 429 - {'error': {'message': 'Rate limit reached for model `llama-3.3-70b-versatile` in organization `org_01kq9dt3c6evybd7n87jtn1yfm` service tier `on_demand` on tokens per day (TPD): Limit 100000, Used 99370, Requested 986. Please try again in 5m7.584s. Need more tokens? Upgrade to Dev Tier today at https://console.groq.com/settings/billing', 'type': 'tokens', 'code': 'rate_limit_exceeded'}}
2026-04-28 12:53:00 | INFO | babydoc.app | Incoming query: 'baby ki dry skin pe kya lagayein'
2026-04-28 12:53:00 | DEBUG | babydoc.app | Retrieval score: 0.653 | top results: 5
2026-04-28 12:53:00 | INFO | babydoc.app | Mode: data | Score: 0.653
2026-04-28 12:53:00 | ERROR | babydoc.app | Groq API error: Error code: 429 - {'error': {'message': 'Rate limit reached for model `llama-3.3-70b-versatile` in organization `org_01kq9dt3c6evybd7n87jtn1yfm` service tier `on_demand` on tokens per day (TPD): Limit 100000, Used 99770, Requested 956. Please try again in 10m27.264s. Need more tokens? Upgrade to Dev Tier today at https://console.groq.com/settings/billing', 'type': 'tokens', 'code': 'rate_limit_exceeded'}}
2026-04-28 12:53:00 | ERROR | babydoc.app | Unhandled error in /chat: Error code: 429 - {'error': {'message': 'Rate limit reached for model `llama-3.3-70b-versatile` in organization `org_01kq9dt3c6evybd7n87jtn1yfm` service tier `on_demand` on tokens per day (TPD): Limit 100000, Used 99770, Requested 956. Please try again in 10m27.264s. Need more tokens? Upgrade to Dev Tier today at https://console.groq.com/settings/billing', 'type': 'tokens', 'code': 'rate_limit_exceeded'}}
2026-04-28 12:53:03 | INFO | babydoc.app | Incoming query: 'nasal congestion mein kya karein'
2026-04-28 12:53:03 | DEBUG | babydoc.app | Retrieval score: 0.604 | top results: 5
2026-04-28 12:53:03 | INFO | babydoc.app | Mode: data | Score: 0.604
2026-04-28 12:53:03 | ERROR | babydoc.app | Groq API error: Error code: 429 - {'error': {'message': 'Rate limit reached for model `llama-3.3-70b-versatile` in organization `org_01kq9dt3c6evybd7n87jtn1yfm` service tier `on_demand` on tokens per day (TPD): Limit 100000, Used 99767, Requested 1024. Please try again in 11m23.424s. Need more tokens? Upgrade to Dev Tier today at https://console.groq.com/settings/billing', 'type': 'tokens', 'code': 'rate_limit_exceeded'}}
2026-04-28 12:53:03 | ERROR | babydoc.app | Unhandled error in /chat: Error code: 429 - {'error': {'message': 'Rate limit reached for model `llama-3.3-70b-versatile` in organization `org_01kq9dt3c6evybd7n87jtn1yfm` service tier `on_demand` on tokens per day (TPD): Limit 100000, Used 99767, Requested 1024. Please try again in 11m23.424s. Need more tokens? Upgrade to Dev Tier today at https://console.groq.com/settings/billing', 'type': 'tokens', 'code': 'rate_limit_exceeded'}}
2026-04-28 12:53:05 | INFO | babydoc.app | Incoming query: 'kitne ghante tak doodh bahar rakh sakte hain'
2026-04-28 12:53:06 | DEBUG | babydoc.app | Retrieval score: 0.801 | top results: 5
2026-04-28 12:53:06 | INFO | babydoc.app | Mode: data | Score: 0.801
2026-04-28 12:53:06 | ERROR | babydoc.app | Groq API error: Error code: 429 - {'error': {'message': 'Rate limit reached for model `llama-3.3-70b-versatile` in organization `org_01kq9dt3c6evybd7n87jtn1yfm` service tier `on_demand` on tokens per day (TPD): Limit 100000, Used 99764, Requested 1002. Please try again in 11m1.824s. Need more tokens? Upgrade to Dev Tier today at https://console.groq.com/settings/billing', 'type': 'tokens', 'code': 'rate_limit_exceeded'}}
2026-04-28 12:53:06 | ERROR | babydoc.app | Unhandled error in /chat: Error code: 429 - {'error': {'message': 'Rate limit reached for model `llama-3.3-70b-versatile` in organization `org_01kq9dt3c6evybd7n87jtn1yfm` service tier `on_demand` on tokens per day (TPD): Limit 100000, Used 99764, Requested 1002. Please try again in 11m1.824s. Need more tokens? Upgrade to Dev Tier today at https://console.groq.com/settings/billing', 'type': 'tokens', 'code': 'rate_limit_exceeded'}}
2026-04-28 12:53:08 | INFO | babydoc.app | Incoming query: 'breast mein doodh kam aa raha hai kaise badhayein'
2026-04-28 12:53:08 | DEBUG | babydoc.app | Retrieval score: 0.833 | top results: 5
2026-04-28 12:53:08 | INFO | babydoc.app | Mode: data | Score: 0.833
2026-04-28 12:53:08 | ERROR | babydoc.app | Groq API error: Error code: 429 - {'error': {'message': 'Rate limit reached for model `llama-3.3-70b-versatile` in organization `org_01kq9dt3c6evybd7n87jtn1yfm` service tier `on_demand` on tokens per day (TPD): Limit 100000, Used 99761, Requested 1026. Please try again in 11m19.968s. Need more tokens? Upgrade to Dev Tier today at https://console.groq.com/settings/billing', 'type': 'tokens', 'code': 'rate_limit_exceeded'}}
2026-04-28 12:53:08 | ERROR | babydoc.app | Unhandled error in /chat: Error code: 429 - {'error': {'message': 'Rate limit reached for model `llama-3.3-70b-versatile` in organization `org_01kq9dt3c6evybd7n87jtn1yfm` service tier `on_demand` on tokens per day (TPD): Limit 100000, Used 99761, Requested 1026. Please try again in 11m19.968s. Need more tokens? Upgrade to Dev Tier today at https://console.groq.com/settings/billing', 'type': 'tokens', 'code': 'rate_limit_exceeded'}}
2026-04-28 12:53:08 | ERROR | babydoc.app | Groq API error: Error code: 429 - {'error': {'message': 'Rate limit reached for model `llama-3.3-70b-versatile` in organization `org_01kq9dt3c6evybd7n87jtn1yfm` service tier `on_demand` on tokens per day (TPD): Limit 100000, Used 99761, Requested 1003. Please try again in 11m0.096s. Need more tokens? Upgrade to Dev Tier today at https://console.groq.com/settings/billing', 'type': 'tokens', 'code': 'rate_limit_exceeded'}}
2026-04-28 12:53:08 | ERROR | babydoc.app | Unhandled error in /chat: Error code: 429 - {'error': {'message': 'Rate limit reached for model `llama-3.3-70b-versatile` in organization `org_01kq9dt3c6evybd7n87jtn1yfm` service tier `on_demand` on tokens per day (TPD): Limit 100000, Used 99761, Requested 1003. Please try again in 11m0.096s. Need more tokens? Upgrade to Dev Tier today at https://console.groq.com/settings/billing', 'type': 'tokens', 'code': 'rate_limit_exceeded'}}
2026-04-28 12:53:11 | INFO | babydoc.app | Incoming query: 'my newborn refuses to latch on breast'
2026-04-28 12:53:11 | DEBUG | babydoc.app | Retrieval score: 0.730 | top results: 5
2026-04-28 12:53:11 | INFO | babydoc.app | Mode: data | Score: 0.730
2026-04-28 12:53:11 | ERROR | babydoc.app | Groq API error: Error code: 429 - {'error': {'message': 'Rate limit reached for model `llama-3.3-70b-versatile` in organization `org_01kq9dt3c6evybd7n87jtn1yfm` service tier `on_demand` on tokens per day (TPD): Limit 100000, Used 99758, Requested 1028. Please try again in 11m19.104s. Need more tokens? Upgrade to Dev Tier today at https://console.groq.com/settings/billing', 'type': 'tokens', 'code': 'rate_limit_exceeded'}}
2026-04-28 12:53:11 | ERROR | babydoc.app | Unhandled error in /chat: Error code: 429 - {'error': {'message': 'Rate limit reached for model `llama-3.3-70b-versatile` in organization `org_01kq9dt3c6evybd7n87jtn1yfm` service tier `on_demand` on tokens per day (TPD): Limit 100000, Used 99758, Requested 1028. Please try again in 11m19.104s. Need more tokens? Upgrade to Dev Tier today at https://console.groq.com/settings/billing', 'type': 'tokens', 'code': 'rate_limit_exceeded'}}
2026-04-28 12:53:14 | INFO | babydoc.app | Incoming query: 'nipple crack ho gaya doodh pilane mein takleef ho rahi hai'
2026-04-28 12:53:14 | DEBUG | babydoc.app | Retrieval score: 0.705 | top results: 5
2026-04-28 12:53:14 | INFO | babydoc.app | Mode: data | Score: 0.705
2026-04-28 12:53:14 | ERROR | babydoc.app | Groq API error: Error code: 429 - {'error': {'message': 'Rate limit reached for model `llama-3.3-70b-versatile` in organization `org_01kq9dt3c6evybd7n87jtn1yfm` service tier `on_demand` on tokens per day (TPD): Limit 100000, Used 99755, Requested 1059. Please try again in 11m43.295999999s. Need more tokens? Upgrade to Dev Tier today at https://console.groq.com/settings/billing', 'type': 'tokens', 'code': 'rate_limit_exceeded'}}
2026-04-28 12:53:14 | ERROR | babydoc.app | Unhandled error in /chat: Error code: 429 - {'error': {'message': 'Rate limit reached for model `llama-3.3-70b-versatile` in organization `org_01kq9dt3c6evybd7n87jtn1yfm` service tier `on_demand` on tokens per day (TPD): Limit 100000, Used 99755, Requested 1059. Please try again in 11m43.295999999s. Need more tokens? Upgrade to Dev Tier today at https://console.groq.com/settings/billing', 'type': 'tokens', 'code': 'rate_limit_exceeded'}}
2026-04-28 12:53:16 | INFO | babydoc.app | Incoming query: 'baby ka temperature high hai kya dena chahiye'
2026-04-28 12:53:16 | DEBUG | babydoc.app | Retrieval score: 0.735 | top results: 5
2026-04-28 12:53:16 | INFO | babydoc.app | Mode: data | Score: 0.735
2026-04-28 12:53:16 | ERROR | babydoc.app | Groq API error: Error code: 429 - {'error': {'message': 'Rate limit reached for model `llama-3.3-70b-versatile` in organization `org_01kq9dt3c6evybd7n87jtn1yfm` service tier `on_demand` on tokens per day (TPD): Limit 100000, Used 99752, Requested 974. Please try again in 10m27.264s. Need more tokens? Upgrade to Dev Tier today at https://console.groq.com/settings/billing', 'type': 'tokens', 'code': 'rate_limit_exceeded'}}
2026-04-28 12:53:16 | ERROR | babydoc.app | Unhandled error in /chat: Error code: 429 - {'error': {'message': 'Rate limit reached for model `llama-3.3-70b-versatile` in organization `org_01kq9dt3c6evybd7n87jtn1yfm` service tier `on_demand` on tokens per day (TPD): Limit 100000, Used 99752, Requested 974. Please try again in 10m27.264s. Need more tokens? Upgrade to Dev Tier today at https://console.groq.com/settings/billing', 'type': 'tokens', 'code': 'rate_limit_exceeded'}}
2026-04-28 12:53:19 | INFO | babydoc.app | Incoming query: 'infant is not passing stool for 3 days'
2026-04-28 12:53:19 | DEBUG | babydoc.app | Retrieval score: 0.768 | top results: 5
2026-04-28 12:53:19 | INFO | babydoc.app | Mode: data | Score: 0.768
2026-04-28 12:53:19 | ERROR | babydoc.app | Groq API error: Error code: 429 - {'error': {'message': 'Rate limit reached for model `llama-3.3-70b-versatile` in organization `org_01kq9dt3c6evybd7n87jtn1yfm` service tier `on_demand` on tokens per day (TPD): Limit 100000, Used 99748, Requested 1022. Please try again in 11m5.28s. Need more tokens? Upgrade to Dev Tier today at https://console.groq.com/settings/billing', 'type': 'tokens', 'code': 'rate_limit_exceeded'}}
2026-04-28 12:53:19 | ERROR | babydoc.app | Unhandled error in /chat: Error code: 429 - {'error': {'message': 'Rate limit reached for model `llama-3.3-70b-versatile` in organization `org_01kq9dt3c6evybd7n87jtn1yfm` service tier `on_demand` on tokens per day (TPD): Limit 100000, Used 99748, Requested 1022. Please try again in 11m5.28s. Need more tokens? Upgrade to Dev Tier today at https://console.groq.com/settings/billing', 'type': 'tokens', 'code': 'rate_limit_exceeded'}}
2026-04-28 12:53:22 | INFO | babydoc.app | Incoming query: 'chhote bachche ko solid food kab se shuru karein'
2026-04-28 12:53:22 | DEBUG | babydoc.app | Retrieval score: 0.652 | top results: 5
2026-04-28 12:53:22 | INFO | babydoc.app | Mode: data | Score: 0.652
2026-04-28 12:53:22 | ERROR | babydoc.app | Groq API error: Error code: 429 - {'error': {'message': 'Rate limit reached for model `llama-3.3-70b-versatile` in organization `org_01kq9dt3c6evybd7n87jtn1yfm` service tier `on_demand` on tokens per day (TPD): Limit 100000, Used 99745, Requested 1101. Please try again in 12m10.944s. Need more tokens? Upgrade to Dev Tier today at https://console.groq.com/settings/billing', 'type': 'tokens', 'code': 'rate_limit_exceeded'}}
2026-04-28 12:53:22 | ERROR | babydoc.app | Unhandled error in /chat: Error code: 429 - {'error': {'message': 'Rate limit reached for model `llama-3.3-70b-versatile` in organization `org_01kq9dt3c6evybd7n87jtn1yfm` service tier `on_demand` on tokens per day (TPD): Limit 100000, Used 99745, Requested 1101. Please try again in 12m10.944s. Need more tokens? Upgrade to Dev Tier today at https://console.groq.com/settings/billing', 'type': 'tokens', 'code': 'rate_limit_exceeded'}}
2026-04-28 12:53:25 | INFO | babydoc.app | Incoming query: 'baby ke nappy area mein lali aa gayi hai'
2026-04-28 12:53:25 | DEBUG | babydoc.app | Retrieval score: 0.774 | top results: 5
2026-04-28 12:53:25 | INFO | babydoc.app | Mode: data | Score: 0.774
2026-04-28 12:53:25 | ERROR | babydoc.app | Groq API error: Error code: 429 - {'error': {'message': 'Rate limit reached for model `llama-3.3-70b-versatile` in organization `org_01kq9dt3c6evybd7n87jtn1yfm` service tier `on_demand` on tokens per day (TPD): Limit 100000, Used 99742, Requested 1022. Please try again in 11m0.096s. Need more tokens? Upgrade to Dev Tier today at https://console.groq.com/settings/billing', 'type': 'tokens', 'code': 'rate_limit_exceeded'}}
2026-04-28 12:53:25 | ERROR | babydoc.app | Unhandled error in /chat: Error code: 429 - {'error': {'message': 'Rate limit reached for model `llama-3.3-70b-versatile` in organization `org_01kq9dt3c6evybd7n87jtn1yfm` service tier `on_demand` on tokens per day (TPD): Limit 100000, Used 99742, Requested 1022. Please try again in 11m0.096s. Need more tokens? Upgrade to Dev Tier today at https://console.groq.com/settings/billing', 'type': 'tokens', 'code': 'rate_limit_exceeded'}}
2026-04-28 12:53:27 | INFO | babydoc.app | Incoming query: 'my baby is teething and very irritable what helps'
2026-04-28 12:53:27 | DEBUG | babydoc.app | Retrieval score: 0.724 | top results: 5
2026-04-28 12:53:27 | INFO | babydoc.app | Mode: data | Score: 0.724
2026-04-28 12:53:28 | ERROR | babydoc.app | Groq API error: Error code: 429 - {'error': {'message': 'Rate limit reached for model `llama-3.3-70b-versatile` in organization `org_01kq9dt3c6evybd7n87jtn1yfm` service tier `on_demand` on tokens per day (TPD): Limit 100000, Used 99739, Requested 978. Please try again in 10m19.488s. Need more tokens? Upgrade to Dev Tier today at https://console.groq.com/settings/billing', 'type': 'tokens', 'code': 'rate_limit_exceeded'}}
2026-04-28 12:53:28 | ERROR | babydoc.app | Unhandled error in /chat: Error code: 429 - {'error': {'message': 'Rate limit reached for model `llama-3.3-70b-versatile` in organization `org_01kq9dt3c6evybd7n87jtn1yfm` service tier `on_demand` on tokens per day (TPD): Limit 100000, Used 99739, Requested 978. Please try again in 10m19.488s. Need more tokens? Upgrade to Dev Tier today at https://console.groq.com/settings/billing', 'type': 'tokens', 'code': 'rate_limit_exceeded'}}
2026-04-28 12:53:30 | INFO | babydoc.app | Incoming query: 'mujhe depression ho raha hai delivery ke baad kya karoon'
2026-04-28 12:53:30 | DEBUG | babydoc.app | Retrieval score: 0.801 | top results: 5
2026-04-28 12:53:30 | INFO | babydoc.app | Mode: data | Score: 0.801
2026-04-28 12:53:30 | ERROR | babydoc.app | Groq API error: Error code: 429 - {'error': {'message': 'Rate limit reached for model `llama-3.3-70b-versatile` in organization `org_01kq9dt3c6evybd7n87jtn1yfm` service tier `on_demand` on tokens per day (TPD): Limit 100000, Used 99736, Requested 1072. Please try again in 11m38.112s. Need more tokens? Upgrade to Dev Tier today at https://console.groq.com/settings/billing', 'type': 'tokens', 'code': 'rate_limit_exceeded'}}
2026-04-28 12:53:30 | ERROR | babydoc.app | Unhandled error in /chat: Error code: 429 - {'error': {'message': 'Rate limit reached for model `llama-3.3-70b-versatile` in organization `org_01kq9dt3c6evybd7n87jtn1yfm` service tier `on_demand` on tokens per day (TPD): Limit 100000, Used 99736, Requested 1072. Please try again in 11m38.112s. Need more tokens? Upgrade to Dev Tier today at https://console.groq.com/settings/billing', 'type': 'tokens', 'code': 'rate_limit_exceeded'}}
2026-04-28 12:53:33 | INFO | babydoc.app | Incoming query: 'my baby has runny nose and sneezing a lot'
2026-04-28 12:53:33 | DEBUG | babydoc.app | Retrieval score: 0.814 | top results: 5
2026-04-28 12:53:33 | INFO | babydoc.app | Mode: data | Score: 0.814
2026-04-28 12:53:33 | ERROR | babydoc.app | Groq API error: Error code: 429 - {'error': {'message': 'Rate limit reached for model `llama-3.3-70b-versatile` in organization `org_01kq9dt3c6evybd7n87jtn1yfm` service tier `on_demand` on tokens per day (TPD): Limit 100000, Used 99732, Requested 1029. Please try again in 10m57.504s. Need more tokens? Upgrade to Dev Tier today at https://console.groq.com/settings/billing', 'type': 'tokens', 'code': 'rate_limit_exceeded'}}
2026-04-28 12:53:33 | ERROR | babydoc.app | Unhandled error in /chat: Error code: 429 - {'error': {'message': 'Rate limit reached for model `llama-3.3-70b-versatile` in organization `org_01kq9dt3c6evybd7n87jtn1yfm` service tier `on_demand` on tokens per day (TPD): Limit 100000, Used 99732, Requested 1029. Please try again in 10m57.504s. Need more tokens? Upgrade to Dev Tier today at https://console.groq.com/settings/billing', 'type': 'tokens', 'code': 'rate_limit_exceeded'}}
2026-04-28 12:53:36 | INFO | babydoc.app | Incoming query: 'gaye ka doodh bachche ko kab se de sakte hain'
2026-04-28 12:53:36 | DEBUG | babydoc.app | Retrieval score: 0.779 | top results: 5
2026-04-28 12:53:36 | INFO | babydoc.app | Mode: data | Score: 0.779
2026-04-28 12:53:36 | ERROR | babydoc.app | Groq API error: Error code: 429 - {'error': {'message': 'Rate limit reached for model `llama-3.3-70b-versatile` in organization `org_01kq9dt3c6evybd7n87jtn1yfm` service tier `on_demand` on tokens per day (TPD): Limit 100000, Used 99729, Requested 1033. Please try again in 10m58.368s. Need more tokens? Upgrade to Dev Tier today at https://console.groq.com/settings/billing', 'type': 'tokens', 'code': 'rate_limit_exceeded'}}
2026-04-28 12:53:36 | ERROR | babydoc.app | Unhandled error in /chat: Error code: 429 - {'error': {'message': 'Rate limit reached for model `llama-3.3-70b-versatile` in organization `org_01kq9dt3c6evybd7n87jtn1yfm` service tier `on_demand` on tokens per day (TPD): Limit 100000, Used 99729, Requested 1033. Please try again in 10m58.368s. Need more tokens? Upgrade to Dev Tier today at https://console.groq.com/settings/billing', 'type': 'tokens', 'code': 'rate_limit_exceeded'}}
2026-04-28 12:53:39 | INFO | babydoc.app | Incoming query: 'after cesarean what vitamins should I take while nursing'
2026-04-28 12:53:39 | DEBUG | babydoc.app | Retrieval score: 0.672 | top results: 5
2026-04-28 12:53:39 | INFO | babydoc.app | Mode: data | Score: 0.672
2026-04-28 12:53:39 | ERROR | babydoc.app | Groq API error: Error code: 429 - {'error': {'message': 'Rate limit reached for model `llama-3.3-70b-versatile` in organization `org_01kq9dt3c6evybd7n87jtn1yfm` service tier `on_demand` on tokens per day (TPD): Limit 100000, Used 99726, Requested 984. Please try again in 10m13.44s. Need more tokens? Upgrade to Dev Tier today at https://console.groq.com/settings/billing', 'type': 'tokens', 'code': 'rate_limit_exceeded'}}
2026-04-28 12:53:39 | ERROR | babydoc.app | Unhandled error in /chat: Error code: 429 - {'error': {'message': 'Rate limit reached for model `llama-3.3-70b-versatile` in organization `org_01kq9dt3c6evybd7n87jtn1yfm` service tier `on_demand` on tokens per day (TPD): Limit 100000, Used 99726, Requested 984. Please try again in 10m13.44s. Need more tokens? Upgrade to Dev Tier today at https://console.groq.com/settings/billing', 'type': 'tokens', 'code': 'rate_limit_exceeded'}}
2026-04-28 12:53:41 | INFO | babydoc.app | Incoming query: 'infant skin is very flaky and rough what to apply'
2026-04-28 12:53:41 | DEBUG | babydoc.app | Retrieval score: 0.695 | top results: 5
2026-04-28 12:53:41 | INFO | babydoc.app | Mode: data | Score: 0.695
2026-04-28 12:53:41 | ERROR | babydoc.app | Groq API error: Error code: 429 - {'error': {'message': 'Rate limit reached for model `llama-3.3-70b-versatile` in organization `org_01kq9dt3c6evybd7n87jtn1yfm` service tier `on_demand` on tokens per day (TPD): Limit 100000, Used 99723, Requested 993. Please try again in 10m18.624s. Need more tokens? Upgrade to Dev Tier today at https://console.groq.com/settings/billing', 'type': 'tokens', 'code': 'rate_limit_exceeded'}}
2026-04-28 12:53:41 | ERROR | babydoc.app | Unhandled error in /chat: Error code: 429 - {'error': {'message': 'Rate limit reached for model `llama-3.3-70b-versatile` in organization `org_01kq9dt3c6evybd7n87jtn1yfm` service tier `on_demand` on tokens per day (TPD): Limit 100000, Used 99723, Requested 993. Please try again in 10m18.624s. Need more tokens? Upgrade to Dev Tier today at https://console.groq.com/settings/billing', 'type': 'tokens', 'code': 'rate_limit_exceeded'}}
2026-04-28 12:53:44 | INFO | babydoc.app | Incoming query: 'bacha feeder se doodh nahi pita kya karein'
2026-04-28 12:53:44 | DEBUG | babydoc.app | Retrieval score: 0.707 | top results: 5
2026-04-28 12:53:44 | INFO | babydoc.app | Mode: data | Score: 0.707
2026-04-28 12:53:44 | ERROR | babydoc.app | Groq API error: Error code: 429 - {'error': {'message': 'Rate limit reached for model `llama-3.3-70b-versatile` in organization `org_01kq9dt3c6evybd7n87jtn1yfm` service tier `on_demand` on tokens per day (TPD): Limit 100000, Used 99719, Requested 1149. Please try again in 12m29.952s. Need more tokens? Upgrade to Dev Tier today at https://console.groq.com/settings/billing', 'type': 'tokens', 'code': 'rate_limit_exceeded'}}
2026-04-28 12:53:44 | ERROR | babydoc.app | Unhandled error in /chat: Error code: 429 - {'error': {'message': 'Rate limit reached for model `llama-3.3-70b-versatile` in organization `org_01kq9dt3c6evybd7n87jtn1yfm` service tier `on_demand` on tokens per day (TPD): Limit 100000, Used 99719, Requested 1149. Please try again in 12m29.952s. Need more tokens? Upgrade to Dev Tier today at https://console.groq.com/settings/billing', 'type': 'tokens', 'code': 'rate_limit_exceeded'}}
2026-04-28 12:53:47 | INFO | babydoc.app | Incoming query: 'can I give ragi to my 6 month old baby'
2026-04-28 12:53:47 | DEBUG | babydoc.app | Retrieval score: 0.918 | top results: 5
2026-04-28 12:53:47 | INFO | babydoc.app | Mode: data | Score: 0.918
2026-04-28 12:53:47 | ERROR | babydoc.app | Groq API error: Error code: 429 - {'error': {'message': 'Rate limit reached for model `llama-3.3-70b-versatile` in organization `org_01kq9dt3c6evybd7n87jtn1yfm` service tier `on_demand` on tokens per day (TPD): Limit 100000, Used 99716, Requested 968. Please try again in 9m50.976s. Need more tokens? Upgrade to Dev Tier today at https://console.groq.com/settings/billing', 'type': 'tokens', 'code': 'rate_limit_exceeded'}}
2026-04-28 12:53:47 | ERROR | babydoc.app | Unhandled error in /chat: Error code: 429 - {'error': {'message': 'Rate limit reached for model `llama-3.3-70b-versatile` in organization `org_01kq9dt3c6evybd7n87jtn1yfm` service tier `on_demand` on tokens per day (TPD): Limit 100000, Used 99716, Requested 968. Please try again in 9m50.976s. Need more tokens? Upgrade to Dev Tier today at https://console.groq.com/settings/billing', 'type': 'tokens', 'code': 'rate_limit_exceeded'}}
2026-04-28 12:53:50 | INFO | babydoc.app | Incoming query: 'how much water should I give to a 7 month old baby'
2026-04-28 12:53:50 | DEBUG | babydoc.app | Retrieval score: 0.943 | top results: 5
2026-04-28 12:53:50 | INFO | babydoc.app | Mode: data | Score: 0.943
2026-04-28 12:53:50 | ERROR | babydoc.app | Groq API error: Error code: 429 - {'error': {'message': 'Rate limit reached for model `llama-3.3-70b-versatile` in organization `org_01kq9dt3c6evybd7n87jtn1yfm` service tier `on_demand` on tokens per day (TPD): Limit 100000, Used 99713, Requested 950. Please try again in 9m32.832s. Need more tokens? Upgrade to Dev Tier today at https://console.groq.com/settings/billing', 'type': 'tokens', 'code': 'rate_limit_exceeded'}}
2026-04-28 12:53:50 | ERROR | babydoc.app | Unhandled error in /chat: Error code: 429 - {'error': {'message': 'Rate limit reached for model `llama-3.3-70b-versatile` in organization `org_01kq9dt3c6evybd7n87jtn1yfm` service tier `on_demand` on tokens per day (TPD): Limit 100000, Used 99713, Requested 950. Please try again in 9m32.832s. Need more tokens? Upgrade to Dev Tier today at https://console.groq.com/settings/billing', 'type': 'tokens', 'code': 'rate_limit_exceeded'}}
2026-04-28 12:53:52 | INFO | babydoc.app | Incoming query: 'kya breastfeeding ke dauran dental treatment safe hai'
2026-04-28 12:53:52 | DEBUG | babydoc.app | Retrieval score: 0.715 | top results: 5
2026-04-28 12:53:52 | INFO | babydoc.app | Mode: data | Score: 0.715
2026-04-28 12:53:52 | ERROR | babydoc.app | Groq API error: Error code: 429 - {'error': {'message': 'Rate limit reached for model `llama-3.3-70b-versatile` in organization `org_01kq9dt3c6evybd7n87jtn1yfm` service tier `on_demand` on tokens per day (TPD): Limit 100000, Used 99710, Requested 954. Please try again in 9m33.696s. Need more tokens? Upgrade to Dev Tier today at https://console.groq.com/settings/billing', 'type': 'tokens', 'code': 'rate_limit_exceeded'}}
2026-04-28 12:53:52 | ERROR | babydoc.app | Unhandled error in /chat: Error code: 429 - {'error': {'message': 'Rate limit reached for model `llama-3.3-70b-versatile` in organization `org_01kq9dt3c6evybd7n87jtn1yfm` service tier `on_demand` on tokens per day (TPD): Limit 100000, Used 99710, Requested 954. Please try again in 9m33.696s. Need more tokens? Upgrade to Dev Tier today at https://console.groq.com/settings/billing', 'type': 'tokens', 'code': 'rate_limit_exceeded'}}
2026-04-28 12:53:55 | INFO | babydoc.app | Incoming query: 'how to burp a baby who falls asleep while breastfeeding'
2026-04-28 12:53:55 | DEBUG | babydoc.app | Retrieval score: 0.802 | top results: 5
2026-04-28 12:53:55 | INFO | babydoc.app | Mode: data | Score: 0.802
2026-04-28 12:53:55 | ERROR | babydoc.app | Groq API error: Error code: 429 - {'error': {'message': 'Rate limit reached for model `llama-3.3-70b-versatile` in organization `org_01kq9dt3c6evybd7n87jtn1yfm` service tier `on_demand` on tokens per day (TPD): Limit 100000, Used 99707, Requested 1070. Please try again in 11m11.328s. Need more tokens? Upgrade to Dev Tier today at https://console.groq.com/settings/billing', 'type': 'tokens', 'code': 'rate_limit_exceeded'}}
2026-04-28 12:53:55 | ERROR | babydoc.app | Unhandled error in /chat: Error code: 429 - {'error': {'message': 'Rate limit reached for model `llama-3.3-70b-versatile` in organization `org_01kq9dt3c6evybd7n87jtn1yfm` service tier `on_demand` on tokens per day (TPD): Limit 100000, Used 99707, Requested 1070. Please try again in 11m11.328s. Need more tokens? Upgrade to Dev Tier today at https://console.groq.com/settings/billing', 'type': 'tokens', 'code': 'rate_limit_exceeded'}}
2026-04-28 12:53:58 | INFO | babydoc.app | Incoming query: 'vitamin d drops kab tak dene chahiye'
2026-04-28 12:53:58 | DEBUG | babydoc.app | Retrieval score: 0.783 | top results: 5
2026-04-28 12:53:58 | INFO | babydoc.app | Mode: data | Score: 0.783
2026-04-28 12:53:58 | ERROR | babydoc.app | Groq API error: Error code: 429 - {'error': {'message': 'Rate limit reached for model `llama-3.3-70b-versatile` in organization `org_01kq9dt3c6evybd7n87jtn1yfm` service tier `on_demand` on tokens per day (TPD): Limit 100000, Used 99704, Requested 936. Please try again in 9m12.96s. Need more tokens? Upgrade to Dev Tier today at https://console.groq.com/settings/billing', 'type': 'tokens', 'code': 'rate_limit_exceeded'}}
2026-04-28 12:53:58 | ERROR | babydoc.app | Unhandled error in /chat: Error code: 429 - {'error': {'message': 'Rate limit reached for model `llama-3.3-70b-versatile` in organization `org_01kq9dt3c6evybd7n87jtn1yfm` service tier `on_demand` on tokens per day (TPD): Limit 100000, Used 99704, Requested 936. Please try again in 9m12.96s. Need more tokens? Upgrade to Dev Tier today at https://console.groq.com/settings/billing', 'type': 'tokens', 'code': 'rate_limit_exceeded'}}
2026-04-28 12:54:01 | INFO | babydoc.app | Incoming query: 'can I give banana to my 7 month old'
2026-04-28 12:54:01 | DEBUG | babydoc.app | Retrieval score: 0.765 | top results: 5
2026-04-28 12:54:01 | INFO | babydoc.app | Mode: data | Score: 0.765
2026-04-28 12:54:01 | ERROR | babydoc.app | Groq API error: Error code: 429 - {'error': {'message': 'Rate limit reached for model `llama-3.3-70b-versatile` in organization `org_01kq9dt3c6evybd7n87jtn1yfm` service tier `on_demand` on tokens per day (TPD): Limit 100000, Used 99700, Requested 958. Please try again in 9m28.512s. Need more tokens? Upgrade to Dev Tier today at https://console.groq.com/settings/billing', 'type': 'tokens', 'code': 'rate_limit_exceeded'}}
2026-04-28 12:54:01 | ERROR | babydoc.app | Unhandled error in /chat: Error code: 429 - {'error': {'message': 'Rate limit reached for model `llama-3.3-70b-versatile` in organization `org_01kq9dt3c6evybd7n87jtn1yfm` service tier `on_demand` on tokens per day (TPD): Limit 100000, Used 99700, Requested 958. Please try again in 9m28.512s. Need more tokens? Upgrade to Dev Tier today at https://console.groq.com/settings/billing', 'type': 'tokens', 'code': 'rate_limit_exceeded'}}
2026-04-28 12:54:03 | INFO | babydoc.app | Incoming query: 'baby ko colic hai kya karein'
2026-04-28 12:54:03 | DEBUG | babydoc.app | Retrieval score: 0.836 | top results: 5
2026-04-28 12:54:03 | INFO | babydoc.app | Mode: data | Score: 0.836
2026-04-28 12:54:03 | ERROR | babydoc.app | Groq API error: Error code: 429 - {'error': {'message': 'Rate limit reached for model `llama-3.3-70b-versatile` in organization `org_01kq9dt3c6evybd7n87jtn1yfm` service tier `on_demand` on tokens per day (TPD): Limit 100000, Used 99697, Requested 963. Please try again in 9m30.24s. Need more tokens? Upgrade to Dev Tier today at https://console.groq.com/settings/billing', 'type': 'tokens', 'code': 'rate_limit_exceeded'}}
2026-04-28 12:54:03 | ERROR | babydoc.app | Unhandled error in /chat: Error code: 429 - {'error': {'message': 'Rate limit reached for model `llama-3.3-70b-versatile` in organization `org_01kq9dt3c6evybd7n87jtn1yfm` service tier `on_demand` on tokens per day (TPD): Limit 100000, Used 99697, Requested 963. Please try again in 9m30.24s. Need more tokens? Upgrade to Dev Tier today at https://console.groq.com/settings/billing', 'type': 'tokens', 'code': 'rate_limit_exceeded'}}
2026-04-28 12:54:06 | INFO | babydoc.app | Incoming query: 'normal weight gain for exclusively breastfed baby'
2026-04-28 12:54:06 | DEBUG | babydoc.app | Retrieval score: 0.753 | top results: 5
2026-04-28 12:54:06 | INFO | babydoc.app | Mode: data | Score: 0.753
2026-04-28 12:54:06 | ERROR | babydoc.app | Groq API error: Error code: 429 - {'error': {'message': 'Rate limit reached for model `llama-3.3-70b-versatile` in organization `org_01kq9dt3c6evybd7n87jtn1yfm` service tier `on_demand` on tokens per day (TPD): Limit 100000, Used 99694, Requested 1117. Please try again in 11m40.704s. Need more tokens? Upgrade to Dev Tier today at https://console.groq.com/settings/billing', 'type': 'tokens', 'code': 'rate_limit_exceeded'}}
2026-04-28 12:54:06 | ERROR | babydoc.app | Unhandled error in /chat: Error code: 429 - {'error': {'message': 'Rate limit reached for model `llama-3.3-70b-versatile` in organization `org_01kq9dt3c6evybd7n87jtn1yfm` service tier `on_demand` on tokens per day (TPD): Limit 100000, Used 99694, Requested 1117. Please try again in 11m40.704s. Need more tokens? Upgrade to Dev Tier today at https://console.groq.com/settings/billing', 'type': 'tokens', 'code': 'rate_limit_exceeded'}}
2026-04-28 12:59:16 | INFO | babydoc.app | Incoming query: 'how to introduce eggs to 6 month old baby'
2026-04-28 12:59:17 | DEBUG | babydoc.app | Retrieval score: 0.692 | top results: 5
2026-04-28 12:59:17 | INFO | babydoc.app | Mode: data | Score: 0.692
2026-04-28 12:59:18 | ERROR | babydoc.app | Groq API error: Connection error.
2026-04-28 12:59:18 | ERROR | babydoc.app | Unhandled error in /chat: Connection error.
2026-04-28 13:42:40 | INFO | babydoc.app | Incoming query: 'baby ko iron drops kab se start karein'
2026-04-28 13:42:42 | DEBUG | babydoc.app | Retrieval score: 0.773 | top results: 5
2026-04-28 13:42:42 | INFO | babydoc.app | Mode: data | Score: 0.773
2026-04-28 13:42:44 | INFO | babydoc.app | Response time: 3113ms
2026-04-28 13:42:47 | INFO | babydoc.app | Incoming query: 'my 2 month old baby has fever of 101'
2026-04-28 13:42:47 | WARNING | babydoc.app | Safety triggered for query: 'my 2 month old baby has fever of 101'
2026-04-28 13:42:50 | INFO | babydoc.app | Incoming query: 'mere naye janam liye bachche ko bukhar hai'
2026-04-28 13:42:50 | WARNING | babydoc.app | Safety triggered for query: 'mere naye janam liye bachche ko bukhar hai'
2026-04-28 13:42:53 | INFO | babydoc.app | Incoming query: 'stool mein blood aa raha hai baby ke'
2026-04-28 13:42:53 | WARNING | babydoc.app | Safety triggered for query: 'stool mein blood aa raha hai baby ke'
2026-04-28 13:42:55 | INFO | babydoc.app | Incoming query: 'hi'
2026-04-28 13:42:55 | DEBUG | babydoc.app | Retrieval score: 0.519 | top results: 5
2026-04-28 13:42:55 | INFO | babydoc.app | Mode: weak | Score: 0.519
2026-04-28 13:42:55 | ERROR | babydoc.app | Groq API error: Error code: 429 - {'error': {'message': 'Rate limit reached for model `llama-3.3-70b-versatile` in organization `org_01kq9dt3c6evybd7n87jtn1yfm` service tier `on_demand` on tokens per day (TPD): Limit 100000, Used 99721, Requested 949. Please try again in 9m38.88s. Need more tokens? Upgrade to Dev Tier today at https://console.groq.com/settings/billing', 'type': 'tokens', 'code': 'rate_limit_exceeded'}}
2026-04-28 13:42:55 | ERROR | babydoc.app | Unhandled error in /chat: Error code: 429 - {'error': {'message': 'Rate limit reached for model `llama-3.3-70b-versatile` in organization `org_01kq9dt3c6evybd7n87jtn1yfm` service tier `on_demand` on tokens per day (TPD): Limit 100000, Used 99721, Requested 949. Please try again in 9m38.88s. Need more tokens? Upgrade to Dev Tier today at https://console.groq.com/settings/billing', 'type': 'tokens', 'code': 'rate_limit_exceeded'}}
2026-04-28 13:42:58 | INFO | babydoc.app | Incoming query: 'my baby is not breathing properly and lips are turning blue'
2026-04-28 13:42:58 | WARNING | babydoc.app | Safety triggered for query: 'my baby is not breathing properly and lips are turning blue'
2026-04-28 13:47:46 | INFO | babydoc.app | Incoming query: 'ok'
2026-04-28 13:47:46 | DEBUG | babydoc.app | Retrieval score: 0.660 | top results: 5
2026-04-28 13:47:46 | INFO | babydoc.app | Mode: data | Score: 0.660
2026-04-28 13:47:46 | ERROR | babydoc.app | Groq API error: Error code: 429 - {'error': {'message': 'Rate limit reached for model `llama-3.3-70b-versatile` in organization `org_01kq9dt3c6evybd7n87jtn1yfm` service tier `on_demand` on tokens per day (TPD): Limit 100000, Used 99385, Requested 1904. Please try again in 18m33.696s. Need more tokens? Upgrade to Dev Tier today at https://console.groq.com/settings/billing', 'type': 'tokens', 'code': 'rate_limit_exceeded'}}
2026-04-28 13:47:46 | ERROR | babydoc.app | Unhandled error in /chat: Error code: 429 - {'error': {'message': 'Rate limit reached for model `llama-3.3-70b-versatile` in organization `org_01kq9dt3c6evybd7n87jtn1yfm` service tier `on_demand` on tokens per day (TPD): Limit 100000, Used 99385, Requested 1904. Please try again in 18m33.696s. Need more tokens? Upgrade to Dev Tier today at https://console.groq.com/settings/billing', 'type': 'tokens', 'code': 'rate_limit_exceeded'}}
2026-04-28 13:59:00 | INFO | babydoc.app | Incoming query: 'how long breast milk can be stored'
2026-04-28 13:59:00 | DEBUG | babydoc.app | Retrieval score: 0.919 | top results: 5
2026-04-28 13:59:00 | INFO | babydoc.app | Mode: data | Score: 0.919
2026-04-28 13:59:00 | ERROR | babydoc.app | Groq API error: Error code: 429 - {'error': {'message': 'Rate limit reached for model `llama-3.3-70b-versatile` in organization `org_01kq9dt3c6evybd7n87jtn1yfm` service tier `on_demand` on tokens per day (TPD): Limit 100000, Used 98605, Requested 1919. Please try again in 7m32.736s. Need more tokens? Upgrade to Dev Tier today at https://console.groq.com/settings/billing', 'type': 'tokens', 'code': 'rate_limit_exceeded'}}
2026-04-28 13:59:00 | ERROR | babydoc.app | Unhandled error in /chat: Error code: 429 - {'error': {'message': 'Rate limit reached for model `llama-3.3-70b-versatile` in organization `org_01kq9dt3c6evybd7n87jtn1yfm` service tier `on_demand` on tokens per day (TPD): Limit 100000, Used 98605, Requested 1919. Please try again in 7m32.736s. Need more tokens? Upgrade to Dev Tier today at https://console.groq.com/settings/billing', 'type': 'tokens', 'code': 'rate_limit_exceeded'}}
2026-04-28 13:59:03 | INFO | babydoc.app | Incoming query: 'my milk supply is low how to increase'
2026-04-28 13:59:03 | DEBUG | babydoc.app | Retrieval score: 0.968 | top results: 5
2026-04-28 13:59:03 | INFO | babydoc.app | Mode: data | Score: 0.968
2026-04-28 13:59:57 | ERROR | babydoc.app | Groq API error: Error code: 429 - {'error': {'message': 'Rate limit reached for model `llama-3.3-70b-versatile` in organization `org_01kq9dt3c6evybd7n87jtn1yfm` service tier `on_demand` on tokens per day (TPD): Limit 100000, Used 99065, Requested 1940. Please try again in 14m28.319999999s. Need more tokens? Upgrade to Dev Tier today at https://console.groq.com/settings/billing', 'type': 'tokens', 'code': 'rate_limit_exceeded'}}
2026-04-28 13:59:57 | ERROR | babydoc.app | Unhandled error in /chat: Error code: 429 - {'error': {'message': 'Rate limit reached for model `llama-3.3-70b-versatile` in organization `org_01kq9dt3c6evybd7n87jtn1yfm` service tier `on_demand` on tokens per day (TPD): Limit 100000, Used 99065, Requested 1940. Please try again in 14m28.319999999s. Need more tokens? Upgrade to Dev Tier today at https://console.groq.com/settings/billing', 'type': 'tokens', 'code': 'rate_limit_exceeded'}}
2026-04-28 16:24:29 | INFO | babydoc.app | Momify API shutting down.
2026-04-28 16:26:05 | INFO | babydoc.app | Momify API starting up...
2026-04-28 16:26:16 | INFO | babydoc.app | Loaded 493 Q&A pairs from data\ALLQA_cleaned.json
2026-04-28 16:26:16 | INFO | babydoc.app | Incoming query: 'hi'
2026-04-28 16:26:16 | INFO | babydoc.app | Incoming query: 'how long breast milk can be stored'
2026-04-28 16:26:16 | INFO | babydoc.app | Incoming query: 'my milk supply is low how to increase'
2026-04-28 16:26:16 | INFO | babydoc.app | Incoming query: 'my baby is not latching what can I do'
2026-04-28 16:26:16 | DEBUG | babydoc.app | Retrieval score: 0.519 | top results: 5
2026-04-28 16:26:16 | DEBUG | babydoc.app | Retrieval score: 0.919 | top results: 5
2026-04-28 16:26:16 | INFO | babydoc.app | Mode: weak | Score: 0.519
2026-04-28 16:26:16 | INFO | babydoc.app | Mode: data | Score: 0.919
2026-04-28 16:26:16 | DEBUG | babydoc.app | Retrieval score: 0.968 | top results: 5
2026-04-28 16:26:16 | INFO | babydoc.app | Mode: data | Score: 0.968
2026-04-28 16:26:16 | DEBUG | babydoc.app | Retrieval score: 0.778 | top results: 5
2026-04-28 16:26:16 | INFO | babydoc.app | Mode: data | Score: 0.778
2026-04-28 16:26:16 | INFO | babydoc.app | Response time: 776ms
2026-04-28 16:26:16 | INFO | babydoc.app | Response time: 785ms
2026-04-28 16:26:16 | INFO | babydoc.app | Response time: 797ms
2026-04-28 16:26:16 | INFO | babydoc.app | Response time: 806ms
2026-04-28 16:26:17 | INFO | babydoc.app | Incoming query: 'I have breastfeeding problem my nipples got cracked and it hurts'
2026-04-28 16:26:17 | DEBUG | babydoc.app | Retrieval score: 0.930 | top results: 5
2026-04-28 16:26:17 | INFO | babydoc.app | Mode: data | Score: 0.930
2026-04-28 16:26:17 | INFO | babydoc.app | Response time: 401ms
2026-04-28 16:26:20 | INFO | babydoc.app | Incoming query: 'how to clear blocked milk ducts'
2026-04-28 16:26:20 | DEBUG | babydoc.app | Retrieval score: 0.865 | top results: 5
2026-04-28 16:26:20 | INFO | babydoc.app | Mode: data | Score: 0.865
2026-04-28 16:26:21 | INFO | babydoc.app | Response time: 348ms
2026-04-28 16:26:24 | INFO | babydoc.app | Incoming query: 'baby has fever what to give'
2026-04-28 16:26:24 | DEBUG | babydoc.app | Retrieval score: 0.838 | top results: 5
2026-04-28 16:26:24 | INFO | babydoc.app | Mode: data | Score: 0.838
2026-04-28 16:26:24 | INFO | babydoc.app | Response time: 441ms
2026-04-28 16:26:27 | INFO | babydoc.app | Incoming query: 'my baby is constipated what to do'
2026-04-28 16:26:27 | DEBUG | babydoc.app | Retrieval score: 0.888 | top results: 5
2026-04-28 16:26:27 | INFO | babydoc.app | Mode: data | Score: 0.888
2026-04-28 16:26:27 | INFO | babydoc.app | Response time: 294ms
2026-04-28 16:26:30 | INFO | babydoc.app | Incoming query: 'my baby has loose motions what to do'
2026-04-28 16:26:30 | DEBUG | babydoc.app | Retrieval score: 0.775 | top results: 5
2026-04-28 16:26:30 | INFO | babydoc.app | Mode: data | Score: 0.775
2026-04-28 16:26:31 | INFO | babydoc.app | Response time: 424ms
2026-04-28 16:26:34 | INFO | babydoc.app | Incoming query: 'when can I start solids for my baby'
2026-04-28 16:26:34 | DEBUG | babydoc.app | Retrieval score: 0.620 | top results: 5
2026-04-28 16:26:34 | INFO | babydoc.app | Mode: data | Score: 0.620
2026-04-28 16:26:34 | INFO | babydoc.app | Response time: 460ms
2026-04-28 16:26:37 | INFO | babydoc.app | Incoming query: 'how many eggs should a breastfeeding mother eat'
2026-04-28 16:26:37 | DEBUG | babydoc.app | Retrieval score: 0.775 | top results: 5
2026-04-28 16:26:37 | INFO | babydoc.app | Mode: data | Score: 0.775
2026-04-28 16:26:37 | INFO | babydoc.app | Response time: 447ms
2026-04-28 16:26:40 | INFO | babydoc.app | Incoming query: 'diaper rash treatment'
2026-04-28 16:26:41 | DEBUG | babydoc.app | Retrieval score: 0.855 | top results: 5
2026-04-28 16:26:41 | INFO | babydoc.app | Mode: data | Score: 0.855
2026-04-28 16:26:41 | INFO | babydoc.app | Response time: 304ms
2026-04-28 16:26:43 | INFO | babydoc.app | Incoming query: 'when does teething start in babies'
2026-04-28 16:26:44 | DEBUG | babydoc.app | Retrieval score: 0.970 | top results: 5
2026-04-28 16:26:44 | INFO | babydoc.app | Mode: data | Score: 0.970
2026-04-28 16:26:44 | ERROR | babydoc.app | Groq API error: Error code: 429 - {'error': {'message': 'Rate limit reached for model `llama-3.3-70b-versatile` in organization `org_01kk3rksfxeh5apr70he72t7p4` service tier `on_demand` on tokens per day (TPD): Limit 100000, Used 99819, Requested 963. Please try again in 11m15.648s. Need more tokens? Upgrade to Dev Tier today at https://console.groq.com/settings/billing', 'type': 'tokens', 'code': 'rate_limit_exceeded'}}
2026-04-28 16:26:44 | ERROR | babydoc.app | Unhandled error in /chat: Error code: 429 - {'error': {'message': 'Rate limit reached for model `llama-3.3-70b-versatile` in organization `org_01kk3rksfxeh5apr70he72t7p4` service tier `on_demand` on tokens per day (TPD): Limit 100000, Used 99819, Requested 963. Please try again in 11m15.648s. Need more tokens? Upgrade to Dev Tier today at https://console.groq.com/settings/billing', 'type': 'tokens', 'code': 'rate_limit_exceeded'}}
2026-04-28 16:26:46 | INFO | babydoc.app | Incoming query: 'postpartum depression mein kya karna chahiye'
2026-04-28 16:26:46 | DEBUG | babydoc.app | Retrieval score: 0.637 | top results: 5
2026-04-28 16:26:46 | INFO | babydoc.app | Mode: data | Score: 0.637
2026-04-28 16:26:46 | ERROR | babydoc.app | Groq API error: Error code: 429 - {'error': {'message': 'Rate limit reached for model `llama-3.3-70b-versatile` in organization `org_01kk3rksfxeh5apr70he72t7p4` service tier `on_demand` on tokens per day (TPD): Limit 100000, Used 99816, Requested 1012. Please try again in 11m55.392s. Need more tokens? Upgrade to Dev Tier today at https://console.groq.com/settings/billing', 'type': 'tokens', 'code': 'rate_limit_exceeded'}}
2026-04-28 16:26:46 | ERROR | babydoc.app | Unhandled error in /chat: Error code: 429 - {'error': {'message': 'Rate limit reached for model `llama-3.3-70b-versatile` in organization `org_01kk3rksfxeh5apr70he72t7p4` service tier `on_demand` on tokens per day (TPD): Limit 100000, Used 99816, Requested 1012. Please try again in 11m55.392s. Need more tokens? Upgrade to Dev Tier today at https://console.groq.com/settings/billing', 'type': 'tokens', 'code': 'rate_limit_exceeded'}}
2026-04-28 16:26:49 | INFO | babydoc.app | Incoming query: 'baby bottle accept nahi kar raha kya karein'
2026-04-28 16:26:49 | DEBUG | babydoc.app | Retrieval score: 0.684 | top results: 5
2026-04-28 16:26:49 | INFO | babydoc.app | Mode: data | Score: 0.684
2026-04-28 16:26:49 | ERROR | babydoc.app | Groq API error: Error code: 429 - {'error': {'message': 'Rate limit reached for model `llama-3.3-70b-versatile` in organization `org_01kk3rksfxeh5apr70he72t7p4` service tier `on_demand` on tokens per day (TPD): Limit 100000, Used 99813, Requested 1100. Please try again in 13m8.831999999s. Need more tokens? Upgrade to Dev Tier today at https://console.groq.com/settings/billing', 'type': 'tokens', 'code': 'rate_limit_exceeded'}}
2026-04-28 16:26:49 | ERROR | babydoc.app | Unhandled error in /chat: Error code: 429 - {'error': {'message': 'Rate limit reached for model `llama-3.3-70b-versatile` in organization `org_01kk3rksfxeh5apr70he72t7p4` service tier `on_demand` on tokens per day (TPD): Limit 100000, Used 99813, Requested 1100. Please try again in 13m8.831999999s. Need more tokens? Upgrade to Dev Tier today at https://console.groq.com/settings/billing', 'type': 'tokens', 'code': 'rate_limit_exceeded'}}
2026-04-28 16:26:52 | INFO | babydoc.app | Incoming query: 'when should I introduce cow milk'
2026-04-28 16:26:52 | DEBUG | babydoc.app | Retrieval score: 0.769 | top results: 5
2026-04-28 16:26:52 | INFO | babydoc.app | Mode: data | Score: 0.769
2026-04-28 16:26:52 | ERROR | babydoc.app | Groq API error: Error code: 429 - {'error': {'message': 'Rate limit reached for model `llama-3.3-70b-versatile` in organization `org_01kk3rksfxeh5apr70he72t7p4` service tier `on_demand` on tokens per day (TPD): Limit 100000, Used 99810, Requested 946. Please try again in 10m53.184s. Need more tokens? Upgrade to Dev Tier today at https://console.groq.com/settings/billing', 'type': 'tokens', 'code': 'rate_limit_exceeded'}}
2026-04-28 16:26:52 | ERROR | babydoc.app | Unhandled error in /chat: Error code: 429 - {'error': {'message': 'Rate limit reached for model `llama-3.3-70b-versatile` in organization `org_01kk3rksfxeh5apr70he72t7p4` service tier `on_demand` on tokens per day (TPD): Limit 100000, Used 99810, Requested 946. Please try again in 10m53.184s. Need more tokens? Upgrade to Dev Tier today at https://console.groq.com/settings/billing', 'type': 'tokens', 'code': 'rate_limit_exceeded'}}
2026-04-28 16:26:54 | INFO | babydoc.app | Incoming query: 'what supplements should breastfeeding mother take after c section'
2026-04-28 16:26:54 | DEBUG | babydoc.app | Retrieval score: 0.868 | top results: 5
2026-04-28 16:26:54 | INFO | babydoc.app | Mode: data | Score: 0.868
2026-04-28 16:26:55 | ERROR | babydoc.app | Groq API error: Error code: 429 - {'error': {'message': 'Rate limit reached for model `llama-3.3-70b-versatile` in organization `org_01kk3rksfxeh5apr70he72t7p4` service tier `on_demand` on tokens per day (TPD): Limit 100000, Used 99806, Requested 980. Please try again in 11m19.104s. Need more tokens? Upgrade to Dev Tier today at https://console.groq.com/settings/billing', 'type': 'tokens', 'code': 'rate_limit_exceeded'}}
2026-04-28 16:26:55 | ERROR | babydoc.app | Unhandled error in /chat: Error code: 429 - {'error': {'message': 'Rate limit reached for model `llama-3.3-70b-versatile` in organization `org_01kk3rksfxeh5apr70he72t7p4` service tier `on_demand` on tokens per day (TPD): Limit 100000, Used 99806, Requested 980. Please try again in 11m19.104s. Need more tokens? Upgrade to Dev Tier today at https://console.groq.com/settings/billing', 'type': 'tokens', 'code': 'rate_limit_exceeded'}}
2026-04-28 16:26:57 | INFO | babydoc.app | Incoming query: 'can I give dry fruits to 8 month old baby'
2026-04-28 16:26:57 | DEBUG | babydoc.app | Retrieval score: 0.844 | top results: 5
2026-04-28 16:26:57 | INFO | babydoc.app | Mode: data | Score: 0.844
2026-04-28 16:26:57 | ERROR | babydoc.app | Groq API error: Error code: 429 - {'error': {'message': 'Rate limit reached for model `llama-3.3-70b-versatile` in organization `org_01kk3rksfxeh5apr70he72t7p4` service tier `on_demand` on tokens per day (TPD): Limit 100000, Used 99803, Requested 989. Please try again in 11m24.288s. Need more tokens? Upgrade to Dev Tier today at https://console.groq.com/settings/billing', 'type': 'tokens', 'code': 'rate_limit_exceeded'}}
2026-04-28 16:26:57 | ERROR | babydoc.app | Unhandled error in /chat: Error code: 429 - {'error': {'message': 'Rate limit reached for model `llama-3.3-70b-versatile` in organization `org_01kk3rksfxeh5apr70he72t7p4` service tier `on_demand` on tokens per day (TPD): Limit 100000, Used 99803, Requested 989. Please try again in 11m24.288s. Need more tokens? Upgrade to Dev Tier today at https://console.groq.com/settings/billing', 'type': 'tokens', 'code': 'rate_limit_exceeded'}}
2026-04-28 16:27:00 | INFO | babydoc.app | Incoming query: 'breastfeeding se weight loss hoti hai kya'
2026-04-28 16:27:00 | DEBUG | babydoc.app | Retrieval score: 0.707 | top results: 5
2026-04-28 16:27:00 | INFO | babydoc.app | Mode: data | Score: 0.707
2026-04-28 16:27:00 | ERROR | babydoc.app | Groq API error: Error code: 429 - {'error': {'message': 'Rate limit reached for model `llama-3.3-70b-versatile` in organization `org_01kk3rksfxeh5apr70he72t7p4` service tier `on_demand` on tokens per day (TPD): Limit 100000, Used 99800, Requested 972. Please try again in 11m7.008s. Need more tokens? Upgrade to Dev Tier today at https://console.groq.com/settings/billing', 'type': 'tokens', 'code': 'rate_limit_exceeded'}}
2026-04-28 16:27:00 | ERROR | babydoc.app | Unhandled error in /chat: Error code: 429 - {'error': {'message': 'Rate limit reached for model `llama-3.3-70b-versatile` in organization `org_01kk3rksfxeh5apr70he72t7p4` service tier `on_demand` on tokens per day (TPD): Limit 100000, Used 99800, Requested 972. Please try again in 11m7.008s. Need more tokens? Upgrade to Dev Tier today at https://console.groq.com/settings/billing', 'type': 'tokens', 'code': 'rate_limit_exceeded'}}
2026-04-28 16:27:03 | INFO | babydoc.app | Incoming query: 'baby ki dry skin pe kya lagayein'
2026-04-28 16:27:03 | DEBUG | babydoc.app | Retrieval score: 0.653 | top results: 5
2026-04-28 16:27:03 | INFO | babydoc.app | Mode: data | Score: 0.653
2026-04-28 16:27:03 | ERROR | babydoc.app | Groq API error: Error code: 429 - {'error': {'message': 'Rate limit reached for model `llama-3.3-70b-versatile` in organization `org_01kk3rksfxeh5apr70he72t7p4` service tier `on_demand` on tokens per day (TPD): Limit 100000, Used 99797, Requested 941. Please try again in 10m37.632s. Need more tokens? Upgrade to Dev Tier today at https://console.groq.com/settings/billing', 'type': 'tokens', 'code': 'rate_limit_exceeded'}}
2026-04-28 16:27:03 | ERROR | babydoc.app | Unhandled error in /chat: Error code: 429 - {'error': {'message': 'Rate limit reached for model `llama-3.3-70b-versatile` in organization `org_01kk3rksfxeh5apr70he72t7p4` service tier `on_demand` on tokens per day (TPD): Limit 100000, Used 99797, Requested 941. Please try again in 10m37.632s. Need more tokens? Upgrade to Dev Tier today at https://console.groq.com/settings/billing', 'type': 'tokens', 'code': 'rate_limit_exceeded'}}
2026-04-28 16:27:05 | INFO | babydoc.app | Incoming query: 'nasal congestion mein kya karein'
2026-04-28 16:27:05 | DEBUG | babydoc.app | Retrieval score: 0.604 | top results: 5
2026-04-28 16:27:05 | INFO | babydoc.app | Mode: data | Score: 0.604
2026-04-28 16:27:05 | ERROR | babydoc.app | Groq API error: Error code: 429 - {'error': {'message': 'Rate limit reached for model `llama-3.3-70b-versatile` in organization `org_01kk3rksfxeh5apr70he72t7p4` service tier `on_demand` on tokens per day (TPD): Limit 100000, Used 99794, Requested 1006. Please try again in 11m31.2s. Need more tokens? Upgrade to Dev Tier today at https://console.groq.com/settings/billing', 'type': 'tokens', 'code': 'rate_limit_exceeded'}}
2026-04-28 16:27:05 | ERROR | babydoc.app | Unhandled error in /chat: Error code: 429 - {'error': {'message': 'Rate limit reached for model `llama-3.3-70b-versatile` in organization `org_01kk3rksfxeh5apr70he72t7p4` service tier `on_demand` on tokens per day (TPD): Limit 100000, Used 99794, Requested 1006. Please try again in 11m31.2s. Need more tokens? Upgrade to Dev Tier today at https://console.groq.com/settings/billing', 'type': 'tokens', 'code': 'rate_limit_exceeded'}}
2026-04-28 16:27:08 | INFO | babydoc.app | Incoming query: 'kitne ghante tak doodh bahar rakh sakte hain'
2026-04-28 16:27:08 | DEBUG | babydoc.app | Retrieval score: 0.801 | top results: 5
2026-04-28 16:27:08 | INFO | babydoc.app | Mode: data | Score: 0.801
2026-04-28 16:27:08 | ERROR | babydoc.app | Groq API error: Error code: 429 - {'error': {'message': 'Rate limit reached for model `llama-3.3-70b-versatile` in organization `org_01kk3rksfxeh5apr70he72t7p4` service tier `on_demand` on tokens per day (TPD): Limit 100000, Used 99791, Requested 944. Please try again in 10m35.04s. Need more tokens? Upgrade to Dev Tier today at https://console.groq.com/settings/billing', 'type': 'tokens', 'code': 'rate_limit_exceeded'}}
2026-04-28 16:27:08 | ERROR | babydoc.app | Unhandled error in /chat: Error code: 429 - {'error': {'message': 'Rate limit reached for model `llama-3.3-70b-versatile` in organization `org_01kk3rksfxeh5apr70he72t7p4` service tier `on_demand` on tokens per day (TPD): Limit 100000, Used 99791, Requested 944. Please try again in 10m35.04s. Need more tokens? Upgrade to Dev Tier today at https://console.groq.com/settings/billing', 'type': 'tokens', 'code': 'rate_limit_exceeded'}}
2026-04-28 16:27:11 | INFO | babydoc.app | Incoming query: 'breast mein doodh kam aa raha hai kaise badhayein'
2026-04-28 16:27:11 | DEBUG | babydoc.app | Retrieval score: 0.833 | top results: 5
2026-04-28 16:27:11 | INFO | babydoc.app | Mode: data | Score: 0.833
2026-04-28 16:27:11 | ERROR | babydoc.app | Groq API error: Error code: 429 - {'error': {'message': 'Rate limit reached for model `llama-3.3-70b-versatile` in organization `org_01kk3rksfxeh5apr70he72t7p4` service tier `on_demand` on tokens per day (TPD): Limit 100000, Used 99787, Requested 1012. Please try again in 11m30.336s. Need more tokens? Upgrade to Dev Tier today at https://console.groq.com/settings/billing', 'type': 'tokens', 'code': 'rate_limit_exceeded'}}
2026-04-28 16:27:11 | ERROR | babydoc.app | Unhandled error in /chat: Error code: 429 - {'error': {'message': 'Rate limit reached for model `llama-3.3-70b-versatile` in organization `org_01kk3rksfxeh5apr70he72t7p4` service tier `on_demand` on tokens per day (TPD): Limit 100000, Used 99787, Requested 1012. Please try again in 11m30.336s. Need more tokens? Upgrade to Dev Tier today at https://console.groq.com/settings/billing', 'type': 'tokens', 'code': 'rate_limit_exceeded'}}
2026-04-28 16:27:14 | INFO | babydoc.app | Incoming query: 'my newborn refuses to latch on breast'
2026-04-28 16:27:14 | DEBUG | babydoc.app | Retrieval score: 0.730 | top results: 5
2026-04-28 16:27:14 | INFO | babydoc.app | Mode: data | Score: 0.730
2026-04-28 16:27:14 | ERROR | babydoc.app | Groq API error: Error code: 429 - {'error': {'message': 'Rate limit reached for model `llama-3.3-70b-versatile` in organization `org_01kk3rksfxeh5apr70he72t7p4` service tier `on_demand` on tokens per day (TPD): Limit 100000, Used 99784, Requested 1031. Please try again in 11m44.16s. Need more tokens? Upgrade to Dev Tier today at https://console.groq.com/settings/billing', 'type': 'tokens', 'code': 'rate_limit_exceeded'}}
2026-04-28 16:27:14 | ERROR | babydoc.app | Unhandled error in /chat: Error code: 429 - {'error': {'message': 'Rate limit reached for model `llama-3.3-70b-versatile` in organization `org_01kk3rksfxeh5apr70he72t7p4` service tier `on_demand` on tokens per day (TPD): Limit 100000, Used 99784, Requested 1031. Please try again in 11m44.16s. Need more tokens? Upgrade to Dev Tier today at https://console.groq.com/settings/billing', 'type': 'tokens', 'code': 'rate_limit_exceeded'}}
2026-04-28 16:27:16 | INFO | babydoc.app | Incoming query: 'nipple crack ho gaya doodh pilane mein takleef ho rahi hai'
2026-04-28 16:27:16 | DEBUG | babydoc.app | Retrieval score: 0.705 | top results: 5
2026-04-28 16:27:16 | INFO | babydoc.app | Mode: data | Score: 0.705
2026-04-28 16:27:17 | ERROR | babydoc.app | Groq API error: Error code: 429 - {'error': {'message': 'Rate limit reached for model `llama-3.3-70b-versatile` in organization `org_01kk3rksfxeh5apr70he72t7p4` service tier `on_demand` on tokens per day (TPD): Limit 100000, Used 99781, Requested 1062. Please try again in 12m8.352s. Need more tokens? Upgrade to Dev Tier today at https://console.groq.com/settings/billing', 'type': 'tokens', 'code': 'rate_limit_exceeded'}}
2026-04-28 16:27:17 | ERROR | babydoc.app | Unhandled error in /chat: Error code: 429 - {'error': {'message': 'Rate limit reached for model `llama-3.3-70b-versatile` in organization `org_01kk3rksfxeh5apr70he72t7p4` service tier `on_demand` on tokens per day (TPD): Limit 100000, Used 99781, Requested 1062. Please try again in 12m8.352s. Need more tokens? Upgrade to Dev Tier today at https://console.groq.com/settings/billing', 'type': 'tokens', 'code': 'rate_limit_exceeded'}}
2026-04-28 16:27:19 | INFO | babydoc.app | Incoming query: 'baby ka temperature high hai kya dena chahiye'
2026-04-28 16:27:19 | DEBUG | babydoc.app | Retrieval score: 0.735 | top results: 5
2026-04-28 16:27:19 | INFO | babydoc.app | Mode: data | Score: 0.735
2026-04-28 16:27:19 | ERROR | babydoc.app | Groq API error: Error code: 429 - {'error': {'message': 'Rate limit reached for model `llama-3.3-70b-versatile` in organization `org_01kk3rksfxeh5apr70he72t7p4` service tier `on_demand` on tokens per day (TPD): Limit 100000, Used 99778, Requested 959. Please try again in 10m36.768s. Need more tokens? Upgrade to Dev Tier today at https://console.groq.com/settings/billing', 'type': 'tokens', 'code': 'rate_limit_exceeded'}}
2026-04-28 16:27:19 | ERROR | babydoc.app | Unhandled error in /chat: Error code: 429 - {'error': {'message': 'Rate limit reached for model `llama-3.3-70b-versatile` in organization `org_01kk3rksfxeh5apr70he72t7p4` service tier `on_demand` on tokens per day (TPD): Limit 100000, Used 99778, Requested 959. Please try again in 10m36.768s. Need more tokens? Upgrade to Dev Tier today at https://console.groq.com/settings/billing', 'type': 'tokens', 'code': 'rate_limit_exceeded'}}
2026-04-28 16:27:22 | INFO | babydoc.app | Incoming query: 'infant is not passing stool for 3 days'
2026-04-28 16:27:22 | DEBUG | babydoc.app | Retrieval score: 0.768 | top results: 5
2026-04-28 16:27:22 | INFO | babydoc.app | Mode: data | Score: 0.768
2026-04-28 16:27:22 | ERROR | babydoc.app | Groq API error: Error code: 429 - {'error': {'message': 'Rate limit reached for model `llama-3.3-70b-versatile` in organization `org_01kk3rksfxeh5apr70he72t7p4` service tier `on_demand` on tokens per day (TPD): Limit 100000, Used 99775, Requested 1025. Please try again in 11m31.2s. Need more tokens? Upgrade to Dev Tier today at https://console.groq.com/settings/billing', 'type': 'tokens', 'code': 'rate_limit_exceeded'}}
2026-04-28 16:27:22 | ERROR | babydoc.app | Unhandled error in /chat: Error code: 429 - {'error': {'message': 'Rate limit reached for model `llama-3.3-70b-versatile` in organization `org_01kk3rksfxeh5apr70he72t7p4` service tier `on_demand` on tokens per day (TPD): Limit 100000, Used 99775, Requested 1025. Please try again in 11m31.2s. Need more tokens? Upgrade to Dev Tier today at https://console.groq.com/settings/billing', 'type': 'tokens', 'code': 'rate_limit_exceeded'}}
2026-04-28 16:27:25 | INFO | babydoc.app | Incoming query: 'chhote bachche ko solid food kab se shuru karein'
2026-04-28 16:27:25 | DEBUG | babydoc.app | Retrieval score: 0.652 | top results: 5
2026-04-28 16:27:25 | INFO | babydoc.app | Mode: data | Score: 0.652
2026-04-28 16:27:25 | ERROR | babydoc.app | Groq API error: Error code: 429 - {'error': {'message': 'Rate limit reached for model `llama-3.3-70b-versatile` in organization `org_01kk3rksfxeh5apr70he72t7p4` service tier `on_demand` on tokens per day (TPD): Limit 100000, Used 99771, Requested 1083. Please try again in 12m17.856s. Need more tokens? Upgrade to Dev Tier today at https://console.groq.com/settings/billing', 'type': 'tokens', 'code': 'rate_limit_exceeded'}}
2026-04-28 16:27:25 | ERROR | babydoc.app | Unhandled error in /chat: Error code: 429 - {'error': {'message': 'Rate limit reached for model `llama-3.3-70b-versatile` in organization `org_01kk3rksfxeh5apr70he72t7p4` service tier `on_demand` on tokens per day (TPD): Limit 100000, Used 99771, Requested 1083. Please try again in 12m17.856s. Need more tokens? Upgrade to Dev Tier today at https://console.groq.com/settings/billing', 'type': 'tokens', 'code': 'rate_limit_exceeded'}}
2026-04-28 16:27:28 | INFO | babydoc.app | Incoming query: 'baby ke nappy area mein lali aa gayi hai'
2026-04-28 16:27:28 | DEBUG | babydoc.app | Retrieval score: 0.774 | top results: 5
2026-04-28 16:27:28 | INFO | babydoc.app | Mode: data | Score: 0.774
2026-04-28 16:27:28 | ERROR | babydoc.app | Groq API error: Error code: 429 - {'error': {'message': 'Rate limit reached for model `llama-3.3-70b-versatile` in organization `org_01kk3rksfxeh5apr70he72t7p4` service tier `on_demand` on tokens per day (TPD): Limit 100000, Used 99768, Requested 1022. Please try again in 11m22.56s. Need more tokens? Upgrade to Dev Tier today at https://console.groq.com/settings/billing', 'type': 'tokens', 'code': 'rate_limit_exceeded'}}
2026-04-28 16:27:28 | ERROR | babydoc.app | Unhandled error in /chat: Error code: 429 - {'error': {'message': 'Rate limit reached for model `llama-3.3-70b-versatile` in organization `org_01kk3rksfxeh5apr70he72t7p4` service tier `on_demand` on tokens per day (TPD): Limit 100000, Used 99768, Requested 1022. Please try again in 11m22.56s. Need more tokens? Upgrade to Dev Tier today at https://console.groq.com/settings/billing', 'type': 'tokens', 'code': 'rate_limit_exceeded'}}
2026-04-28 16:27:30 | INFO | babydoc.app | Incoming query: 'my baby is teething and very irritable what helps'
2026-04-28 16:27:30 | DEBUG | babydoc.app | Retrieval score: 0.724 | top results: 5
2026-04-28 16:27:30 | INFO | babydoc.app | Mode: data | Score: 0.724
2026-04-28 16:27:30 | ERROR | babydoc.app | Groq API error: Error code: 429 - {'error': {'message': 'Rate limit reached for model `llama-3.3-70b-versatile` in organization `org_01kk3rksfxeh5apr70he72t7p4` service tier `on_demand` on tokens per day (TPD): Limit 100000, Used 99765, Requested 964. Please try again in 10m29.856s. Need more tokens? Upgrade to Dev Tier today at https://console.groq.com/settings/billing', 'type': 'tokens', 'code': 'rate_limit_exceeded'}}
2026-04-28 16:27:30 | ERROR | babydoc.app | Unhandled error in /chat: Error code: 429 - {'error': {'message': 'Rate limit reached for model `llama-3.3-70b-versatile` in organization `org_01kk3rksfxeh5apr70he72t7p4` service tier `on_demand` on tokens per day (TPD): Limit 100000, Used 99765, Requested 964. Please try again in 10m29.856s. Need more tokens? Upgrade to Dev Tier today at https://console.groq.com/settings/billing', 'type': 'tokens', 'code': 'rate_limit_exceeded'}}
2026-04-28 16:27:33 | INFO | babydoc.app | Incoming query: 'mujhe depression ho raha hai delivery ke baad kya karoon'
2026-04-28 16:27:33 | DEBUG | babydoc.app | Retrieval score: 0.801 | top results: 5
2026-04-28 16:27:33 | INFO | babydoc.app | Mode: data | Score: 0.801
2026-04-28 16:27:33 | ERROR | babydoc.app | Groq API error: Error code: 429 - {'error': {'message': 'Rate limit reached for model `llama-3.3-70b-versatile` in organization `org_01kk3rksfxeh5apr70he72t7p4` service tier `on_demand` on tokens per day (TPD): Limit 100000, Used 99762, Requested 1055. Please try again in 11m45.888s. Need more tokens? Upgrade to Dev Tier today at https://console.groq.com/settings/billing', 'type': 'tokens', 'code': 'rate_limit_exceeded'}}
2026-04-28 16:27:33 | ERROR | babydoc.app | Unhandled error in /chat: Error code: 429 - {'error': {'message': 'Rate limit reached for model `llama-3.3-70b-versatile` in organization `org_01kk3rksfxeh5apr70he72t7p4` service tier `on_demand` on tokens per day (TPD): Limit 100000, Used 99762, Requested 1055. Please try again in 11m45.888s. Need more tokens? Upgrade to Dev Tier today at https://console.groq.com/settings/billing', 'type': 'tokens', 'code': 'rate_limit_exceeded'}}
2026-04-28 16:27:36 | INFO | babydoc.app | Incoming query: 'my baby has runny nose and sneezing a lot'
2026-04-28 16:27:36 | DEBUG | babydoc.app | Retrieval score: 0.814 | top results: 5
2026-04-28 16:27:36 | INFO | babydoc.app | Mode: data | Score: 0.814
2026-04-28 16:27:36 | ERROR | babydoc.app | Groq API error: Error code: 429 - {'error': {'message': 'Rate limit reached for model `llama-3.3-70b-versatile` in organization `org_01kk3rksfxeh5apr70he72t7p4` service tier `on_demand` on tokens per day (TPD): Limit 100000, Used 99759, Requested 970. Please try again in 10m29.856s. Need more tokens? Upgrade to Dev Tier today at https://console.groq.com/settings/billing', 'type': 'tokens', 'code': 'rate_limit_exceeded'}}
2026-04-28 16:27:36 | ERROR | babydoc.app | Unhandled error in /chat: Error code: 429 - {'error': {'message': 'Rate limit reached for model `llama-3.3-70b-versatile` in organization `org_01kk3rksfxeh5apr70he72t7p4` service tier `on_demand` on tokens per day (TPD): Limit 100000, Used 99759, Requested 970. Please try again in 10m29.856s. Need more tokens? Upgrade to Dev Tier today at https://console.groq.com/settings/billing', 'type': 'tokens', 'code': 'rate_limit_exceeded'}}
2026-04-28 16:27:39 | INFO | babydoc.app | Incoming query: 'gaye ka doodh bachche ko kab se de sakte hain'
2026-04-28 16:27:39 | DEBUG | babydoc.app | Retrieval score: 0.779 | top results: 5
2026-04-28 16:27:39 | INFO | babydoc.app | Mode: data | Score: 0.779
2026-04-28 16:27:39 | ERROR | babydoc.app | Groq API error: Error code: 429 - {'error': {'message': 'Rate limit reached for model `llama-3.3-70b-versatile` in organization `org_01kk3rksfxeh5apr70he72t7p4` service tier `on_demand` on tokens per day (TPD): Limit 100000, Used 99755, Requested 1019. Please try again in 11m8.736s. Need more tokens? Upgrade to Dev Tier today at https://console.groq.com/settings/billing', 'type': 'tokens', 'code': 'rate_limit_exceeded'}}
2026-04-28 16:27:39 | ERROR | babydoc.app | Unhandled error in /chat: Error code: 429 - {'error': {'message': 'Rate limit reached for model `llama-3.3-70b-versatile` in organization `org_01kk3rksfxeh5apr70he72t7p4` service tier `on_demand` on tokens per day (TPD): Limit 100000, Used 99755, Requested 1019. Please try again in 11m8.736s. Need more tokens? Upgrade to Dev Tier today at https://console.groq.com/settings/billing', 'type': 'tokens', 'code': 'rate_limit_exceeded'}}
2026-04-28 16:27:41 | INFO | babydoc.app | Incoming query: 'after cesarean what vitamins should I take while nursing'
2026-04-28 16:27:41 | DEBUG | babydoc.app | Retrieval score: 0.672 | top results: 5
2026-04-28 16:27:41 | INFO | babydoc.app | Mode: data | Score: 0.672
2026-04-28 16:27:41 | ERROR | babydoc.app | Groq API error: Error code: 429 - {'error': {'message': 'Rate limit reached for model `llama-3.3-70b-versatile` in organization `org_01kk3rksfxeh5apr70he72t7p4` service tier `on_demand` on tokens per day (TPD): Limit 100000, Used 99752, Requested 943. Please try again in 10m0.48s. Need more tokens? Upgrade to Dev Tier today at https://console.groq.com/settings/billing', 'type': 'tokens', 'code': 'rate_limit_exceeded'}}
2026-04-28 16:27:41 | ERROR | babydoc.app | Unhandled error in /chat: Error code: 429 - {'error': {'message': 'Rate limit reached for model `llama-3.3-70b-versatile` in organization `org_01kk3rksfxeh5apr70he72t7p4` service tier `on_demand` on tokens per day (TPD): Limit 100000, Used 99752, Requested 943. Please try again in 10m0.48s. Need more tokens? Upgrade to Dev Tier today at https://console.groq.com/settings/billing', 'type': 'tokens', 'code': 'rate_limit_exceeded'}}
2026-04-28 16:27:44 | INFO | babydoc.app | Incoming query: 'infant skin is very flaky and rough what to apply'
2026-04-28 16:27:44 | DEBUG | babydoc.app | Retrieval score: 0.695 | top results: 5
2026-04-28 16:27:44 | INFO | babydoc.app | Mode: data | Score: 0.695
2026-04-28 16:27:44 | ERROR | babydoc.app | Groq API error: Error code: 429 - {'error': {'message': 'Rate limit reached for model `llama-3.3-70b-versatile` in organization `org_01kk3rksfxeh5apr70he72t7p4` service tier `on_demand` on tokens per day (TPD): Limit 100000, Used 99749, Requested 993. Please try again in 10m41.088s. Need more tokens? Upgrade to Dev Tier today at https://console.groq.com/settings/billing', 'type': 'tokens', 'code': 'rate_limit_exceeded'}}
2026-04-28 16:27:44 | ERROR | babydoc.app | Unhandled error in /chat: Error code: 429 - {'error': {'message': 'Rate limit reached for model `llama-3.3-70b-versatile` in organization `org_01kk3rksfxeh5apr70he72t7p4` service tier `on_demand` on tokens per day (TPD): Limit 100000, Used 99749, Requested 993. Please try again in 10m41.088s. Need more tokens? Upgrade to Dev Tier today at https://console.groq.com/settings/billing', 'type': 'tokens', 'code': 'rate_limit_exceeded'}}
2026-04-28 16:27:47 | INFO | babydoc.app | Incoming query: 'bacha feeder se doodh nahi pita kya karein'
2026-04-28 16:27:47 | DEBUG | babydoc.app | Retrieval score: 0.707 | top results: 5
2026-04-28 16:27:47 | INFO | babydoc.app | Mode: data | Score: 0.707
2026-04-28 16:27:47 | ERROR | babydoc.app | Groq API error: Error code: 429 - {'error': {'message': 'Rate limit reached for model `llama-3.3-70b-versatile` in organization `org_01kk3rksfxeh5apr70he72t7p4` service tier `on_demand` on tokens per day (TPD): Limit 100000, Used 99746, Requested 1108. Please try again in 12m17.856s. Need more tokens? Upgrade to Dev Tier today at https://console.groq.com/settings/billing', 'type': 'tokens', 'code': 'rate_limit_exceeded'}}
2026-04-28 16:27:47 | ERROR | babydoc.app | Unhandled error in /chat: Error code: 429 - {'error': {'message': 'Rate limit reached for model `llama-3.3-70b-versatile` in organization `org_01kk3rksfxeh5apr70he72t7p4` service tier `on_demand` on tokens per day (TPD): Limit 100000, Used 99746, Requested 1108. Please try again in 12m17.856s. Need more tokens? Upgrade to Dev Tier today at https://console.groq.com/settings/billing', 'type': 'tokens', 'code': 'rate_limit_exceeded'}}
2026-04-28 16:27:50 | INFO | babydoc.app | Incoming query: 'can I give ragi to my 6 month old baby'
2026-04-28 16:27:50 | DEBUG | babydoc.app | Retrieval score: 0.918 | top results: 5
2026-04-28 16:27:50 | INFO | babydoc.app | Mode: data | Score: 0.918
2026-04-28 16:27:50 | ERROR | babydoc.app | Groq API error: Error code: 429 - {'error': {'message': 'Rate limit reached for model `llama-3.3-70b-versatile` in organization `org_01kk3rksfxeh5apr70he72t7p4` service tier `on_demand` on tokens per day (TPD): Limit 100000, Used 99743, Requested 910. Please try again in 9m24.192s. Need more tokens? Upgrade to Dev Tier today at https://console.groq.com/settings/billing', 'type': 'tokens', 'code': 'rate_limit_exceeded'}}
2026-04-28 16:27:50 | ERROR | babydoc.app | Unhandled error in /chat: Error code: 429 - {'error': {'message': 'Rate limit reached for model `llama-3.3-70b-versatile` in organization `org_01kk3rksfxeh5apr70he72t7p4` service tier `on_demand` on tokens per day (TPD): Limit 100000, Used 99743, Requested 910. Please try again in 9m24.192s. Need more tokens? Upgrade to Dev Tier today at https://console.groq.com/settings/billing', 'type': 'tokens', 'code': 'rate_limit_exceeded'}}
2026-04-28 16:27:52 | INFO | babydoc.app | Incoming query: 'how much water should I give to a 7 month old baby'
2026-04-28 16:27:52 | DEBUG | babydoc.app | Retrieval score: 0.943 | top results: 5
2026-04-28 16:27:52 | INFO | babydoc.app | Mode: data | Score: 0.943
2026-04-28 16:27:52 | ERROR | babydoc.app | Groq API error: Error code: 429 - {'error': {'message': 'Rate limit reached for model `llama-3.3-70b-versatile` in organization `org_01kk3rksfxeh5apr70he72t7p4` service tier `on_demand` on tokens per day (TPD): Limit 100000, Used 99739, Requested 935. Please try again in 9m42.336s. Need more tokens? Upgrade to Dev Tier today at https://console.groq.com/settings/billing', 'type': 'tokens', 'code': 'rate_limit_exceeded'}}
2026-04-28 16:27:52 | ERROR | babydoc.app | Unhandled error in /chat: Error code: 429 - {'error': {'message': 'Rate limit reached for model `llama-3.3-70b-versatile` in organization `org_01kk3rksfxeh5apr70he72t7p4` service tier `on_demand` on tokens per day (TPD): Limit 100000, Used 99739, Requested 935. Please try again in 9m42.336s. Need more tokens? Upgrade to Dev Tier today at https://console.groq.com/settings/billing', 'type': 'tokens', 'code': 'rate_limit_exceeded'}}
2026-04-28 16:27:55 | INFO | babydoc.app | Incoming query: 'kya breastfeeding ke dauran dental treatment safe hai'
2026-04-28 16:27:55 | DEBUG | babydoc.app | Retrieval score: 0.715 | top results: 5
2026-04-28 16:27:55 | INFO | babydoc.app | Mode: data | Score: 0.715
2026-04-28 16:27:55 | ERROR | babydoc.app | Groq API error: Error code: 429 - {'error': {'message': 'Rate limit reached for model `llama-3.3-70b-versatile` in organization `org_01kk3rksfxeh5apr70he72t7p4` service tier `on_demand` on tokens per day (TPD): Limit 100000, Used 99736, Requested 957. Please try again in 9m58.752s. Need more tokens? Upgrade to Dev Tier today at https://console.groq.com/settings/billing', 'type': 'tokens', 'code': 'rate_limit_exceeded'}}
2026-04-28 16:27:55 | ERROR | babydoc.app | Unhandled error in /chat: Error code: 429 - {'error': {'message': 'Rate limit reached for model `llama-3.3-70b-versatile` in organization `org_01kk3rksfxeh5apr70he72t7p4` service tier `on_demand` on tokens per day (TPD): Limit 100000, Used 99736, Requested 957. Please try again in 9m58.752s. Need more tokens? Upgrade to Dev Tier today at https://console.groq.com/settings/billing', 'type': 'tokens', 'code': 'rate_limit_exceeded'}}
2026-04-28 16:27:58 | INFO | babydoc.app | Incoming query: 'how to burp a baby who falls asleep while breastfeeding'
2026-04-28 16:27:58 | DEBUG | babydoc.app | Retrieval score: 0.802 | top results: 5
2026-04-28 16:27:58 | INFO | babydoc.app | Mode: data | Score: 0.802
2026-04-28 16:27:58 | ERROR | babydoc.app | Groq API error: Error code: 429 - {'error': {'message': 'Rate limit reached for model `llama-3.3-70b-versatile` in organization `org_01kk3rksfxeh5apr70he72t7p4` service tier `on_demand` on tokens per day (TPD): Limit 100000, Used 99733, Requested 1012. Please try again in 10m43.68s. Need more tokens? Upgrade to Dev Tier today at https://console.groq.com/settings/billing', 'type': 'tokens', 'code': 'rate_limit_exceeded'}}
2026-04-28 16:27:58 | ERROR | babydoc.app | Unhandled error in /chat: Error code: 429 - {'error': {'message': 'Rate limit reached for model `llama-3.3-70b-versatile` in organization `org_01kk3rksfxeh5apr70he72t7p4` service tier `on_demand` on tokens per day (TPD): Limit 100000, Used 99733, Requested 1012. Please try again in 10m43.68s. Need more tokens? Upgrade to Dev Tier today at https://console.groq.com/settings/billing', 'type': 'tokens', 'code': 'rate_limit_exceeded'}}
2026-04-28 16:28:01 | INFO | babydoc.app | Incoming query: 'vitamin d drops kab tak dene chahiye'
2026-04-28 16:28:01 | DEBUG | babydoc.app | Retrieval score: 0.783 | top results: 5
2026-04-28 16:28:01 | INFO | babydoc.app | Mode: data | Score: 0.783
2026-04-28 16:28:01 | ERROR | babydoc.app | Groq API error: Error code: 429 - {'error': {'message': 'Rate limit reached for model `llama-3.3-70b-versatile` in organization `org_01kk3rksfxeh5apr70he72t7p4` service tier `on_demand` on tokens per day (TPD): Limit 100000, Used 99730, Requested 921. Please try again in 9m22.464s. Need more tokens? Upgrade to Dev Tier today at https://console.groq.com/settings/billing', 'type': 'tokens', 'code': 'rate_limit_exceeded'}}
2026-04-28 16:28:01 | ERROR | babydoc.app | Unhandled error in /chat: Error code: 429 - {'error': {'message': 'Rate limit reached for model `llama-3.3-70b-versatile` in organization `org_01kk3rksfxeh5apr70he72t7p4` service tier `on_demand` on tokens per day (TPD): Limit 100000, Used 99730, Requested 921. Please try again in 9m22.464s. Need more tokens? Upgrade to Dev Tier today at https://console.groq.com/settings/billing', 'type': 'tokens', 'code': 'rate_limit_exceeded'}}
2026-04-28 16:28:03 | INFO | babydoc.app | Incoming query: 'can I give banana to my 7 month old'
2026-04-28 16:28:03 | DEBUG | babydoc.app | Retrieval score: 0.765 | top results: 5
2026-04-28 16:28:03 | INFO | babydoc.app | Mode: data | Score: 0.765
2026-04-28 16:28:03 | ERROR | babydoc.app | Groq API error: Error code: 429 - {'error': {'message': 'Rate limit reached for model `llama-3.3-70b-versatile` in organization `org_01kk3rksfxeh5apr70he72t7p4` service tier `on_demand` on tokens per day (TPD): Limit 100000, Used 99727, Requested 917. Please try again in 9m16.416s. Need more tokens? Upgrade to Dev Tier today at https://console.groq.com/settings/billing', 'type': 'tokens', 'code': 'rate_limit_exceeded'}}
2026-04-28 16:28:03 | ERROR | babydoc.app | Unhandled error in /chat: Error code: 429 - {'error': {'message': 'Rate limit reached for model `llama-3.3-70b-versatile` in organization `org_01kk3rksfxeh5apr70he72t7p4` service tier `on_demand` on tokens per day (TPD): Limit 100000, Used 99727, Requested 917. Please try again in 9m16.416s. Need more tokens? Upgrade to Dev Tier today at https://console.groq.com/settings/billing', 'type': 'tokens', 'code': 'rate_limit_exceeded'}}
2026-04-28 16:28:06 | INFO | babydoc.app | Incoming query: 'baby ko colic hai kya karein'
2026-04-28 16:28:06 | DEBUG | babydoc.app | Retrieval score: 0.836 | top results: 5
2026-04-28 16:28:06 | INFO | babydoc.app | Mode: data | Score: 0.836
2026-04-28 16:28:06 | ERROR | babydoc.app | Groq API error: Error code: 429 - {'error': {'message': 'Rate limit reached for model `llama-3.3-70b-versatile` in organization `org_01kk3rksfxeh5apr70he72t7p4` service tier `on_demand` on tokens per day (TPD): Limit 100000, Used 99723, Requested 949. Please try again in 9m40.608s. Need more tokens? Upgrade to Dev Tier today at https://console.groq.com/settings/billing', 'type': 'tokens', 'code': 'rate_limit_exceeded'}}
2026-04-28 16:28:06 | ERROR | babydoc.app | Unhandled error in /chat: Error code: 429 - {'error': {'message': 'Rate limit reached for model `llama-3.3-70b-versatile` in organization `org_01kk3rksfxeh5apr70he72t7p4` service tier `on_demand` on tokens per day (TPD): Limit 100000, Used 99723, Requested 949. Please try again in 9m40.608s. Need more tokens? Upgrade to Dev Tier today at https://console.groq.com/settings/billing', 'type': 'tokens', 'code': 'rate_limit_exceeded'}}
2026-04-28 16:28:09 | INFO | babydoc.app | Incoming query: 'normal weight gain for exclusively breastfed baby'
2026-04-28 16:28:09 | DEBUG | babydoc.app | Retrieval score: 0.753 | top results: 5
2026-04-28 16:28:09 | INFO | babydoc.app | Mode: data | Score: 0.753
2026-04-28 16:28:09 | ERROR | babydoc.app | Groq API error: Error code: 429 - {'error': {'message': 'Rate limit reached for model `llama-3.3-70b-versatile` in organization `org_01kk3rksfxeh5apr70he72t7p4` service tier `on_demand` on tokens per day (TPD): Limit 100000, Used 99720, Requested 1120. Please try again in 12m5.76s. Need more tokens? Upgrade to Dev Tier today at https://console.groq.com/settings/billing', 'type': 'tokens', 'code': 'rate_limit_exceeded'}}
2026-04-28 16:28:09 | ERROR | babydoc.app | Unhandled error in /chat: Error code: 429 - {'error': {'message': 'Rate limit reached for model `llama-3.3-70b-versatile` in organization `org_01kk3rksfxeh5apr70he72t7p4` service tier `on_demand` on tokens per day (TPD): Limit 100000, Used 99720, Requested 1120. Please try again in 12m5.76s. Need more tokens? Upgrade to Dev Tier today at https://console.groq.com/settings/billing', 'type': 'tokens', 'code': 'rate_limit_exceeded'}}
2026-04-28 16:28:12 | INFO | babydoc.app | Incoming query: 'how to introduce eggs to 6 month old baby'
2026-04-28 16:28:12 | DEBUG | babydoc.app | Retrieval score: 0.692 | top results: 5
2026-04-28 16:28:12 | INFO | babydoc.app | Mode: data | Score: 0.692
2026-04-28 16:28:12 | ERROR | babydoc.app | Groq API error: Error code: 429 - {'error': {'message': 'Rate limit reached for model `llama-3.3-70b-versatile` in organization `org_01kk3rksfxeh5apr70he72t7p4` service tier `on_demand` on tokens per day (TPD): Limit 100000, Used 99717, Requested 938. Please try again in 9m25.92s. Need more tokens? Upgrade to Dev Tier today at https://console.groq.com/settings/billing', 'type': 'tokens', 'code': 'rate_limit_exceeded'}}
2026-04-28 16:28:12 | ERROR | babydoc.app | Unhandled error in /chat: Error code: 429 - {'error': {'message': 'Rate limit reached for model `llama-3.3-70b-versatile` in organization `org_01kk3rksfxeh5apr70he72t7p4` service tier `on_demand` on tokens per day (TPD): Limit 100000, Used 99717, Requested 938. Please try again in 9m25.92s. Need more tokens? Upgrade to Dev Tier today at https://console.groq.com/settings/billing', 'type': 'tokens', 'code': 'rate_limit_exceeded'}}
2026-04-28 16:28:14 | INFO | babydoc.app | Incoming query: 'baby ko iron drops kab se start karein'
2026-04-28 16:28:14 | DEBUG | babydoc.app | Retrieval score: 0.773 | top results: 5
2026-04-28 16:28:14 | INFO | babydoc.app | Mode: data | Score: 0.773
2026-04-28 16:28:15 | ERROR | babydoc.app | Groq API error: Error code: 429 - {'error': {'message': 'Rate limit reached for model `llama-3.3-70b-versatile` in organization `org_01kk3rksfxeh5apr70he72t7p4` service tier `on_demand` on tokens per day (TPD): Limit 100000, Used 99714, Requested 935. Please try again in 9m20.736s. Need more tokens? Upgrade to Dev Tier today at https://console.groq.com/settings/billing', 'type': 'tokens', 'code': 'rate_limit_exceeded'}}
2026-04-28 16:28:15 | ERROR | babydoc.app | Unhandled error in /chat: Error code: 429 - {'error': {'message': 'Rate limit reached for model `llama-3.3-70b-versatile` in organization `org_01kk3rksfxeh5apr70he72t7p4` service tier `on_demand` on tokens per day (TPD): Limit 100000, Used 99714, Requested 935. Please try again in 9m20.736s. Need more tokens? Upgrade to Dev Tier today at https://console.groq.com/settings/billing', 'type': 'tokens', 'code': 'rate_limit_exceeded'}}
2026-04-28 16:28:17 | INFO | babydoc.app | Incoming query: 'my 2 month old baby has fever of 101'
2026-04-28 16:28:17 | WARNING | babydoc.app | Safety triggered for query: 'my 2 month old baby has fever of 101'
2026-04-28 16:28:20 | INFO | babydoc.app | Incoming query: 'mere naye janam liye bachche ko bukhar hai'
2026-04-28 16:28:20 | WARNING | babydoc.app | Safety triggered for query: 'mere naye janam liye bachche ko bukhar hai'
2026-04-28 16:28:23 | INFO | babydoc.app | Incoming query: 'stool mein blood aa raha hai baby ke'
2026-04-28 16:28:23 | WARNING | babydoc.app | Safety triggered for query: 'stool mein blood aa raha hai baby ke'
2026-04-28 16:28:25 | INFO | babydoc.app | Incoming query: 'hi'
2026-04-28 16:28:25 | DEBUG | babydoc.app | Retrieval score: 0.519 | top results: 5
2026-04-28 16:28:25 | INFO | babydoc.app | Mode: weak | Score: 0.519
2026-04-28 16:28:26 | ERROR | babydoc.app | Groq API error: Error code: 429 - {'error': {'message': 'Rate limit reached for model `llama-3.3-70b-versatile` in organization `org_01kk3rksfxeh5apr70he72t7p4` service tier `on_demand` on tokens per day (TPD): Limit 100000, Used 99701, Requested 968. Please try again in 9m38.016s. Need more tokens? Upgrade to Dev Tier today at https://console.groq.com/settings/billing', 'type': 'tokens', 'code': 'rate_limit_exceeded'}}
2026-04-28 16:28:26 | ERROR | babydoc.app | Unhandled error in /chat: Error code: 429 - {'error': {'message': 'Rate limit reached for model `llama-3.3-70b-versatile` in organization `org_01kk3rksfxeh5apr70he72t7p4` service tier `on_demand` on tokens per day (TPD): Limit 100000, Used 99701, Requested 968. Please try again in 9m38.016s. Need more tokens? Upgrade to Dev Tier today at https://console.groq.com/settings/billing', 'type': 'tokens', 'code': 'rate_limit_exceeded'}}
2026-04-28 16:28:28 | INFO | babydoc.app | Incoming query: 'my baby is not breathing properly and lips are turning blue'
2026-04-28 16:28:28 | WARNING | babydoc.app | Safety triggered for query: 'my baby is not breathing properly and lips are turning blue'
2026-04-28 16:28:58 | INFO | babydoc.app | Incoming query: 'hi'
2026-04-28 16:28:58 | DEBUG | babydoc.app | Retrieval score: 0.519 | top results: 5
2026-04-28 16:28:58 | INFO | babydoc.app | Mode: weak | Score: 0.519
2026-04-28 16:28:58 | ERROR | babydoc.app | Groq API error: Error code: 429 - {'error': {'message': 'Rate limit reached for model `llama-3.3-70b-versatile` in organization `org_01kk3rksfxeh5apr70he72t7p4` service tier `on_demand` on tokens per day (TPD): Limit 100000, Used 99663, Requested 968. Please try again in 9m5.183999999s. Need more tokens? Upgrade to Dev Tier today at https://console.groq.com/settings/billing', 'type': 'tokens', 'code': 'rate_limit_exceeded'}}
2026-04-28 16:28:58 | ERROR | babydoc.app | Unhandled error in /chat: Error code: 429 - {'error': {'message': 'Rate limit reached for model `llama-3.3-70b-versatile` in organization `org_01kk3rksfxeh5apr70he72t7p4` service tier `on_demand` on tokens per day (TPD): Limit 100000, Used 99663, Requested 968. Please try again in 9m5.183999999s. Need more tokens? Upgrade to Dev Tier today at https://console.groq.com/settings/billing', 'type': 'tokens', 'code': 'rate_limit_exceeded'}}
2026-04-28 16:46:57 | INFO | babydoc.app | Incoming query: 'how long breast milk can be stored'
2026-04-28 16:46:57 | DEBUG | babydoc.app | Retrieval score: 0.919 | top results: 5
2026-04-28 16:46:57 | INFO | babydoc.app | Mode: data | Score: 0.919
2026-04-28 16:46:57 | ERROR | babydoc.app | Groq API error: Error code: 429 - {'error': {'message': 'Rate limit reached for model `llama-3.3-70b-versatile` in organization `org_01kk3rksfxeh5apr70he72t7p4` service tier `on_demand` on tokens per day (TPD): Limit 100000, Used 98414, Requested 1919. Please try again in 4m47.712s. Need more tokens? Upgrade to Dev Tier today at https://console.groq.com/settings/billing', 'type': 'tokens', 'code': 'rate_limit_exceeded'}}
2026-04-28 16:46:57 | ERROR | babydoc.app | Unhandled error in /chat: Error code: 429 - {'error': {'message': 'Rate limit reached for model `llama-3.3-70b-versatile` in organization `org_01kk3rksfxeh5apr70he72t7p4` service tier `on_demand` on tokens per day (TPD): Limit 100000, Used 98414, Requested 1919. Please try again in 4m47.712s. Need more tokens? Upgrade to Dev Tier today at https://console.groq.com/settings/billing', 'type': 'tokens', 'code': 'rate_limit_exceeded'}}
2026-04-28 16:47:00 | INFO | babydoc.app | Incoming query: 'my milk supply is low how to increase'
2026-04-28 16:47:00 | DEBUG | babydoc.app | Retrieval score: 0.968 | top results: 5
2026-04-28 16:47:00 | INFO | babydoc.app | Mode: data | Score: 0.968
2026-04-28 16:47:00 | ERROR | babydoc.app | Groq API error: Error code: 429 - {'error': {'message': 'Rate limit reached for model `llama-3.3-70b-versatile` in organization `org_01kk3rksfxeh5apr70he72t7p4` service tier `on_demand` on tokens per day (TPD): Limit 100000, Used 98936, Requested 1940. Please try again in 12m36.864s. Need more tokens? Upgrade to Dev Tier today at https://console.groq.com/settings/billing', 'type': 'tokens', 'code': 'rate_limit_exceeded'}}
2026-04-28 16:47:00 | ERROR | babydoc.app | Unhandled error in /chat: Error code: 429 - {'error': {'message': 'Rate limit reached for model `llama-3.3-70b-versatile` in organization `org_01kk3rksfxeh5apr70he72t7p4` service tier `on_demand` on tokens per day (TPD): Limit 100000, Used 98936, Requested 1940. Please try again in 12m36.864s. Need more tokens? Upgrade to Dev Tier today at https://console.groq.com/settings/billing', 'type': 'tokens', 'code': 'rate_limit_exceeded'}}
2026-04-29 09:56:33 | INFO | babydoc.app | Incoming query: 'how long breast milk can be stored'
2026-04-29 09:56:33 | DEBUG | babydoc.app | Retrieval score: 0.919 | top results: 5
2026-04-29 09:56:33 | INFO | babydoc.app | Mode: data | Score: 0.919
2026-04-29 09:56:34 | INFO | babydoc.app | Response time: 1327ms
2026-04-29 09:56:38 | INFO | babydoc.app | Incoming query: 'my milk supply is low how to increase'
2026-04-29 09:56:38 | DEBUG | babydoc.app | Retrieval score: 0.968 | top results: 5
2026-04-29 09:56:38 | INFO | babydoc.app | Mode: data | Score: 0.968
2026-04-29 09:56:38 | INFO | babydoc.app | Response time: 476ms
2026-04-29 09:56:41 | INFO | babydoc.app | Incoming query: 'my baby is not latching what can I do'
2026-04-29 09:56:41 | DEBUG | babydoc.app | Retrieval score: 0.778 | top results: 5
2026-04-29 09:56:41 | INFO | babydoc.app | Mode: data | Score: 0.778
2026-04-29 09:56:42 | INFO | babydoc.app | Response time: 571ms
2026-04-29 09:56:44 | INFO | babydoc.app | Incoming query: 'I have breastfeeding problem my nipples got cracked and it hurts'
2026-04-29 09:56:44 | DEBUG | babydoc.app | Retrieval score: 0.930 | top results: 5
2026-04-29 09:56:44 | INFO | babydoc.app | Mode: data | Score: 0.930
2026-04-29 09:56:45 | INFO | babydoc.app | Response time: 394ms
2026-04-29 09:56:48 | INFO | babydoc.app | Incoming query: 'how to clear blocked milk ducts'
2026-04-29 09:56:48 | DEBUG | babydoc.app | Retrieval score: 0.865 | top results: 5
2026-04-29 09:56:48 | INFO | babydoc.app | Mode: data | Score: 0.865
2026-04-29 09:56:48 | INFO | babydoc.app | Response time: 462ms
2026-04-29 09:56:51 | INFO | babydoc.app | Incoming query: 'baby has fever what to give'
2026-04-29 09:56:51 | DEBUG | babydoc.app | Retrieval score: 0.838 | top results: 5
2026-04-29 09:56:51 | INFO | babydoc.app | Mode: data | Score: 0.838
2026-04-29 09:56:51 | INFO | babydoc.app | Response time: 424ms
2026-04-29 09:56:54 | INFO | babydoc.app | Incoming query: 'my baby is constipated what to do'
2026-04-29 09:56:55 | DEBUG | babydoc.app | Retrieval score: 0.888 | top results: 5
2026-04-29 09:56:55 | INFO | babydoc.app | Mode: data | Score: 0.888
2026-04-29 09:56:55 | INFO | babydoc.app | Response time: 393ms
2026-04-29 09:56:58 | INFO | babydoc.app | Incoming query: 'my baby has loose motions what to do'
2026-04-29 09:56:58 | DEBUG | babydoc.app | Retrieval score: 0.775 | top results: 5
2026-04-29 09:56:58 | INFO | babydoc.app | Mode: data | Score: 0.775
2026-04-29 09:56:58 | INFO | babydoc.app | Response time: 449ms
2026-04-29 09:57:01 | INFO | babydoc.app | Incoming query: 'when can I start solids for my baby'
2026-04-29 09:57:01 | DEBUG | babydoc.app | Retrieval score: 0.620 | top results: 5
2026-04-29 09:57:01 | INFO | babydoc.app | Mode: data | Score: 0.620
2026-04-29 09:57:02 | INFO | babydoc.app | Response time: 468ms
2026-04-29 09:57:05 | INFO | babydoc.app | Incoming query: 'how many eggs should a breastfeeding mother eat'
2026-04-29 09:57:05 | DEBUG | babydoc.app | Retrieval score: 0.775 | top results: 5
2026-04-29 09:57:05 | INFO | babydoc.app | Mode: data | Score: 0.775
2026-04-29 09:57:05 | INFO | babydoc.app | Response time: 318ms
2026-04-29 09:57:08 | INFO | babydoc.app | Incoming query: 'diaper rash treatment'
2026-04-29 09:57:08 | DEBUG | babydoc.app | Retrieval score: 0.855 | top results: 5
2026-04-29 09:57:08 | INFO | babydoc.app | Mode: data | Score: 0.855
2026-04-29 09:57:08 | INFO | babydoc.app | Response time: 296ms
2026-04-29 09:57:11 | INFO | babydoc.app | Incoming query: 'when does teething start in babies'
2026-04-29 09:57:11 | DEBUG | babydoc.app | Retrieval score: 0.970 | top results: 5
2026-04-29 09:57:11 | INFO | babydoc.app | Mode: data | Score: 0.970
2026-04-29 09:57:12 | INFO | babydoc.app | Response time: 505ms
2026-04-29 09:57:16 | INFO | babydoc.app | Incoming query: 'postpartum depression mein kya karna chahiye'
2026-04-29 09:57:16 | DEBUG | babydoc.app | Retrieval score: 0.637 | top results: 5
2026-04-29 09:57:16 | INFO | babydoc.app | Mode: data | Score: 0.637
2026-04-29 09:57:18 | INFO | babydoc.app | Response time: 2594ms
2026-04-29 09:57:22 | INFO | babydoc.app | Incoming query: 'baby bottle accept nahi kar raha kya karein'
2026-04-29 09:57:22 | DEBUG | babydoc.app | Retrieval score: 0.684 | top results: 5
2026-04-29 09:57:22 | INFO | babydoc.app | Mode: data | Score: 0.684
2026-04-29 09:57:26 | INFO | babydoc.app | Response time: 3899ms
2026-04-29 09:57:31 | INFO | babydoc.app | Incoming query: 'when should I introduce cow milk'
2026-04-29 09:57:31 | DEBUG | babydoc.app | Retrieval score: 0.769 | top results: 5
2026-04-29 09:57:31 | INFO | babydoc.app | Mode: data | Score: 0.769
2026-04-29 09:57:33 | INFO | babydoc.app | Response time: 1493ms
2026-04-29 09:57:38 | INFO | babydoc.app | Incoming query: 'what supplements should breastfeeding mother take after c section'
2026-04-29 09:57:38 | DEBUG | babydoc.app | Retrieval score: 0.868 | top results: 5
2026-04-29 09:57:38 | INFO | babydoc.app | Mode: data | Score: 0.868
2026-04-29 09:57:39 | INFO | babydoc.app | Response time: 1491ms
2026-04-29 09:57:44 | INFO | babydoc.app | Incoming query: 'can I give dry fruits to 8 month old baby'
2026-04-29 09:57:44 | DEBUG | babydoc.app | Retrieval score: 0.844 | top results: 5
2026-04-29 09:57:44 | INFO | babydoc.app | Mode: data | Score: 0.844
2026-04-29 09:57:47 | INFO | babydoc.app | Response time: 2584ms
2026-04-29 09:57:52 | INFO | babydoc.app | Incoming query: 'breastfeeding se weight loss hoti hai kya'
2026-04-29 09:57:52 | DEBUG | babydoc.app | Retrieval score: 0.707 | top results: 5
2026-04-29 09:57:52 | INFO | babydoc.app | Mode: data | Score: 0.707
2026-04-29 09:57:55 | INFO | babydoc.app | Response time: 2610ms
2026-04-29 09:57:59 | INFO | babydoc.app | Incoming query: 'baby ki dry skin pe kya lagayein'
2026-04-29 09:57:59 | DEBUG | babydoc.app | Retrieval score: 0.653 | top results: 5
2026-04-29 09:57:59 | INFO | babydoc.app | Mode: data | Score: 0.653
2026-04-29 09:58:00 | INFO | babydoc.app | Response time: 1505ms
2026-04-29 09:58:05 | INFO | babydoc.app | Incoming query: 'nasal congestion mein kya karein'
2026-04-29 09:58:05 | DEBUG | babydoc.app | Retrieval score: 0.604 | top results: 5
2026-04-29 09:58:05 | INFO | babydoc.app | Mode: data | Score: 0.604
2026-04-29 09:58:08 | INFO | babydoc.app | Response time: 2700ms
2026-04-29 09:58:12 | INFO | babydoc.app | Incoming query: 'kitne ghante tak doodh bahar rakh sakte hain'
2026-04-29 09:58:12 | DEBUG | babydoc.app | Retrieval score: 0.801 | top results: 5
2026-04-29 09:58:12 | INFO | babydoc.app | Mode: data | Score: 0.801
2026-04-29 09:58:15 | INFO | babydoc.app | Response time: 2587ms
2026-04-29 09:58:20 | INFO | babydoc.app | Incoming query: 'breast mein doodh kam aa raha hai kaise badhayein'
2026-04-29 09:58:20 | DEBUG | babydoc.app | Retrieval score: 0.833 | top results: 5
2026-04-29 09:58:20 | INFO | babydoc.app | Mode: data | Score: 0.833
2026-04-29 09:58:23 | INFO | babydoc.app | Response time: 2927ms
2026-04-29 09:58:27 | INFO | babydoc.app | Incoming query: 'my newborn refuses to latch on breast'
2026-04-29 09:58:27 | DEBUG | babydoc.app | Retrieval score: 0.730 | top results: 5
2026-04-29 09:58:27 | INFO | babydoc.app | Mode: data | Score: 0.730
2026-04-29 09:58:30 | INFO | babydoc.app | Response time: 2569ms
2026-04-29 09:58:35 | INFO | babydoc.app | Incoming query: 'nipple crack ho gaya doodh pilane mein takleef ho rahi hai'
2026-04-29 09:58:35 | DEBUG | babydoc.app | Retrieval score: 0.705 | top results: 5
2026-04-29 09:58:35 | INFO | babydoc.app | Mode: data | Score: 0.705
2026-04-29 09:58:37 | INFO | babydoc.app | Response time: 2631ms
2026-04-29 09:58:43 | INFO | babydoc.app | Incoming query: 'baby ka temperature high hai kya dena chahiye'
2026-04-29 09:58:43 | DEBUG | babydoc.app | Retrieval score: 0.735 | top results: 5
2026-04-29 09:58:43 | INFO | babydoc.app | Mode: data | Score: 0.735
2026-04-29 09:58:44 | INFO | babydoc.app | Response time: 1478ms
2026-04-29 09:58:49 | INFO | babydoc.app | Incoming query: 'infant is not passing stool for 3 days'
2026-04-29 09:58:49 | DEBUG | babydoc.app | Retrieval score: 0.768 | top results: 5
2026-04-29 09:58:49 | INFO | babydoc.app | Mode: data | Score: 0.768
2026-04-29 09:58:52 | INFO | babydoc.app | Response time: 2625ms
2026-04-29 09:58:56 | INFO | babydoc.app | Incoming query: 'chhote bachche ko solid food kab se shuru karein'
2026-04-29 09:58:56 | DEBUG | babydoc.app | Retrieval score: 0.652 | top results: 5
2026-04-29 09:58:56 | INFO | babydoc.app | Mode: data | Score: 0.652
2026-04-29 09:58:59 | INFO | babydoc.app | Response time: 3548ms
2026-04-29 09:59:04 | INFO | babydoc.app | Incoming query: 'baby ke nappy area mein lali aa gayi hai'
2026-04-29 09:59:04 | DEBUG | babydoc.app | Retrieval score: 0.774 | top results: 5
2026-04-29 09:59:04 | INFO | babydoc.app | Mode: data | Score: 0.774
2026-04-29 09:59:07 | INFO | babydoc.app | Response time: 2705ms
2026-04-29 09:59:11 | INFO | babydoc.app | Incoming query: 'my baby is teething and very irritable what helps'
2026-04-29 09:59:11 | DEBUG | babydoc.app | Retrieval score: 0.724 | top results: 5
2026-04-29 09:59:11 | INFO | babydoc.app | Mode: data | Score: 0.724
2026-04-29 09:59:14 | INFO | babydoc.app | Response time: 2572ms
2026-04-29 09:59:18 | INFO | babydoc.app | Incoming query: 'mujhe depression ho raha hai delivery ke baad kya karoon'
2026-04-29 09:59:18 | DEBUG | babydoc.app | Retrieval score: 0.801 | top results: 5
2026-04-29 09:59:18 | INFO | babydoc.app | Mode: data | Score: 0.801
2026-04-29 09:59:22 | INFO | babydoc.app | Response time: 3849ms
2026-04-29 09:59:26 | INFO | babydoc.app | Incoming query: 'my baby has runny nose and sneezing a lot'
2026-04-29 09:59:26 | DEBUG | babydoc.app | Retrieval score: 0.814 | top results: 5
2026-04-29 09:59:26 | INFO | babydoc.app | Mode: data | Score: 0.814
2026-04-29 09:59:28 | INFO | babydoc.app | Response time: 2464ms
2026-04-29 09:59:32 | INFO | babydoc.app | Incoming query: 'gaye ka doodh bachche ko kab se de sakte hain'
2026-04-29 09:59:33 | DEBUG | babydoc.app | Retrieval score: 0.779 | top results: 5
2026-04-29 09:59:33 | INFO | babydoc.app | Mode: data | Score: 0.779
2026-04-29 09:59:36 | INFO | babydoc.app | Response time: 3612ms
2026-04-29 09:59:40 | INFO | babydoc.app | Incoming query: 'after cesarean what vitamins should I take while nursing'
2026-04-29 09:59:40 | DEBUG | babydoc.app | Retrieval score: 0.672 | top results: 5
2026-04-29 09:59:40 | INFO | babydoc.app | Mode: data | Score: 0.672
2026-04-29 09:59:43 | INFO | babydoc.app | Response time: 2394ms
2026-04-29 09:59:47 | INFO | babydoc.app | Incoming query: 'infant skin is very flaky and rough what to apply'
2026-04-29 09:59:47 | DEBUG | babydoc.app | Retrieval score: 0.695 | top results: 5
2026-04-29 09:59:47 | INFO | babydoc.app | Mode: data | Score: 0.695
2026-04-29 09:59:49 | INFO | babydoc.app | Response time: 2638ms
2026-04-29 09:59:54 | INFO | babydoc.app | Incoming query: 'bacha feeder se doodh nahi pita kya karein'
2026-04-29 09:59:54 | DEBUG | babydoc.app | Retrieval score: 0.707 | top results: 5
2026-04-29 09:59:54 | INFO | babydoc.app | Mode: data | Score: 0.707
2026-04-29 09:59:57 | INFO | babydoc.app | Response time: 3694ms
2026-04-29 10:00:02 | INFO | babydoc.app | Incoming query: 'can I give ragi to my 6 month old baby'
2026-04-29 10:00:02 | DEBUG | babydoc.app | Retrieval score: 0.918 | top results: 5
2026-04-29 10:00:02 | INFO | babydoc.app | Mode: data | Score: 0.918
2026-04-29 10:00:04 | INFO | babydoc.app | Response time: 2528ms
2026-04-29 10:00:08 | INFO | babydoc.app | Incoming query: 'how much water should I give to a 7 month old baby'
2026-04-29 10:00:08 | DEBUG | babydoc.app | Retrieval score: 0.943 | top results: 5
2026-04-29 10:00:08 | INFO | babydoc.app | Mode: data | Score: 0.943
2026-04-29 10:00:11 | INFO | babydoc.app | Response time: 2524ms
2026-04-29 10:00:16 | INFO | babydoc.app | Incoming query: 'kya breastfeeding ke dauran dental treatment safe hai'
2026-04-29 10:00:16 | DEBUG | babydoc.app | Retrieval score: 0.715 | top results: 5
2026-04-29 10:00:16 | INFO | babydoc.app | Mode: data | Score: 0.715
2026-04-29 10:00:18 | INFO | babydoc.app | Response time: 1520ms
2026-04-29 10:00:23 | INFO | babydoc.app | Incoming query: 'how to burp a baby who falls asleep while breastfeeding'
2026-04-29 10:00:23 | DEBUG | babydoc.app | Retrieval score: 0.802 | top results: 5
2026-04-29 10:00:23 | INFO | babydoc.app | Mode: data | Score: 0.802
2026-04-29 10:00:25 | INFO | babydoc.app | Response time: 2680ms
2026-04-29 10:00:30 | INFO | babydoc.app | Incoming query: 'vitamin d drops kab tak dene chahiye'
2026-04-29 10:00:30 | DEBUG | babydoc.app | Retrieval score: 0.783 | top results: 5
2026-04-29 10:00:30 | INFO | babydoc.app | Mode: data | Score: 0.783
2026-04-29 10:00:32 | INFO | babydoc.app | Response time: 2428ms
2026-04-29 10:00:36 | INFO | babydoc.app | Incoming query: 'can I give banana to my 7 month old'
2026-04-29 10:00:36 | DEBUG | babydoc.app | Retrieval score: 0.765 | top results: 5
2026-04-29 10:00:36 | INFO | babydoc.app | Mode: data | Score: 0.765
2026-04-29 10:00:38 | INFO | babydoc.app | Response time: 1416ms
2026-04-29 10:00:43 | INFO | babydoc.app | Incoming query: 'baby ko colic hai kya karein'
2026-04-29 10:00:43 | DEBUG | babydoc.app | Retrieval score: 0.836 | top results: 5
2026-04-29 10:00:43 | INFO | babydoc.app | Mode: data | Score: 0.836
2026-04-29 10:00:45 | INFO | babydoc.app | Response time: 2623ms
2026-04-29 10:00:50 | INFO | babydoc.app | Incoming query: 'normal weight gain for exclusively breastfed baby'
2026-04-29 10:00:50 | DEBUG | babydoc.app | Retrieval score: 0.753 | top results: 5
2026-04-29 10:00:50 | INFO | babydoc.app | Mode: data | Score: 0.753
2026-04-29 10:00:53 | INFO | babydoc.app | Response time: 2463ms
2026-04-29 10:00:58 | INFO | babydoc.app | Incoming query: 'how to introduce eggs to 6 month old baby'
2026-04-29 10:00:58 | DEBUG | babydoc.app | Retrieval score: 0.692 | top results: 5
2026-04-29 10:00:58 | INFO | babydoc.app | Mode: data | Score: 0.692
2026-04-29 10:00:59 | INFO | babydoc.app | Response time: 1470ms
2026-04-29 10:01:04 | INFO | babydoc.app | Incoming query: 'baby ko iron drops kab se start karein'
2026-04-29 10:01:04 | DEBUG | babydoc.app | Retrieval score: 0.773 | top results: 5
2026-04-29 10:01:04 | INFO | babydoc.app | Mode: data | Score: 0.773
2026-04-29 10:01:07 | INFO | babydoc.app | Response time: 2439ms
2026-04-29 10:01:11 | INFO | babydoc.app | Incoming query: 'my 2 month old baby has fever of 101'
2026-04-29 10:01:11 | WARNING | babydoc.app | Safety triggered for query: 'my 2 month old baby has fever of 101'
2026-04-29 10:01:14 | INFO | babydoc.app | Incoming query: 'mere naye janam liye bachche ko bukhar hai'
2026-04-29 10:01:14 | WARNING | babydoc.app | Safety triggered for query: 'mere naye janam liye bachche ko bukhar hai'
2026-04-29 10:01:17 | INFO | babydoc.app | Incoming query: 'stool mein blood aa raha hai baby ke'
2026-04-29 10:01:17 | WARNING | babydoc.app | Safety triggered for query: 'stool mein blood aa raha hai baby ke'
2026-04-29 10:01:20 | INFO | babydoc.app | Incoming query: 'hi'
2026-04-29 10:01:20 | DEBUG | babydoc.app | Retrieval score: 0.519 | top results: 5
2026-04-29 10:01:20 | INFO | babydoc.app | Mode: weak | Score: 0.519
2026-04-29 10:01:20 | INFO | babydoc.app | Response time: 521ms
2026-04-29 10:01:24 | INFO | babydoc.app | Incoming query: 'my baby is not breathing properly and lips are turning blue'
2026-04-29 10:01:24 | WARNING | babydoc.app | Safety triggered for query: 'my baby is not breathing properly and lips are turning blue'
2026-04-30 15:01:41 | INFO | babydoc.app | Incoming query: 'hi'
2026-04-30 15:01:42 | DEBUG | babydoc.app | Retrieval score: 0.519 | top results: 5
2026-04-30 15:01:42 | INFO | babydoc.app | Mode: weak | Score: 0.519
2026-04-30 15:01:43 | INFO | babydoc.app | Response time: 1984ms
2026-04-30 15:01:57 | INFO | babydoc.app | Incoming query: "my baby's age is 1 year old"
2026-04-30 15:01:57 | DEBUG | babydoc.app | Retrieval score: 0.710 | top results: 5
2026-04-30 15:01:57 | INFO | babydoc.app | Mode: data | Score: 0.710
2026-04-30 15:01:57 | INFO | babydoc.app | Response time: 588ms
2026-04-30 15:02:17 | INFO | babydoc.app | Incoming query: 'kaala je'
2026-04-30 15:02:17 | DEBUG | babydoc.app | Retrieval score: 0.687 | top results: 5
2026-04-30 15:02:17 | INFO | babydoc.app | Mode: data | Score: 0.687
2026-04-30 15:02:17 | INFO | babydoc.app | Response time: 730ms
2026-04-30 15:02:39 | INFO | babydoc.app | Incoming query: 'mere baby kee age 2 years he'
2026-04-30 15:02:39 | DEBUG | babydoc.app | Retrieval score: 0.745 | top results: 5
2026-04-30 15:02:39 | INFO | babydoc.app | Mode: data | Score: 0.745
2026-04-30 15:02:39 | INFO | babydoc.app | Response time: 658ms
2026-04-30 15:07:53 | INFO | babydoc.app | Momify API shutting down.
2026-04-30 15:09:37 | INFO | babydoc.app | Momify API starting up...
2026-04-30 15:09:45 | INFO | babydoc.app | Loaded 493 Q&A pairs from data\ALLQA_cleaned.json
2026-04-30 15:09:45 | INFO | babydoc.app | Momify API shutting down.
2026-04-30 15:10:09 | INFO | babydoc.app | Momify API starting up...
2026-04-30 15:10:15 | INFO | babydoc.app | Loaded 493 Q&A pairs from data\ALLQA_cleaned.json
2026-04-30 15:20:12 | INFO | babydoc.app | Incoming query: 'hi'
2026-04-30 15:20:12 | DEBUG | babydoc.app | Retrieval score: 0.519 | top results: 5
2026-04-30 15:20:12 | INFO | babydoc.app | Mode: weak | Score: 0.519
2026-04-30 15:20:13 | INFO | babydoc.app | Response time: 878ms
2026-04-30 15:20:34 | INFO | babydoc.app | Incoming query: 'mera baby ko bukhar he'
2026-04-30 15:20:34 | DEBUG | babydoc.app | Retrieval score: 0.838 | top results: 5
2026-04-30 15:20:34 | INFO | babydoc.app | Mode: data | Score: 0.838
2026-04-30 15:20:34 | INFO | babydoc.app | Response time: 391ms
2026-04-30 15:20:57 | INFO | babydoc.app | Incoming query: 'speak in hindi'
2026-04-30 15:20:58 | DEBUG | babydoc.app | Retrieval score: 0.649 | top results: 5
2026-04-30 15:20:58 | INFO | babydoc.app | Mode: data | Score: 0.649
2026-04-30 15:20:58 | INFO | babydoc.app | Response time: 597ms
2026-04-30 15:25:09 | INFO | babydoc.app | Momify API shutting down.
2026-04-30 15:25:46 | INFO | babydoc.app | Momify API starting up...
2026-04-30 15:25:51 | INFO | babydoc.app | Loaded 493 Q&A pairs from data\ALLQA_cleaned.json
2026-04-30 15:25:51 | INFO | babydoc.app | Incoming query: 'hi'
2026-04-30 15:25:51 | DEBUG | babydoc.app | Retrieval score: 0.519 | top results: 5
2026-04-30 15:25:51 | INFO | babydoc.app | Mode: weak | Score: 0.519
2026-04-30 15:25:52 | INFO | babydoc.app | Response time: 529ms
2026-04-30 15:26:46 | INFO | babydoc.app | Incoming query: 'hi'
2026-04-30 15:26:46 | DEBUG | babydoc.app | Retrieval score: 0.519 | top results: 5
2026-04-30 15:26:46 | INFO | babydoc.app | Mode: weak | Score: 0.519
2026-04-30 15:26:47 | INFO | babydoc.app | Response time: 531ms
2026-04-30 15:26:51 | INFO | babydoc.app | Incoming query: 'mere baby ko fever he'
2026-04-30 15:26:51 | DEBUG | babydoc.app | Retrieval score: 0.797 | top results: 5
2026-04-30 15:26:51 | INFO | babydoc.app | Mode: data | Score: 0.797
2026-04-30 15:26:51 | INFO | babydoc.app | Response time: 340ms
2026-04-30 15:27:06 | INFO | babydoc.app | Incoming query: 'uska temp 101 f he'
2026-04-30 15:27:07 | DEBUG | babydoc.app | Retrieval score: 0.553 | top results: 5
2026-04-30 15:27:07 | INFO | babydoc.app | Mode: weak | Score: 0.553
2026-04-30 15:27:07 | INFO | babydoc.app | Response time: 592ms
2026-04-30 15:27:18 | INFO | babydoc.app | Incoming query: 'uska weight 14 kg he'
2026-04-30 15:27:18 | DEBUG | babydoc.app | Retrieval score: 0.742 | top results: 5
2026-04-30 15:27:18 | INFO | babydoc.app | Mode: data | Score: 0.742
2026-04-30 15:27:18 | INFO | babydoc.app | Response time: 685ms
2026-04-30 15:27:31 | INFO | babydoc.app | Incoming query: 'nhi'
2026-04-30 15:27:31 | DEBUG | babydoc.app | Retrieval score: 0.577 | top results: 5
2026-04-30 15:27:31 | INFO | babydoc.app | Mode: weak | Score: 0.577
2026-04-30 15:27:32 | INFO | babydoc.app | Response time: 670ms
2026-04-30 15:28:53 | INFO | babydoc.app | Incoming query: 'hum US me hein yhn paracetamol nhi milti'
2026-04-30 15:28:53 | DEBUG | babydoc.app | Retrieval score: 0.697 | top results: 5
2026-04-30 15:28:53 | INFO | babydoc.app | Mode: data | Score: 0.697
2026-04-30 15:28:54 | INFO | babydoc.app | Response time: 780ms
2026-04-30 15:29:09 | INFO | babydoc.app | Incoming query: 'dosage?'
2026-04-30 15:29:09 | DEBUG | babydoc.app | Retrieval score: 0.621 | top results: 5
2026-04-30 15:29:09 | INFO | babydoc.app | Mode: data | Score: 0.621
2026-04-30 15:29:09 | INFO | babydoc.app | Response time: 498ms
2026-04-30 15:29:25 | INFO | babydoc.app | Incoming query: 'abhi to bataya'
2026-04-30 15:29:25 | DEBUG | babydoc.app | Retrieval score: 0.557 | top results: 5
2026-04-30 15:29:25 | INFO | babydoc.app | Mode: weak | Score: 0.557
2026-04-30 15:29:26 | INFO | babydoc.app | Response time: 851ms
2026-04-30 15:30:40 | INFO | babydoc.app | Incoming query: 'mera baby ka color black he kya krun?'
2026-04-30 15:30:40 | DEBUG | babydoc.app | Retrieval score: 0.661 | top results: 5
2026-04-30 15:30:40 | INFO | babydoc.app | Mode: data | Score: 0.661
2026-04-30 15:30:41 | INFO | babydoc.app | Response time: 839ms
2026-04-30 15:31:21 | INFO | babydoc.app | Incoming query: '1.5 years is my baby age , how much time i should breastfeed her'
2026-04-30 15:31:21 | DEBUG | babydoc.app | Retrieval score: 0.769 | top results: 5
2026-04-30 15:31:21 | INFO | babydoc.app | Mode: data | Score: 0.769
2026-04-30 15:31:21 | INFO | babydoc.app | Response time: 600ms
2026-05-05 15:45:30 | INFO | babydoc.app | Incoming query: 'hi'
2026-05-05 15:45:31 | DEBUG | babydoc.app | Retrieval score: 0.519 | top results: 5
2026-05-05 15:45:31 | INFO | babydoc.app | Mode: weak | Score: 0.519
2026-05-05 15:45:31 | INFO | babydoc.app | Response time: 1670ms
2026-05-05 16:25:38 | INFO | babydoc.app | Incoming query: 'hi kese ho'
2026-05-05 16:25:38 | DEBUG | babydoc.app | Retrieval score: 0.623 | top results: 5
2026-05-05 16:25:38 | INFO | babydoc.app | Mode: data | Score: 0.623
2026-05-05 16:25:39 | INFO | babydoc.app | Response time: 717ms
2026-05-05 16:27:14 | INFO | babydoc.app | Incoming query: 'mere baby ko fever he'
2026-05-05 16:27:14 | DEBUG | babydoc.app | Retrieval score: 0.797 | top results: 5
2026-05-05 16:27:14 | INFO | babydoc.app | Mode: data | Score: 0.797
2026-05-05 16:27:14 | INFO | babydoc.app | Response time: 526ms
2026-05-05 16:27:35 | INFO | babydoc.app | Incoming query: '12kg and temp is 101F'
2026-05-05 16:27:36 | DEBUG | babydoc.app | Retrieval score: 0.616 | top results: 5
2026-05-05 16:27:36 | INFO | babydoc.app | Mode: data | Score: 0.616
2026-05-05 16:27:36 | INFO | babydoc.app | Response time: 719ms
2026-05-05 16:27:45 | INFO | babydoc.app | Incoming query: '1 year'
2026-05-05 16:27:45 | DEBUG | babydoc.app | Retrieval score: 0.535 | top results: 5
2026-05-05 16:27:45 | INFO | babydoc.app | Mode: weak | Score: 0.535
2026-05-05 16:27:46 | INFO | babydoc.app | Response time: 436ms
2026-05-05 16:28:58 | INFO | babydoc.app | Momify API shutting down.
2026-05-05 16:30:38 | INFO | babydoc.app | Momify API starting up...
2026-05-05 16:30:45 | INFO | babydoc.app | Loaded 493 Q&A pairs from data\ALLQA_cleaned.json
2026-05-05 16:30:45 | INFO | babydoc.app | Incoming query: 'i dont have paracetamol'
2026-05-05 16:30:45 | INFO | babydoc.app | Incoming query: 'i dont have paracetamol\n\n'
2026-05-05 16:30:45 | DEBUG | babydoc.app | Retrieval score: 0.583 | top results: 5
2026-05-05 16:30:45 | INFO | babydoc.app | Mode: weak | Score: 0.583
2026-05-05 16:30:45 | DEBUG | babydoc.app | Retrieval score: 0.583 | top results: 5
2026-05-05 16:30:45 | INFO | babydoc.app | Mode: weak | Score: 0.583
2026-05-05 16:30:45 | INFO | babydoc.app | Response time: 681ms
2026-05-05 16:30:45 | INFO | babydoc.app | Response time: 722ms
2026-05-05 16:32:21 | INFO | babydoc.app | Incoming query: 'Hi'
2026-05-05 16:32:21 | DEBUG | babydoc.app | Retrieval score: 0.518 | top results: 5
2026-05-05 16:32:21 | INFO | babydoc.app | Mode: weak | Score: 0.518
2026-05-05 16:32:21 | INFO | babydoc.app | Response time: 442ms
2026-05-05 16:32:26 | INFO | babydoc.app | Incoming query: 'my baby have fever'
2026-05-05 16:32:26 | DEBUG | babydoc.app | Retrieval score: 0.880 | top results: 5
2026-05-05 16:32:26 | INFO | babydoc.app | Mode: data | Score: 0.880
2026-05-05 16:32:26 | INFO | babydoc.app | Response time: 507ms
2026-05-05 16:33:05 | INFO | babydoc.app | Incoming query: 'her weight is 20 kg and age is 2 years'
2026-05-05 16:33:05 | DEBUG | babydoc.app | Retrieval score: 0.601 | top results: 5
2026-05-05 16:33:05 | INFO | babydoc.app | Mode: data | Score: 0.601
2026-05-05 16:33:05 | INFO | babydoc.app | Response time: 586ms
2026-05-05 16:33:18 | INFO | babydoc.app | Incoming query: '102F'
2026-05-05 16:33:19 | DEBUG | babydoc.app | Retrieval score: 0.536 | top results: 5
2026-05-05 16:33:19 | INFO | babydoc.app | Mode: weak | Score: 0.536
2026-05-05 16:33:19 | INFO | babydoc.app | Response time: 737ms
2026-05-06 12:10:12 | INFO | babydoc.app | Incoming query: 'HI'
2026-05-06 12:10:13 | DEBUG | babydoc.app | Retrieval score: 0.526 | top results: 5
2026-05-06 12:10:13 | INFO | babydoc.app | Mode: weak | Score: 0.526
2026-05-06 12:10:14 | INFO | babydoc.app | Response time: 1971ms
2026-05-06 12:11:03 | INFO | babydoc.app | Incoming query: ',y baby is having stool?'
2026-05-06 12:11:03 | DEBUG | babydoc.app | Retrieval score: 0.740 | top results: 5
2026-05-06 12:11:03 | INFO | babydoc.app | Mode: data | Score: 0.740
2026-05-06 12:11:03 | INFO | babydoc.app | Response time: 615ms
2026-05-06 12:11:14 | INFO | babydoc.app | Incoming query: 'it is soft since last night'
2026-05-06 12:11:14 | DEBUG | babydoc.app | Retrieval score: 0.434 | top results: 5
2026-05-06 12:11:14 | INFO | babydoc.app | Mode: weak | Score: 0.434
2026-05-06 12:11:15 | INFO | babydoc.app | Response time: 690ms
2026-05-06 12:11:32 | INFO | babydoc.app | Incoming query: 'what  should i feed him for cure'
2026-05-06 12:11:32 | DEBUG | babydoc.app | Retrieval score: 0.633 | top results: 5
2026-05-06 12:11:32 | INFO | babydoc.app | Mode: data | Score: 0.633
2026-05-06 12:11:32 | INFO | babydoc.app | Response time: 474ms
2026-05-06 12:11:45 | INFO | babydoc.app | Incoming query: 'he is 2 months old'
2026-05-06 12:11:45 | DEBUG | babydoc.app | Retrieval score: 0.616 | top results: 5
2026-05-06 12:11:45 | INFO | babydoc.app | Mode: data | Score: 0.616
2026-05-06 12:11:46 | INFO | babydoc.app | Response time: 522ms
2026-05-06 12:12:13 | INFO | babydoc.app | Incoming query: 'oh so water is good for 2 month old baby?'
2026-05-06 12:12:13 | DEBUG | babydoc.app | Retrieval score: 0.728 | top results: 5
2026-05-06 12:12:13 | INFO | babydoc.app | Mode: data | Score: 0.728
2026-05-06 12:12:13 | INFO | babydoc.app | Response time: 517ms
2026-05-06 12:12:27 | INFO | babydoc.app | Incoming query: 'then why you suggested so?'
2026-05-06 12:12:27 | DEBUG | babydoc.app | Retrieval score: 0.355 | top results: 5
2026-05-06 12:12:27 | INFO | babydoc.app | Mode: fallback | Score: 0.355
2026-05-06 12:12:27 | INFO | babydoc.app | Response time: 467ms
2026-05-06 12:12:39 | INFO | babydoc.app | Incoming query: 'but you suggested it for stool?'
2026-05-06 12:12:39 | DEBUG | babydoc.app | Retrieval score: 0.463 | top results: 5
2026-05-06 12:12:39 | INFO | babydoc.app | Mode: weak | Score: 0.463
2026-05-06 12:12:40 | INFO | babydoc.app | Response time: 678ms
2026-05-07 11:01:43 | INFO | babydoc.app | Incoming query: 'hi'
2026-05-07 11:01:45 | DEBUG | babydoc.app | Retrieval score: 0.519 | top results: 5
2026-05-07 11:01:45 | INFO | babydoc.app | Mode: weak | Score: 0.519
2026-05-07 11:01:45 | INFO | babydoc.app | Response time: 1919ms
2026-05-07 14:24:02 | INFO | babydoc.app | Momify API shutting down.
2026-05-07 14:24:43 | INFO | babydoc.app | Momify API starting up...
2026-05-07 14:24:48 | INFO | babydoc.app | Loaded 493 Q&A pairs from data\ALLQA_cleaned.json
2026-05-07 14:24:48 | INFO | babydoc.app | Momify API shutting down.
2026-05-07 14:25:05 | INFO | babydoc.app | Momify API starting up...
2026-05-07 14:25:10 | INFO | babydoc.app | Loaded 493 Q&A pairs from data\ALLQA_cleaned.json
2026-05-07 14:27:40 | INFO | babydoc.app | Incoming query: 'hi'
2026-05-07 14:27:40 | DEBUG | babydoc.app | Retrieval score: 0.519 | top results: 5
2026-05-07 14:27:40 | INFO | babydoc.app | Mode: weak | Score: 0.519
2026-05-07 14:27:41 | INFO | babydoc.app | Response time: 555ms
2026-05-07 14:27:54 | INFO | babydoc.app | Incoming query: 'my baby have fever'
2026-05-07 14:27:54 | DEBUG | babydoc.app | Retrieval score: 0.880 | top results: 5
2026-05-07 14:27:54 | INFO | babydoc.app | Mode: data | Score: 0.880
2026-05-07 14:27:54 | INFO | babydoc.app | Response time: 394ms
2026-05-07 14:28:10 | INFO | babydoc.app | Incoming query: 'it is 101 F and her age is 1.5 years'
2026-05-07 14:28:10 | DEBUG | babydoc.app | Retrieval score: 0.606 | top results: 5
2026-05-07 14:28:10 | INFO | babydoc.app | Mode: data | Score: 0.606
2026-05-07 14:28:10 | INFO | babydoc.app | Response time: 440ms
2026-05-07 14:28:40 | INFO | babydoc.app | Incoming query: 'mere baby ko kya khilaun , usey sardi horhi he'
2026-05-07 14:28:40 | DEBUG | babydoc.app | Retrieval score: 0.813 | top results: 5
2026-05-07 14:28:40 | INFO | babydoc.app | Mode: data | Score: 0.813
2026-05-07 14:28:41 | INFO | babydoc.app | Response time: 794ms
2026-05-07 14:29:13 | INFO | babydoc.app | Incoming query: 'summer season me garam kapde nhi pehna sakte'
2026-05-07 14:29:13 | DEBUG | babydoc.app | Retrieval score: 0.494 | top results: 5
2026-05-07 14:29:13 | INFO | babydoc.app | Mode: weak | Score: 0.494
2026-05-07 14:29:14 | INFO | babydoc.app | Response time: 370ms
2026-05-07 14:34:57 | INFO | babydoc.app | Momify API shutting down.
2026-05-07 14:35:12 | INFO | babydoc.app | Momify API starting up...
2026-05-07 14:35:15 | INFO | babydoc.app | Loaded 493 Q&A pairs from data\ALLQA_cleaned.json
2026-05-07 14:35:31 | INFO | babydoc.app | Momify API shutting down.
2026-05-07 14:35:46 | INFO | babydoc.app | Momify API starting up...
2026-05-07 14:35:49 | INFO | babydoc.app | Loaded 493 Q&A pairs from data\ALLQA_cleaned.json
2026-05-07 14:35:49 | INFO | babydoc.app | Momify API shutting down.
2026-05-07 14:36:02 | INFO | babydoc.app | Momify API starting up...
2026-05-07 14:36:05 | INFO | babydoc.app | Loaded 493 Q&A pairs from data\ALLQA_cleaned.json
2026-05-07 14:37:20 | INFO | babydoc.app | Incoming query: 'Hi  '
2026-05-07 14:37:20 | DEBUG | babydoc.app | Retrieval score: 0.518 | top results: 5
2026-05-07 14:37:20 | INFO | babydoc.app | Mode: weak | Score: 0.518
2026-05-07 14:37:21 | INFO | babydoc.app | Response time: 445ms
2026-05-07 14:37:30 | INFO | babydoc.app | Incoming query: 'mere baby ko bukhar he '
2026-05-07 14:37:30 | DEBUG | babydoc.app | Retrieval score: 0.795 | top results: 5
2026-05-07 14:37:30 | INFO | babydoc.app | Mode: data | Score: 0.795
2026-05-07 14:37:31 | INFO | babydoc.app | Response time: 445ms
2026-05-07 14:37:47 | INFO | babydoc.app | Incoming query: 'kuch ilaaj batao'
2026-05-07 14:37:47 | DEBUG | babydoc.app | Retrieval score: 0.666 | top results: 5
2026-05-07 14:37:47 | INFO | babydoc.app | Mode: data | Score: 0.666
2026-05-07 14:37:47 | INFO | babydoc.app | Response time: 590ms
2026-05-08 11:25:39 | INFO | babydoc.app | Momify API shutting down.
2026-05-08 11:26:17 | INFO | babydoc.app | Momify API starting up...
2026-05-08 11:26:21 | INFO | babydoc.app | Loaded 493 Q&A pairs from data\ALLQA_cleaned.json
2026-05-08 11:26:21 | INFO | babydoc.app | Momify API shutting down.
2026-05-08 11:26:34 | INFO | babydoc.app | Momify API starting up...
2026-05-08 11:26:37 | INFO | babydoc.app | Loaded 493 Q&A pairs from data\ALLQA_cleaned.json
2026-05-08 11:26:37 | INFO | babydoc.app | Momify API shutting down.
2026-05-08 11:26:50 | INFO | babydoc.app | Momify API starting up...
2026-05-08 11:26:53 | INFO | babydoc.app | Loaded 493 Q&A pairs from data\ALLQA_cleaned.json
2026-05-08 11:26:53 | INFO | babydoc.app | Momify API shutting down.
2026-05-08 11:27:06 | INFO | babydoc.app | Momify API starting up...
2026-05-08 11:27:10 | INFO | babydoc.app | Loaded 493 Q&A pairs from data\ALLQA_cleaned.json
2026-05-08 11:27:12 | INFO | babydoc.app | Momify API shutting down.
2026-05-08 11:27:25 | INFO | babydoc.app | Momify API starting up...
2026-05-08 11:27:28 | INFO | babydoc.app | Loaded 493 Q&A pairs from data\ALLQA_cleaned.json
2026-05-08 11:27:29 | INFO | babydoc.app | Momify API shutting down.
2026-05-08 11:27:42 | INFO | babydoc.app | Momify API starting up...
2026-05-08 11:27:45 | INFO | babydoc.app | Loaded 493 Q&A pairs from data\ALLQA_cleaned.json
2026-05-08 11:27:45 | INFO | babydoc.app | Momify API shutting down.
2026-05-08 11:27:58 | INFO | babydoc.app | Momify API starting up...
2026-05-08 11:28:02 | INFO | babydoc.app | Loaded 493 Q&A pairs from data\ALLQA_cleaned.json
2026-05-08 11:28:02 | INFO | babydoc.app | Momify API shutting down.
2026-05-08 11:28:15 | INFO | babydoc.app | Momify API starting up...
2026-05-08 11:28:18 | INFO | babydoc.app | Loaded 493 Q&A pairs from data\ALLQA_cleaned.json
2026-05-08 11:28:19 | INFO | babydoc.app | Momify API shutting down.
2026-05-08 11:28:32 | INFO | babydoc.app | Momify API starting up...
2026-05-08 11:28:35 | INFO | babydoc.app | Loaded 493 Q&A pairs from data\ALLQA_cleaned.json
2026-05-08 11:28:43 | INFO | babydoc.app | Momify API shutting down.
2026-05-08 11:28:56 | INFO | babydoc.app | Momify API starting up...
2026-05-08 11:29:00 | INFO | babydoc.app | Loaded 493 Q&A pairs from data\ALLQA_cleaned.json
2026-05-08 11:34:43 | INFO | babydoc.app | Momify API shutting down.
2026-05-08 11:34:56 | INFO | babydoc.app | Momify API starting up...
2026-05-08 11:34:59 | INFO | babydoc.app | Loaded 493 Q&A pairs from data\ALLQA_cleaned.json
2026-05-08 11:34:59 | INFO | babydoc.app | Momify API shutting down.
2026-05-08 11:35:12 | INFO | babydoc.app | Momify API starting up...
2026-05-08 11:35:16 | INFO | babydoc.app | Loaded 493 Q&A pairs from data\ALLQA_cleaned.json
2026-05-08 11:35:16 | INFO | babydoc.app | Momify API shutting down.
2026-05-08 11:35:29 | INFO | babydoc.app | Momify API starting up...
2026-05-08 11:35:32 | INFO | babydoc.app | Loaded 493 Q&A pairs from data\ALLQA_cleaned.json
2026-05-08 11:35:32 | INFO | babydoc.app | Momify API shutting down.
2026-05-08 11:35:45 | INFO | babydoc.app | Momify API starting up...
2026-05-08 11:35:49 | INFO | babydoc.app | Loaded 493 Q&A pairs from data\ALLQA_cleaned.json
2026-05-08 11:35:49 | INFO | babydoc.app | Momify API shutting down.
2026-05-08 11:36:02 | INFO | babydoc.app | Momify API starting up...
2026-05-08 11:36:05 | INFO | babydoc.app | Loaded 493 Q&A pairs from data\ALLQA_cleaned.json
2026-05-12 11:06:21 | INFO | babydoc.app | Momify API starting up...
2026-05-12 11:06:36 | INFO | babydoc.app | Loaded 493 Q&A pairs from data\ALLQA_cleaned.json
2026-05-12 11:07:14 | INFO | babydoc.app | Incoming query: 'my baby is having stool'
2026-05-12 11:07:14 | DEBUG | babydoc.app | Retrieval score: 0.795 | top results: 5
2026-05-12 11:07:14 | INFO | babydoc.app | Mode: data | Score: 0.795
2026-05-12 11:07:15 | INFO | babydoc.app | Response time: 1081ms
2026-05-12 11:07:53 | INFO | babydoc.app | Incoming query: 'his age is 1 year , he is having it since last night , '
2026-05-12 11:07:53 | DEBUG | babydoc.app | Retrieval score: 0.571 | top results: 5
2026-05-12 11:07:53 | INFO | babydoc.app | Mode: weak | Score: 0.571
2026-05-12 11:07:53 | INFO | babydoc.app | Response time: 751ms
2026-05-12 11:13:14 | INFO | babydoc.app | Momify API shutting down.
2026-05-12 11:13:37 | INFO | babydoc.app | Momify API starting up...
2026-05-12 11:13:42 | INFO | babydoc.app | Loaded 493 Q&A pairs from data\ALLQA_cleaned.json
2026-05-12 11:13:42 | INFO | babydoc.app | Momify API shutting down.
2026-05-12 11:14:03 | INFO | babydoc.app | Momify API starting up...
2026-05-12 11:14:08 | INFO | babydoc.app | Loaded 493 Q&A pairs from data\ALLQA_cleaned.json
2026-05-12 11:15:15 | INFO | babydoc.app | Incoming query: 'Can we give paracetamol to 2.5 month old on 10 weeks vaccination without fever but so extreme pain that he is crying continuously and when he cries so much in pain , he stops his breath.?'
2026-05-12 11:15:15 | WARNING | babydoc.app | Safety triggered for query: 'Can we give paracetamol to 2.5 month old on 10 weeks vaccination without fever but so extreme pain that he is crying continuously and when he cries so much in pain , he stops his breath.?'
2026-05-12 11:27:35 | INFO | babydoc.app | Momify API shutting down.
2026-05-12 11:28:03 | INFO | babydoc.app | Momify API starting up...
2026-05-12 11:28:09 | INFO | babydoc.app | Loaded 493 Q&A pairs from data\ALLQA_cleaned.json
2026-05-12 11:28:09 | INFO | babydoc.app | Momify API shutting down.
2026-05-12 11:29:18 | INFO | babydoc.app | Momify API starting up...
2026-05-12 11:29:25 | INFO | babydoc.app | Loaded 493 Q&A pairs from data\ALLQA_cleaned.json
2026-05-12 11:29:25 | INFO | babydoc.app | Momify API shutting down.
2026-05-12 11:29:45 | INFO | babydoc.app | Momify API starting up...
2026-05-12 11:29:51 | INFO | babydoc.app | Loaded 493 Q&A pairs from data\ALLQA_cleaned.json
2026-05-12 11:29:51 | INFO | babydoc.app | Momify API shutting down.
2026-05-12 11:30:15 | INFO | babydoc.app | Momify API starting up...
2026-05-12 11:30:28 | INFO | babydoc.app | Loaded 493 Q&A pairs from data\ALLQA_cleaned.json
2026-05-12 11:31:53 | INFO | babydoc.app | Incoming query: '\nCan we give paracetamol to 2.5 month old on 10 weeks vaccination without fever but so extreme pain that he is crying continuously and when he cries so much in pain , he stops his breath.?\n'
2026-05-12 11:31:53 | DEBUG | babydoc.app | Retrieval score: 0.992 | top results: 5
2026-05-12 11:31:53 | INFO | babydoc.app | Mode: data | Score: 0.992
2026-05-12 11:31:55 | INFO | babydoc.app | Response time: 1411ms
2026-05-12 11:33:42 | INFO | babydoc.app | Momify API shutting down.
2026-05-12 11:34:11 | INFO | babydoc.app | Momify API starting up...
2026-05-12 11:34:24 | INFO | babydoc.app | Loaded 493 Q&A pairs from data\ALLQA_cleaned.json
2026-05-12 11:35:06 | INFO | babydoc.app | Momify API shutting down.
2026-05-12 11:35:37 | INFO | babydoc.app | Momify API starting up...
2026-05-12 11:35:43 | INFO | babydoc.app | Loaded 493 Q&A pairs from data\ALLQA_cleaned.json
2026-05-12 11:35:44 | INFO | babydoc.app | Momify API shutting down.
2026-05-12 11:36:08 | INFO | babydoc.app | Momify API starting up...
2026-05-12 11:36:14 | INFO | babydoc.app | Loaded 493 Q&A pairs from data\ALLQA_cleaned.json
2026-05-12 11:47:46 | INFO | babydoc.app | Momify API shutting down.
2026-05-12 11:49:19 | INFO | babydoc.app | Momify API starting up...
2026-05-12 11:49:26 | INFO | babydoc.app | Loaded 429 Q&A pairs from data\ALLQA_cleaned.json
2026-05-12 11:49:33 | INFO | babydoc.app | Momify API shutting down.
2026-05-12 11:49:51 | INFO | babydoc.app | Momify API starting up...
2026-05-12 11:49:55 | INFO | babydoc.app | Loaded 429 Q&A pairs from data\ALLQA_cleaned.json
2026-05-12 11:51:44 | INFO | babydoc.app | Momify API shutting down.
2026-05-12 11:52:54 | INFO | babydoc.app | Momify API starting up...
2026-05-12 11:52:58 | INFO | babydoc.app | Loaded 429 Q&A pairs from data\ALLQA_cleaned.json
2026-05-12 11:52:58 | INFO | babydoc.app | Momify API shutting down.
2026-05-12 11:53:15 | INFO | babydoc.app | Momify API starting up...
2026-05-12 11:53:19 | INFO | babydoc.app | Loaded 429 Q&A pairs from data\ALLQA_cleaned.json
2026-05-12 11:57:49 | INFO | babydoc.app | Incoming query: 'Can we give paracetamol to 2.5 month old on 10 weeks vaccination without fever but so extreme pain that he is crying continuously and when he cries so much in pain , he stops his breath.'
2026-05-12 11:57:49 | DEBUG | babydoc.app | Retrieval score: 1.000 | top results: 5
2026-05-12 11:57:49 | INFO | babydoc.app | Mode: data | Score: 1.000
2026-05-12 11:57:50 | INFO | babydoc.app | Response time: 922ms
2026-05-12 12:01:32 | INFO | babydoc.app | Incoming query: 'my baby is 1 year old, not eating anything what should i do'
2026-05-12 12:01:32 | DEBUG | babydoc.app | Retrieval score: 0.664 | top results: 5
2026-05-12 12:01:32 | INFO | babydoc.app | Mode: data | Score: 0.664
2026-05-12 12:01:33 | INFO | babydoc.app | Response time: 578ms
2026-05-12 12:01:54 | INFO | babydoc.app | Incoming query: 'what drinks should i give'
2026-05-12 12:01:54 | DEBUG | babydoc.app | Retrieval score: 0.555 | top results: 5
2026-05-12 12:01:54 | INFO | babydoc.app | Mode: data | Score: 0.555
2026-05-12 12:01:55 | INFO | babydoc.app | Response time: 620ms
2026-05-12 15:35:21 | INFO | babydoc.app | Incoming query: 'my baby is 1 year old, not eating anything what should i do?'
2026-05-12 15:35:21 | DEBUG | babydoc.app | Retrieval score: 0.682 | top results: 5
2026-05-12 15:35:21 | INFO | babydoc.app | Mode: data | Score: 0.682
2026-05-12 15:35:22 | INFO | babydoc.app | Response time: 1130ms
2026-05-12 15:37:05 | INFO | babydoc.app | Momify API shutting down.
2026-05-12 15:37:34 | INFO | babydoc.app | Momify API starting up...
2026-05-12 15:37:39 | INFO | babydoc.app | Loaded 429 Q&A pairs from data\ALLQA_cleaned.json
2026-05-12 15:37:39 | INFO | babydoc.app | Momify API shutting down.
2026-05-12 15:38:01 | INFO | babydoc.app | Momify API starting up...
2026-05-12 15:38:06 | INFO | babydoc.app | Loaded 429 Q&A pairs from data\ALLQA_cleaned.json
2026-05-12 15:40:04 | INFO | babydoc.app | Incoming query: '\nmy baby is 1 year old, not eating anything what should i do?\n\n'
2026-05-12 15:40:04 | DEBUG | babydoc.app | Retrieval score: 0.682 | top results: 5
2026-05-12 15:40:04 | INFO | babydoc.app | Mode: data | Score: 0.682
2026-05-12 15:40:05 | INFO | babydoc.app | Response time: 1299ms
2026-05-12 15:41:17 | INFO | babydoc.app | Incoming query: 'my baby is 1 year old, not eating anything what should i do?\n\n'
2026-05-12 15:41:17 | DEBUG | babydoc.app | Retrieval score: 0.682 | top results: 5
2026-05-12 15:41:17 | INFO | babydoc.app | Mode: data | Score: 0.682
2026-05-12 15:41:18 | INFO | babydoc.app | Response time: 781ms
2026-05-12 15:42:08 | INFO | babydoc.app | Momify API shutting down.
2026-05-12 15:42:45 | INFO | babydoc.app | Momify API starting up...
2026-05-12 15:42:50 | INFO | babydoc.app | Loaded 429 Q&A pairs from data\ALLQA_cleaned.json
2026-05-12 15:47:47 | INFO | babydoc.app | Momify API shutting down.
2026-05-12 15:48:10 | INFO | babydoc.app | Momify API starting up...
2026-05-12 15:48:15 | INFO | babydoc.app | Loaded 429 Q&A pairs from data\ALLQA_cleaned.json
2026-05-12 15:48:15 | INFO | babydoc.app | Momify API shutting down.
2026-05-12 15:48:41 | INFO | babydoc.app | Momify API starting up...
2026-05-12 15:48:47 | INFO | babydoc.app | Loaded 429 Q&A pairs from data\ALLQA_cleaned.json
2026-05-12 15:48:55 | INFO | babydoc.app | Momify API shutting down.
2026-05-12 15:49:18 | INFO | babydoc.app | Momify API starting up...
2026-05-12 15:49:22 | INFO | babydoc.app | Loaded 429 Q&A pairs from data\ALLQA_cleaned.json
2026-05-12 15:49:22 | INFO | babydoc.app | Momify API shutting down.
2026-05-12 15:49:45 | INFO | babydoc.app | Momify API starting up...
2026-05-12 15:49:50 | INFO | babydoc.app | Loaded 429 Q&A pairs from data\ALLQA_cleaned.json
2026-05-12 15:50:04 | INFO | babydoc.app | Incoming query: 'my baby is 1 year old, not eating anything what should i do?\n\n'
2026-05-12 15:50:04 | DEBUG | babydoc.app | Retrieval score: 0.682 | top results: 5
2026-05-12 15:50:04 | INFO | babydoc.app | Mode: weak | Score: 0.682
2026-05-12 15:50:05 | INFO | babydoc.app | Response time: 1398ms
2026-05-12 15:51:29 | INFO | babydoc.app | Momify API shutting down.
2026-05-12 15:51:51 | INFO | babydoc.app | Momify API starting up...
2026-05-12 15:51:56 | INFO | babydoc.app | Loaded 429 Q&A pairs from data\ALLQA_cleaned.json
2026-05-12 15:51:56 | INFO | babydoc.app | Momify API shutting down.
2026-05-12 15:52:16 | INFO | babydoc.app | Momify API starting up...
2026-05-12 15:52:21 | INFO | babydoc.app | Loaded 429 Q&A pairs from data\ALLQA_cleaned.json
2026-05-12 15:53:38 | INFO | babydoc.app | Incoming query: 'my baby is 0.5 year old, not eating anything what should i do?\n\n'
2026-05-12 15:53:38 | DEBUG | babydoc.app | Retrieval score: 0.663 | top results: 5
2026-05-12 15:53:38 | INFO | babydoc.app | Mode: weak | Score: 0.663
2026-05-12 15:53:39 | INFO | babydoc.app | Response time: 1575ms
2026-05-12 15:59:15 | INFO | babydoc.app | Momify API shutting down.
2026-05-12 15:59:54 | INFO | babydoc.app | Momify API starting up...
2026-05-12 16:00:06 | INFO | babydoc.app | Loaded 429 Q&A pairs from data\ALLQA_cleaned.json
2026-05-12 16:02:15 | INFO | babydoc.app | Incoming query: 'my baby is 0.5 year old, not eating anything what should i do?\n\n'
2026-05-12 16:02:15 | DEBUG | babydoc.app | Retrieval score: 0.663 | top results: 5
2026-05-12 16:02:15 | INFO | babydoc.app | Mode: weak | Score: 0.663
2026-05-12 16:02:17 | INFO | babydoc.app | Response time: 1527ms
2026-05-12 16:04:33 | INFO | babydoc.app | Incoming query: 'really should i give meals 2-3 times to a 6months old baby?'
2026-05-12 16:04:33 | DEBUG | babydoc.app | Retrieval score: 0.771 | top results: 5
2026-05-12 16:04:33 | INFO | babydoc.app | Mode: data | Score: 0.771
2026-05-12 16:04:33 | INFO | babydoc.app | Response time: 664ms
2026-05-12 16:04:50 | INFO | babydoc.app | Incoming query: 'what food should i give?'
2026-05-12 16:04:50 | DEBUG | babydoc.app | Retrieval score: 0.723 | top results: 5
2026-05-12 16:04:50 | INFO | babydoc.app | Mode: data | Score: 0.723
2026-05-12 16:04:51 | INFO | babydoc.app | Response time: 905ms
2026-05-13 14:56:49 | INFO | babydoc.app | Incoming query: 'HI'
2026-05-13 14:56:49 | DEBUG | babydoc.app | Retrieval score: 0.526 | top results: 5
2026-05-13 14:56:49 | INFO | babydoc.app | Mode: weak | Score: 0.526
2026-05-13 14:56:51 | INFO | babydoc.app | Response time: 2309ms
2026-05-13 16:08:20 | INFO | babydoc.app | Momify API shutting down.
2026-05-13 16:12:42 | INFO | babydoc.app | Momify API starting up...
2026-05-13 16:12:46 | INFO | babydoc.app | Loaded 265 Q&A pairs from data\ALLQA_cleaned_v3.json
2026-05-13 16:12:46 | INFO | babydoc.app | Momify API shutting down.
2026-05-13 16:13:07 | INFO | babydoc.app | Momify API starting up...
2026-05-13 16:13:09 | INFO | babydoc.app | Loaded 265 Q&A pairs from data\ALLQA_cleaned_v3.json
2026-05-15 12:29:37 | INFO | babydoc.app | Momify API shutting down.
2026-05-15 12:31:20 | INFO | babydoc.app | Momify API starting up...
2026-05-15 12:31:30 | INFO | babydoc.app | Loaded 265 Q&A pairs from data\ALLQA_cleaned_v3.json
2026-05-15 12:31:30 | INFO | babydoc.app | Momify API shutting down.
2026-05-15 12:32:09 | INFO | babydoc.app | Momify API starting up...
2026-05-15 12:32:13 | INFO | babydoc.app | Loaded 265 Q&A pairs from data\ALLQA_cleaned_v3.json
2026-05-15 12:32:13 | INFO | babydoc.app | Momify API shutting down.
2026-05-15 12:32:37 | INFO | babydoc.app | Momify API starting up...
2026-05-15 12:32:43 | INFO | babydoc.app | Loaded 265 Q&A pairs from data\ALLQA_cleaned_v3.json
2026-05-15 12:32:43 | INFO | babydoc.app | Momify API shutting down.
2026-05-15 12:33:09 | INFO | babydoc.app | Momify API starting up...
2026-05-15 12:33:18 | INFO | babydoc.app | Loaded 265 Q&A pairs from data\ALLQA_cleaned_v3.json
2026-05-15 12:34:14 | INFO | babydoc.app | Momify API shutting down.
2026-05-15 12:34:43 | INFO | babydoc.app | Momify API starting up...
2026-05-15 12:34:47 | INFO | babydoc.app | Loaded 265 Q&A pairs from data\ALLQA_cleaned_v3.json
2026-05-15 12:34:47 | INFO | babydoc.app | Momify API shutting down.
2026-05-15 12:35:24 | INFO | babydoc.app | Momify API starting up...
2026-05-15 12:35:32 | INFO | babydoc.app | Loaded 265 Q&A pairs from data\ALLQA_cleaned_v3.json
2026-05-15 14:34:28 | INFO | babydoc.app | Momify API shutting down.
2026-05-15 14:36:06 | INFO | babydoc.app | Momify API starting up...
2026-05-15 14:36:13 | INFO | babydoc.app | Loaded 265 Q&A pairs from data\ALLQA_cleaned_v3.json
2026-05-15 15:12:04 | INFO | babydoc.app | Momify API shutting down.
2026-05-15 15:12:36 | INFO | babydoc.app | Momify API starting up...
2026-05-15 15:12:41 | INFO | babydoc.app | Loaded 265 Q&A pairs from data\ALLQA_cleaned_v3.json
2026-05-15 15:19:58 | INFO | babydoc.app | Momify API shutting down.
2026-05-15 15:20:19 | INFO | babydoc.app | Momify API starting up...
2026-05-15 15:20:22 | INFO | babydoc.app | Loaded 265 Q&A pairs from data\ALLQA_cleaned_v3.json
2026-05-15 15:35:22 | INFO | babydoc.app | Momify API shutting down.
2026-05-22 11:12:26 | INFO | babydoc.app | Momify API starting up...
2026-05-22 11:12:35 | INFO | babydoc.app | Loaded 265 Q&A pairs from data\ALLQA_cleaned_v3.json
2026-05-22 11:13:30 | INFO | babydoc.app | Momify API shutting down.
2026-05-22 11:14:01 | INFO | babydoc.app | Momify API starting up...
2026-05-22 11:14:09 | INFO | babydoc.app | Loaded 265 Q&A pairs from data\ALLQA_cleaned_v3.json
2026-05-22 11:14:09 | INFO | babydoc.app | Momify API shutting down.
2026-05-22 11:14:49 | INFO | babydoc.app | Momify API starting up...
2026-05-22 11:14:53 | INFO | babydoc.app | Loaded 265 Q&A pairs from data\ALLQA_cleaned_v3.json
2026-05-22 11:17:18 | INFO | babydoc.app | Incoming query: 'Hey '
2026-05-22 11:17:18 | DEBUG | babydoc.app | Retrieval score: 0.435 | top results: 5
2026-05-22 11:17:18 | INFO | babydoc.app | Mode: fallback | Score: 0.435 | Baby context: no
2026-05-22 11:17:19 | INFO | babydoc.app | Response time: 839ms
2026-05-22 11:17:19 | ERROR | babydoc.app | DB log failed: column "created_at" of relation "chat_logs" does not exist
LINE 8:                 created_at
                        ^

2026-05-22 11:17:30 | INFO | babydoc.app | Incoming query: 'my baby have fever'
2026-05-22 11:17:30 | DEBUG | babydoc.app | Retrieval score: 0.774 | top results: 5
2026-05-22 11:17:30 | INFO | babydoc.app | Mode: data | Score: 0.774 | Baby context: no
2026-05-22 11:17:30 | INFO | babydoc.app | Response time: 646ms
2026-05-22 11:17:30 | ERROR | babydoc.app | DB log failed: column "created_at" of relation "chat_logs" does not exist
LINE 8:                 created_at
                        ^

2026-05-22 11:17:56 | INFO | babydoc.app | Incoming query: '?mere baby kee age kitni he'
2026-05-22 11:17:56 | DEBUG | babydoc.app | Retrieval score: 0.797 | top results: 5
2026-05-22 11:17:56 | INFO | babydoc.app | Mode: data | Score: 0.797 | Baby context: no
2026-05-22 11:17:56 | INFO | babydoc.app | Response time: 692ms
2026-05-22 11:17:57 | ERROR | babydoc.app | DB log failed: column "created_at" of relation "chat_logs" does not exist
LINE 8:                 created_at
                        ^

2026-05-22 11:19:38 | INFO | babydoc.app | Momify API shutting down.
2026-05-22 11:20:09 | INFO | babydoc.app | Momify API starting up...
2026-05-22 11:20:12 | INFO | babydoc.app | Loaded 265 Q&A pairs from data\ALLQA_cleaned_v3.json
2026-05-22 11:21:32 | INFO | babydoc.app | Momify API shutting down.
2026-05-22 11:22:05 | INFO | babydoc.app | Momify API starting up...
2026-05-22 11:22:11 | INFO | babydoc.app | Loaded 265 Q&A pairs from data\ALLQA_cleaned_v3.json
2026-05-22 11:25:47 | INFO | babydoc.app | Incoming query: 'hi'
2026-05-22 11:25:47 | DEBUG | babydoc.app | Retrieval score: 0.412 | top results: 5
2026-05-22 11:25:47 | INFO | babydoc.app | Mode: fallback | Score: 0.412 | Baby context: no
2026-05-22 11:25:48 | INFO | babydoc.app | Response time: 1016ms
2026-05-22 11:25:48 | ERROR | babydoc.app | DB log failed: column "created_at" of relation "chat_logs" does not exist
LINE 8:                 created_at
                        ^

2026-05-22 11:26:06 | INFO | babydoc.app | Incoming query: 'mere baby kee age kya he'
2026-05-22 11:26:07 | DEBUG | babydoc.app | Retrieval score: 0.801 | top results: 5
2026-05-22 11:26:07 | INFO | babydoc.app | Mode: data | Score: 0.801 | Baby context: no
2026-05-22 11:26:07 | INFO | babydoc.app | Response time: 520ms
2026-05-22 11:26:07 | ERROR | babydoc.app | DB log failed: column "created_at" of relation "chat_logs" does not exist
LINE 8:                 created_at
                        ^

2026-05-22 11:26:27 | INFO | babydoc.app | Incoming query: 'batao age'
2026-05-22 11:26:27 | DEBUG | babydoc.app | Retrieval score: 0.500 | top results: 5
2026-05-22 11:26:27 | INFO | babydoc.app | Mode: fallback | Score: 0.500 | Baby context: no
2026-05-22 11:26:28 | INFO | babydoc.app | Response time: 637ms
2026-05-22 11:26:28 | ERROR | babydoc.app | DB log failed: column "created_at" of relation "chat_logs" does not exist
LINE 8:                 created_at
                        ^

2026-05-22 11:27:10 | INFO | babydoc.app | Momify API shutting down.
2026-05-22 11:27:31 | INFO | babydoc.app | Momify API starting up...
2026-05-22 11:27:34 | INFO | babydoc.app | Loaded 265 Q&A pairs from data\ALLQA_cleaned_v3.json
2026-05-22 11:27:53 | INFO | babydoc.app | Momify API shutting down.
2026-05-22 11:28:15 | INFO | babydoc.app | Momify API starting up...
2026-05-22 11:28:18 | INFO | babydoc.app | Loaded 265 Q&A pairs from data\ALLQA_cleaned_v3.json
2026-05-22 11:28:52 | INFO | babydoc.app | Baby context loaded for user mohd@gmail.com — name=None, age=None, gender=None
2026-05-22 11:29:41 | INFO | babydoc.app | Momify API shutting down.
2026-05-22 11:30:01 | INFO | babydoc.app | Momify API starting up...
2026-05-22 11:30:04 | INFO | babydoc.app | Loaded 265 Q&A pairs from data\ALLQA_cleaned_v3.json
2026-05-22 11:30:04 | INFO | babydoc.app | Baby context loaded for user mohd@gmail.com — name=Sher, age=1 years 0 months 14 days, gender=MALE
2026-05-22 11:32:11 | INFO | babydoc.app | Momify API shutting down.
2026-05-22 11:32:35 | INFO | babydoc.app | Momify API starting up...
2026-05-22 11:32:39 | INFO | babydoc.app | Loaded 265 Q&A pairs from data\ALLQA_cleaned_v3.json
2026-05-22 11:32:39 | INFO | babydoc.app | Momify API shutting down.
2026-05-22 11:33:08 | INFO | babydoc.app | Momify API starting up...
2026-05-22 11:33:13 | INFO | babydoc.app | Loaded 265 Q&A pairs from data\ALLQA_cleaned_v3.json
2026-05-22 11:34:52 | INFO | babydoc.app | Baby context loaded for user mohd@gmail.com — name=Sher, age=1 years 0 months 14 days, gender=MALE
2026-05-22 11:34:52 | INFO | babydoc.app | Incoming query: 'my baby has fever'
2026-05-22 11:34:52 | DEBUG | babydoc.app | Retrieval score: 0.776 | top results: 5
2026-05-22 11:34:52 | INFO | babydoc.app | Mode: data | Score: 0.776 | Baby context: yes
2026-05-22 11:34:53 | INFO | babydoc.app | Response time: 907ms
2026-05-22 11:34:53 | ERROR | babydoc.app | DB log failed: column "created_at" of relation "chat_logs" does not exist
LINE 8:                 created_at
                        ^

2026-05-22 11:35:38 | INFO | babydoc.app | Baby context loaded for user mohd@gmail.com — name=Sher, age=1 years 0 months 14 days, gender=MALE
2026-05-22 11:35:38 | INFO | babydoc.app | Incoming query: 'my babyka weight perfect he age ke hisab se'
2026-05-22 11:35:38 | DEBUG | babydoc.app | Retrieval score: 0.674 | top results: 5
2026-05-22 11:35:38 | INFO | babydoc.app | Mode: weak | Score: 0.674 | Baby context: yes
2026-05-22 11:35:39 | INFO | babydoc.app | Response time: 777ms
2026-05-22 11:35:39 | ERROR | babydoc.app | DB log failed: column "created_at" of relation "chat_logs" does not exist
LINE 8:                 created_at
                        ^

2026-05-22 11:36:06 | INFO | babydoc.app | Baby context loaded for user mohd@gmail.com — name=Sher, age=1 years 0 months 14 days, gender=MALE
2026-05-22 11:36:06 | INFO | babydoc.app | Incoming query: 'my babyka weight perfect he age ke hisab se , kitna weighth euska'
2026-05-22 11:36:06 | DEBUG | babydoc.app | Retrieval score: 0.709 | top results: 5
2026-05-22 11:36:06 | INFO | babydoc.app | Mode: data | Score: 0.709 | Baby context: yes
2026-05-22 11:36:06 | INFO | babydoc.app | Response time: 548ms
2026-05-22 11:36:06 | ERROR | babydoc.app | DB log failed: column "created_at" of relation "chat_logs" does not exist
LINE 8:                 created_at
                        ^

2026-05-22 11:36:54 | INFO | babydoc.app | Baby context loaded for user mohd@gmail.com — name=Sher, age=1 years 0 months 14 days, gender=MALE
2026-05-22 11:46:39 | INFO | babydoc.app | Incoming query: 'my baby have fever'
2026-05-22 11:46:39 | DEBUG | babydoc.app | Retrieval score: 0.774 | top results: 5
2026-05-22 11:46:39 | INFO | babydoc.app | Mode: data | Score: 0.774 | Baby context: no
2026-05-22 11:46:40 | INFO | babydoc.app | Response time: 827ms
2026-05-22 11:46:40 | ERROR | babydoc.app | DB log failed: column "created_at" of relation "chat_logs" does not exist
LINE 8:                 created_at
                        ^

2026-05-22 11:47:09 | INFO | babydoc.app | Incoming query: 'my baby ka weight perfect he uski age ke hisab se?'
2026-05-22 11:47:09 | DEBUG | babydoc.app | Retrieval score: 0.693 | top results: 5
2026-05-22 11:47:09 | INFO | babydoc.app | Mode: weak | Score: 0.693 | Baby context: no
2026-05-22 11:47:10 | INFO | babydoc.app | Response time: 843ms
2026-05-22 11:47:10 | ERROR | babydoc.app | DB log failed: column "created_at" of relation "chat_logs" does not exist
LINE 8:                 created_at
                        ^

2026-05-22 12:28:23 | INFO | babydoc.app | Momify API shutting down.
2026-05-22 12:30:08 | INFO | babydoc.app | Momify API starting up...
2026-05-22 12:30:13 | INFO | babydoc.app | Loaded 265 Q&A pairs from data\ALLQA_cleaned_v3.json
2026-05-22 12:30:13 | INFO | babydoc.app | Momify API shutting down.
2026-05-22 12:31:06 | INFO | babydoc.app | Momify API starting up...
2026-05-22 12:31:11 | INFO | babydoc.app | Loaded 265 Q&A pairs from data\ALLQA_cleaned_v3.json
2026-05-22 12:33:17 | INFO | babydoc.app | Incoming query: 'HI '
2026-05-22 12:33:18 | DEBUG | babydoc.app | Retrieval score: 0.581 | top results: 5
2026-05-22 12:33:18 | INFO | babydoc.app | Mode: weak | Score: 0.581 | Baby context: no
2026-05-22 12:33:19 | INFO | babydoc.app | Response time: 1868ms
2026-05-22 12:33:19 | ERROR | babydoc.app | DB log failed: column "created_at" of relation "chat_logs" does not exist
LINE 8:                 created_at
                        ^

2026-05-22 12:33:34 | INFO | babydoc.app | Incoming query: '\\baby ke age kitni he'
2026-05-22 12:33:35 | DEBUG | babydoc.app | Retrieval score: 0.892 | top results: 5
2026-05-22 12:33:35 | INFO | babydoc.app | Mode: data | Score: 0.892 | Baby context: no
2026-05-22 12:33:36 | INFO | babydoc.app | Response time: 2200ms
2026-05-22 12:33:36 | ERROR | babydoc.app | DB log failed: column "created_at" of relation "chat_logs" does not exist
LINE 8:                 created_at
                        ^

2026-05-22 12:35:40 | INFO | babydoc.app | Incoming query: 'how long breast milk can be stored'
2026-05-22 12:35:40 | DEBUG | babydoc.app | Retrieval score: 0.967 | top results: 5
2026-05-22 12:35:40 | INFO | babydoc.app | Mode: data | Score: 0.967 | Baby context: no
2026-05-22 12:35:41 | INFO | babydoc.app | Response time: 911ms
2026-05-22 12:35:41 | ERROR | babydoc.app | DB log failed: column "created_at" of relation "chat_logs" does not exist
LINE 8:                 created_at
                        ^

2026-05-22 12:35:44 | INFO | babydoc.app | Incoming query: 'my milk supply is low how to increase'
2026-05-22 12:35:45 | DEBUG | babydoc.app | Retrieval score: 0.932 | top results: 5
2026-05-22 12:35:45 | INFO | babydoc.app | Mode: data | Score: 0.932 | Baby context: no
2026-05-22 12:35:46 | INFO | babydoc.app | Response time: 1430ms
2026-05-22 12:35:46 | ERROR | babydoc.app | DB log failed: column "created_at" of relation "chat_logs" does not exist
LINE 8:                 created_at
                        ^

2026-05-22 12:35:48 | INFO | babydoc.app | Incoming query: 'my baby is not latching what can I do'
2026-05-22 12:35:49 | DEBUG | babydoc.app | Retrieval score: 0.993 | top results: 5
2026-05-22 12:35:49 | INFO | babydoc.app | Mode: data | Score: 0.993 | Baby context: no
2026-05-22 12:35:50 | INFO | babydoc.app | Response time: 1834ms
2026-05-22 12:35:50 | ERROR | babydoc.app | DB log failed: column "created_at" of relation "chat_logs" does not exist
LINE 8:                 created_at
                        ^

2026-05-22 12:35:53 | INFO | babydoc.app | Incoming query: 'I have breastfeeding problem my nipples got cracked and it hurts'
2026-05-22 12:35:54 | DEBUG | babydoc.app | Retrieval score: 1.000 | top results: 5
2026-05-22 12:35:54 | INFO | babydoc.app | Mode: data | Score: 1.000 | Baby context: no
2026-05-22 12:35:55 | INFO | babydoc.app | Response time: 1271ms
2026-05-22 12:35:55 | ERROR | babydoc.app | DB log failed: column "created_at" of relation "chat_logs" does not exist
LINE 8:                 created_at
                        ^

2026-05-22 12:35:58 | INFO | babydoc.app | Incoming query: 'how to clear blocked milk ducts'
2026-05-22 12:35:58 | DEBUG | babydoc.app | Retrieval score: 0.999 | top results: 5
2026-05-22 12:35:58 | INFO | babydoc.app | Mode: data | Score: 0.999 | Baby context: no
2026-05-22 12:35:59 | INFO | babydoc.app | Response time: 1213ms
2026-05-22 12:35:59 | ERROR | babydoc.app | DB log failed: column "created_at" of relation "chat_logs" does not exist
LINE 8:                 created_at
                        ^

2026-05-22 12:36:02 | INFO | babydoc.app | Incoming query: 'baby has fever what to give'
2026-05-22 12:36:03 | DEBUG | babydoc.app | Retrieval score: 0.793 | top results: 5
2026-05-22 12:36:03 | INFO | babydoc.app | Mode: data | Score: 0.793 | Baby context: no
2026-05-22 12:36:03 | INFO | babydoc.app | Response time: 1506ms
2026-05-22 12:36:03 | ERROR | babydoc.app | DB log failed: column "created_at" of relation "chat_logs" does not exist
LINE 8:                 created_at
                        ^

2026-05-25 12:00:31 | INFO | babydoc.app | Momify API starting up...
2026-05-25 12:00:35 | INFO | babydoc.app | Loaded 265 Q&A pairs from data\ALLQA_cleaned_v3.json
2026-05-25 12:00:57 | INFO | babydoc.app | Incoming query: 'hi'
2026-05-25 12:00:58 | DEBUG | babydoc.app | Retrieval score: 0.385 | top results: 5
2026-05-25 12:00:58 | INFO | babydoc.app | Mode: fallback | Score: 0.385 | Baby context: no
2026-05-25 12:00:59 | INFO | babydoc.app | Response time: 1893ms
2026-05-25 12:00:59 | ERROR | babydoc.app | DB log failed: column "created_at" of relation "chat_logs" does not exist
LINE 8:                 created_at
                        ^

2026-05-25 15:54:28 | INFO | babydoc.app | Incoming query: "My 10 months old baby boy is not drinking water he hate it what can I do how I make him to drink water I added lemon also but he is continuously denying or crying alot whatever I can do\n I already did but everything got failed.  Is there any safe flavours which can I add into the water yesterday I gave him lil bit nimboo pani he he likes it. But inside nimboo pani there is sugar also that's why he likes it what\n can I do?]"
2026-05-25 15:54:30 | DEBUG | babydoc.app | Retrieval score: 0.921 | top results: 5
2026-05-25 15:54:30 | INFO | babydoc.app | Mode: data | Score: 0.921 | Baby context: no
2026-05-25 15:54:31 | INFO | babydoc.app | Response time: 2766ms
2026-05-25 15:54:31 | ERROR | babydoc.app | DB log failed: column "created_at" of relation "chat_logs" does not exist
LINE 8:                 created_at
                        ^

2026-05-25 15:58:37 | INFO | babydoc.app | Incoming query: 'Baby not drinking water what to do , age is 10 months old'
2026-05-25 15:58:38 | DEBUG | babydoc.app | Retrieval score: 0.518 | top results: 5
2026-05-25 15:58:38 | INFO | babydoc.app | Mode: weak | Score: 0.518 | Baby context: no
2026-05-25 15:58:38 | INFO | babydoc.app | Response time: 1663ms
2026-05-25 15:58:39 | ERROR | babydoc.app | DB log failed: column "created_at" of relation "chat_logs" does not exist
LINE 8:                 created_at
                        ^

2026-05-25 16:01:27 | INFO | babydoc.app | Momify API shutting down.
2026-05-25 16:02:30 | INFO | babydoc.app | Momify API starting up...
2026-05-25 16:02:34 | INFO | babydoc.app | Loaded 265 Q&A pairs from data\ALLQA_cleaned_v3.json
2026-05-25 16:23:20 | INFO | babydoc.app | Momify API shutting down.
2026-05-25 16:23:49 | INFO | babydoc.app | Momify API starting up...
2026-05-25 16:23:53 | INFO | babydoc.app | Loaded 265 Q&A pairs from data\ALLQA_cleaned_v3.json
2026-06-10 14:49:42 | INFO | babydoc.app | Momify API starting up...
2026-06-10 14:51:34 | INFO | babydoc.app | Momify API starting up...
2026-06-10 14:51:38 | INFO | babydoc.app | Loaded 265 Q&A pairs from data\ALLQA_cleaned_v3.json
2026-06-10 14:59:35 | INFO | babydoc.app | Momify API shutting down.
2026-06-10 15:02:02 | INFO | babydoc.app | Momify API starting up...
2026-06-10 15:02:07 | INFO | babydoc.app | Loaded 265 Q&A pairs from data\ALLQA_cleaned_v3.json
2026-06-10 15:02:49 | INFO | babydoc.app | Momify API shutting down.
2026-06-10 15:03:15 | INFO | babydoc.app | Momify API starting up...
2026-06-10 15:03:19 | INFO | babydoc.app | Loaded 265 Q&A pairs from data\ALLQA_cleaned_v3.json
2026-06-10 15:03:33 | INFO | babydoc.app | Incoming query: 'hi'
2026-06-10 15:03:33 | DEBUG | babydoc.app | Retrieval score: 0.385 | top results: 5
2026-06-10 15:03:33 | INFO | babydoc.app | Mode: fallback | Score: 0.385 | Baby context: no
2026-06-10 15:03:34 | INFO | babydoc.app | Response time: 1330ms
2026-06-10 15:03:34 | ERROR | babydoc.app | DB log failed: connection to server at "72.61.173.6", port 5432 failed: FATAL:  password authentication failed for user "postgres"

2026-06-10 15:04:23 | INFO | babydoc.app | Momify API shutting down.
2026-06-10 15:04:44 | INFO | babydoc.app | Momify API starting up...
2026-06-10 15:04:47 | INFO | babydoc.app | Loaded 265 Q&A pairs from data\ALLQA_cleaned_v3.json
2026-06-10 15:04:47 | INFO | babydoc.app | Momify API shutting down.
